model,id,text,language,source,true_intent,pred_intent,true_urgency,pred_urgency,true_escalation,pred_escalation,escalation_probability,error_types,n_tokens,n_chars
lstm,banking77-en-Latn-0004-q0,My address needs to be revised.,en-Latn,banking77_english,edit_personal_details,lost_or_stolen_phone,,,,,,intent,9,31
lstm,banking77mt-te-Telu-0109-q0,మీరు నా అప్లికేషన్ రద్దు చేయబడింది ఉంటే నాకు చెప్పగలరా?,te-Telu,banking77_nllb200_translation,top_up_reverted,top_up_failed,,,,,,intent,17,55
lstm,banking77mt-hi-Deva-0149-q0,मैं इस कार्ड से किन दुकानों में खरीदारी कर सकता हूँ?,hi-Deva,banking77_nllb200_translation,card_acceptance,country_support,,,,,,intent,14,52
lstm,banking77mt-te-Telu-0177-q0,కార్డు వాపసు నా ప్రకటనలో కనిపించడం లేదు.,te-Telu,banking77_nllb200_translation,Refund_not_showing_up,compromised_card,,,,,,intent,15,40
lstm,banking77mt-te-Telu-0327-q0,నా కార్డ్ నా కార్డ్ ను ఉపయోగించి ఉండాలి ఎందుకంటే నేను చేయని కొన్ని లావాదేవీలు ఉన్నాయి.,te-Telu,banking77_nllb200_translation,compromised_card,pin_blocked,,,,,,intent,22,86
lstm,banking77mt-hi-Deva-0359-q0,ऐसा लगता है कि मुझे अप-अप के लिए सीमाओं के बारे में जानकारी प्राप्त करने की आवश्यकता है।,hi-Deva,banking77_nllb200_translation,top_up_limits,verify_top_up,,,,,,intent,23,88
lstm,banking77mt-kn-Knda-0424-q0,ನಾನು ಯಾವ ಪಾವತಿಗಳನ್ನು ಮಾಡುವುದರಿಂದ ಹೆಚ್ಚುವರಿ ಶುಲ್ಕವಿರುತ್ತದೆ ಎಂದು ನನಗೆ ಹೇಗೆ ತಿಳಿಯುತ್ತದೆ? ನಾನು ಈ ಮಾಹಿತಿಯನ್ನು ಆನ್ಲೈನ್ನಲ್ಲಿ ಎಲ್ಲಿ ಕಂಡುಹಿಡಿಯಬಹುದು?,kn-Knda,banking77_nllb200_translation,card_payment_fee_charged,top_up_by_card_charge,,,,,,intent,25,139
lstm,banking77mt-ml-Mlym-0513-q0,ആളുകൾ എന്റെ ഡെബിറ്റ് കാർഡ് ഉപയോഗിക്കുന്നു - സഹായിക്കൂ!,ml-Mlym,banking77_nllb200_translation,direct_debit_payment_not_recognised,transaction_charged_twice,,,,,,intent,12,54
lstm,banking77mt-ta-Taml-0515-q0,நான் ஒரு புதிய அட்டை எவ்வளவு கடன்பட்டிருக்கிறேன்?,ta-Taml,banking77_nllb200_translation,order_physical_card,getting_spare_card,,,,,,intent,12,49
lstm,banking77mt-hi-Deva-0565-q0,मेरे कार्ड की अपेक्षित वितरण तिथि क्या है?,hi-Deva,banking77_nllb200_translation,card_arrival,card_acceptance,,,,,,intent,11,42
lstm,banking77mt-te-Telu-0667-q0,నా గుర్తింపును ఎలా ధృవీకరించాలో తెలుసుకోవడానికి నేను ఎక్కడికి వెళ్ళగలను?,te-Telu,banking77_nllb200_translation,verify_my_identity,unable_to_verify_identity,,,,,,intent,22,72
lstm,banking77mt-ml-Mlym-0761-q0,"എനിക്ക് മറ്റൊരു ബാങ്ക് അക്കൌണ്ടില് നിന്നും ഈ അക്കൌണ്ടിലേക്ക് ട്രാൻസ്ഫര് ചെയ്യണം, ഏറ്റവും എളുപ്പവഴി എന്താണ്, എനിക്ക് എന്ത് വിവരങ്ങളാണ് വേണ്ടത്?",ml-Mlym,banking77_nllb200_translation,transfer_into_account,top_up_by_bank_transfer_charge,,,,,,intent,34,142
lstm,banking77mt-ml-Mlym-0857-q0,ഞാന് ഒരു ട്രാൻസ്ഫര് ചെയ്യാന് ആഗ്രഹിക്കുന്നു. അതിന് എത്ര ചിലവാകും?,ml-Mlym,banking77_nllb200_translation,top_up_by_bank_transfer_charge,transfer_fee_charged,,,,,,intent,16,65
lstm,banking77mt-hi-Deva-1116-q0,"मेरे नए कार्ड के साथ, मैं इसे कैसे सक्रिय कर सकता हूँ?",hi-Deva,banking77_nllb200_translation,activate_my_card,card_about_to_expire,,,,,,intent,16,54
lstm,banking77mt-ta-Taml-1129-q0,"அட்டையை செயல்படுத்த எவ்வளவு நேரம் எடுக்கும், ஏனெனில் அது வேலை செய்யவில்லை என்று தோன்றுகிறது?",ta-Taml,banking77_nllb200_translation,activate_my_card,card_arrival,,,,,,intent,16,92
lstm,banking77mt-ml-Mlym-1285-q0,എന്റെ കാർഡ് വീണ്ടും മെയിലിൽ വന്നില്ല. ഉപദേശം തരാമോ?,ml-Mlym,banking77_nllb200_translation,card_delivery_estimate,card_arrival,,,,,,intent,16,51
lstm,banking77mt-kn-Knda-1296-q0,"ನನ್ನ ಕಾರ್ಡ್ ಪಾವತಿ ಕೇವಲ ಬಾಕಿ ಎಂದು ತೋರಿಸುತ್ತದೆ ಮತ್ತು ಇದು ಸ್ವಲ್ಪ ಸಮಯವಾಗಿದೆ , ಅದರೊಂದಿಗೆ ಏನು ನಡೆಯುತ್ತಿದೆ, ಇದು ಕೆಲವು ಹಂತದಲ್ಲಿ ಮೂಲಕ ಹೋಗಬೇಕು?",kn-Knda,banking77_nllb200_translation,pending_card_payment,declined_card_payment,,,,,,intent,26,133
lstm,banking77mt-ml-Mlym-1320-q0,"ഞാൻ മദ്യപിച്ചുകൊണ്ടിരിക്കെ എന്റെ കാർഡ് ഉപയോഗിക്കാൻ ശ്രമിച്ചു, എന്റെ പിൻ എൻട്രി പരാജയപ്പെട്ടു, മെഷീന് എന്റെ കാർഡ് സൂക്ഷിച്ചു. എത്ര പെട്ടെന്ന് എനിക്ക് അത് തിരികെ കിട്ടും?",ml-Mlym,banking77_nllb200_translation,pin_blocked,card_swallowed,,,,,,intent,35,168
lstm,banking77mt-ta-Taml-1407-q0,ஏதேனும் கூடுதல் வரம்புகள் உள்ளதா என்று சொல்லுங்கள்?,ta-Taml,banking77_nllb200_translation,top_up_limits,supported_cards_and_currencies,,,,,,intent,10,51
lstm,banking77-en-Latn-1455-q0,What do you charge for physical cards?,en-Latn,banking77_english,order_physical_card,getting_spare_card,,,,,,intent,10,38
lstm,banking77mt-ta-Taml-1551-q0,எனது ஃபியட் நாணயம் வைத்திருத்தல் மற்றும் பரிமாற்றம் ஆகிய இரண்டிற்கும் ஆதரிக்கப்படுகிறதா?,ta-Taml,banking77_nllb200_translation,fiat_currency_support,apple_pay_or_google_pay,,,,,,intent,18,88
lstm,banking77mt-te-Telu-1699-q0,ప్రతి వ్యాపార స్థలం ఈ కార్డును అంగీకరిస్తుందా?,te-Telu,banking77_nllb200_translation,card_acceptance,getting_spare_card,,,,,,intent,16,46
lstm,banking77mt-ta-Taml-1873-q0,ஒரு கார்டு வேலை செய்வதை நிறுத்த முடியுமா?,ta-Taml,banking77_nllb200_translation,card_not_working,card_acceptance,,,,,,intent,9,41
lstm,banking77mt-hi-Deva-1961-q0,"मैं एक डिस्पोजेबल वर्चुअल कार्ड चाहता हूँ, क्या मुझे एक मिल सकता है?",hi-Deva,banking77_nllb200_translation,get_disposable_virtual_card,disposable_card_limits,,,,,,intent,21,68
lstm,banking77mt-hi-Deva-2015-q0,मैं अपने खाते में धनराशि जोड़ने के लिए अपने अमेरिकन एक्सप्रेस का उपयोग कैसे कर सकता हूँ?,hi-Deva,banking77_nllb200_translation,supported_cards_and_currencies,age_limit,,,,,,intent,20,88
lstm,banking77mt-ml-Mlym-2053-q0,ഏത് രാജ്യത്തിന്റെ കറൻസിയാണ് നിങ്ങള് പിന്തുണയ്ക്കുന്നത്?,ml-Mlym,banking77_nllb200_translation,fiat_currency_support,supported_cards_and_currencies,,,,,,intent,11,55
lstm,banking77mt-te-Telu-2109-q0,ఎందుకు నా ఖాతాకు బదిలీ ప్రక్రియ లేదు,te-Telu,banking77_nllb200_translation,beneficiary_not_allowed,balance_not_updated_after_bank_transfer,,,,,,intent,10,36
lstm,banking77-en-Latn-2210-q0,"Your system is broken. My transfers keep failing, 5 times now.",en-Latn,banking77_english,failed_transfer,contactless_not_working,,,,,,intent,16,62
lstm,banking77mt-kn-Knda-2258-q0,ನನ್ನ ಕಾರ್ಡ್ ಪಾವತಿಯು ಹಿಂತಿರುಗಿದೆ ಎಂದು ನಾನು ನಂಬುತ್ತೇನೆ,kn-Knda,banking77_nllb200_translation,reverted_card_payment?,pending_card_payment,,,,,,intent,13,52
lstm,banking77mt-kn-Knda-2340-q0,ನಾನು ಮಾಡಿದ ಪಾವತಿಯನ್ನು ಏಕೆ ಹಿಂತೆಗೆದುಕೊಳ್ಳಲಾಯಿತು?,kn-Knda,banking77_nllb200_translation,reverted_card_payment?,card_payment_not_recognised,,,,,,intent,12,47
lstm,banking77mt-bn-Beng-2417-q0,আমি যে ১ পাউন্ডের চার্জ দেখছি সেটা কি ভুল নাকি ভুল লেখা?,bn-Beng,banking77_nllb200_translation,extra_charge_on_statement,transaction_charged_twice,,,,,,intent,16,56
lstm,banking77mt-bn-Beng-2421-q0,আমি কার্ড পেমেন্ট চিনতে পারছি না,bn-Beng,banking77_nllb200_translation,card_payment_not_recognised,declined_card_payment,,,,,,intent,8,32
lstm,banking77mt-kn-Knda-2499-q0,ನಾನು ಸಂಪರ್ಕವಿಲ್ಲದ ಪಾವತಿಗಳನ್ನು ಮಾಡಬಹುದೇ?,kn-Knda,banking77_nllb200_translation,contactless_not_working,order_physical_card,,,,,,intent,13,39
lstm,banking77mt-hi-Deva-2572-q0,"मैं पैसे क्यों नहीं निकाल पा रहा हूँ, जबकि अतीत में मैंने इसे ठीक-ठाक किया है?",hi-Deva,banking77_nllb200_translation,declined_cash_withdrawal,top_up_by_cash_or_cheque,,,,,,intent,23,78
lstm,banking77mt-ta-Taml-2576-q0,எவ்வளவு நேரம் என் புதுப்பிப்பு நிலுவையில் இருக்கும்?,ta-Taml,banking77_nllb200_translation,pending_top_up,verify_source_of_funds,,,,,,intent,11,52
lstm,banking77mt-ml-Mlym-2665-q0,എന് റെ എടിഎം ഡെപ്പോസിറ്റ് എങ്ങനെ ലഭ്യമായില്ല?,ml-Mlym,banking77_nllb200_translation,pending_cash_withdrawal,top_up_by_cash_or_cheque,,,,,,intent,14,45
lstm,banking77mt-ta-Taml-2732-q0,நான் ஒரு புதிய PIN எண் வேண்டும்.,ta-Taml,banking77_nllb200_translation,pin_blocked,change_pin,,,,,,intent,9,32
lstm,banking77mt-bn-Beng-2735-q0,আমার কার্ডে কোন চার্জ আছে তা আমি চিনতে পারছি না,bn-Beng,banking77_nllb200_translation,card_payment_not_recognised,transaction_charged_twice,,,,,,intent,13,47
lstm,banking77mt-ta-Taml-2746-q0,நீங்கள் வேலை செய்யாத ஏதேனும் ஃபியட் நாணயங்கள் உள்ளனவா?,ta-Taml,banking77_nllb200_translation,fiat_currency_support,visa_or_mastercard,,,,,,intent,11,54
lstm,banking77mt-ta-Taml-2833-q0,எனது கணக்கிலிருந்து பணம் செலுத்திய ஒரு வியாபாரி பெயர் எனக்குத் தெரியாது. நான் இந்த கட்டணத்தை செய்ததாக நான் நினைக்கவில்லை.,ta-Taml,banking77_nllb200_translation,card_payment_not_recognised,cancel_transfer,,,,,,intent,26,121
lstm,banking77mt-bn-Beng-2884-q0,আমার নগদ টাকা তুলতে হবে।,bn-Beng,banking77_nllb200_translation,pending_cash_withdrawal,declined_cash_withdrawal,,,,,,intent,8,24
lstm,banking77mt-bn-Beng-3161-q0,আমি ভেবেছিলাম এই মুহূর্তে আমি আমার নতুন কার্ড পাবো।,bn-Beng,banking77_nllb200_translation,card_arrival,lost_or_stolen_card,,,,,,intent,14,51
lstm,banking77mt-bn-Beng-3225-q0,আমার অ্যাকাউন্টে অতিরিক্ত টাকা জমা দেওয়ার জন্য কি আমি ব্যাংক ট্রান্সফার করতে পারি কারণ আমার টাকা শেষ হয়ে গেছে?,bn-Beng,banking77_nllb200_translation,transfer_into_account,beneficiary_not_allowed,,,,,,intent,23,112
lstm,banking77mt-hi-Deva-3264-q0,"मैं यूरोप से पैसे स्थानांतरित कर रहा हूँ, यह कितना समय लगेगा?",hi-Deva,banking77_nllb200_translation,transfer_timing,beneficiary_not_allowed,,,,,,intent,16,61
lstm,banking77mt-ta-Taml-3283-q0,நான் ஒரு இடமாற்றம் செய்தேன் ஆனால் அது இன்னும் நிலுவையில் உள்ளது,ta-Taml,banking77_nllb200_translation,pending_transfer,pending_card_payment,,,,,,intent,11,63
lstm,banking77-en-Latn-3288-q0,A transfer to my account shows as still pending and I wanted to know how long it is suppose to take to clear.,en-Latn,banking77_english,pending_transfer,pending_card_payment,,,,,,intent,26,109
lstm,banking77mt-ml-Mlym-3472-q0,ഒരു ടോപ്പ് അപ്പ് അംഗീകരിക്കാൻ എത്ര സമയമെടുക്കും?,ml-Mlym,banking77_nllb200_translation,pending_top_up,top_up_failed,,,,,,intent,12,48
lstm,banking77-en-Latn-3499-q0,When are you going to transfer the money?,en-Latn,banking77_english,transfer_not_received_by_recipient,transfer_timing,,,,,,intent,11,41
lstm,banking77mt-ml-Mlym-3580-q0,എനിക്ക് ഒരു കാർഡ് ആവശ്യപ്പെടാമോ?,ml-Mlym,banking77_nllb200_translation,order_physical_card,card_acceptance,,,,,,intent,11,32
lstm,banking77mt-ta-Taml-3584-q0,நான் என் கார்டை ரத்து செய்ய வேண்டும். நான் செய்யாத இரண்டு நாட்களுக்கு முன்பு இருந்து சில கட்டணங்கள் உள்ளன. நான் இந்த கட்டணங்கள் கடன் பெற முடியுமா?,ta-Taml,banking77_nllb200_translation,card_payment_not_recognised,transaction_charged_twice,,,,,,intent,29,146
lstm,banking77mt-ml-Mlym-3655-q0,എനിക്ക് പണമായി ഡെപ്പോസിറ്റ് ചെയ്യണം.,ml-Mlym,banking77_nllb200_translation,top_up_by_cash_or_cheque,balance_not_updated_after_cheque_or_cash_deposit,,,,,,intent,10,36
lstm,banking77-en-Latn-3725-q0,I can't see a verification code anywhere,en-Latn,banking77_english,verify_top_up,country_support,,,,,,intent,11,40
lstm,banking77mt-ta-Taml-3752-q0,நான் என் பணத்தை அணுக முடியாது. அது டாப்-அப் ஏதாவது தவறு ஏனெனில்? நான் அதை சரியாக அமைக்க.,ta-Taml,banking77_nllb200_translation,top_up_failed,top_up_reverted,,,,,,intent,21,88
lstm,banking77mt-bn-Beng-3877-q0,টাকা স্থানান্তরের জন্য কেন আমার কাছ থেকে চার্জ নেওয়া হচ্ছে?,bn-Beng,banking77_nllb200_translation,transfer_fee_charged,extra_charge_on_statement,,,,,,intent,13,60
lstm,banking77-en-Latn-3939-q0,"Someone attacked me yesterday and took my things, so I am unable to use the app. I am in need of some help.",en-Latn,banking77_english,lost_or_stolen_phone,why_verify_identity,,,,,,intent,28,107
lstm,banking77mt-bn-Beng-3945-q0,কেন আমার বন্ধুর সাথে করা লেনদেন এখনো আসেনি?,bn-Beng,banking77_nllb200_translation,transfer_not_received_by_recipient,failed_transfer,,,,,,intent,11,43
lstm,banking77mt-hi-Deva-4020-q0,मेरे निकासी के लिए विनिमय दर सही नहीं है और वास्तविक विनिमय दर से मेल नहीं खाती है।,hi-Deva,banking77_nllb200_translation,wrong_exchange_rate_for_cash_withdrawal,card_payment_wrong_exchange_rate,,,,,,intent,21,83
lstm,banking77-en-Latn-4046-q0,Would it be possible to activate my card?,en-Latn,banking77_english,activate_my_card,card_acceptance,,,,,,intent,11,41
lstm,banking77mt-ta-Taml-4074-q0,"வணக்கம், நான் சமீபத்தில் ஒரு பொருளை ஆர்டர் செய்தேன், முடிந்தவரை விரைவில் ரத்துசெய்து பணத்தைத் திரும்பப் பெறுவதில் எனக்கு உதவி தேவை. எனது பணத்தைத் திரும்பப் பெறுவது மிகவும் முக்கியம்.",ta-Taml,banking77_nllb200_translation,request_refund,direct_debit_payment_not_recognised,,,,,,intent,33,182
lstm,banking77mt-hi-Deva-4110-q0,मेरा वेतन GBP के रूप में प्राप्त होता है. क्या मुझे इसे कॉन्फ़िगर करने के लिए कुछ विशेष करने की आवश्यकता है?,hi-Deva,banking77_nllb200_translation,receiving_money,exchange_charge,,,,,,intent,30,108
lstm,banking77-en-Latn-4146-q0,For some reason my contactless won't work for me.,en-Latn,banking77_english,contactless_not_working,compromised_card,,,,,,intent,15,49
lstm,banking77-en-Latn-4154-q0,"I have the funds, why can I not use my top-up?",en-Latn,banking77_english,top_up_failed,pending_top_up,,,,,,intent,17,46
lstm,banking77-en-Latn-4180-q0,"I need a new card, my current card is nearly expired.",en-Latn,banking77_english,card_about_to_expire,lost_or_stolen_card,,,,,,intent,15,53
lstm,banking77mt-bn-Beng-4187-q0,"ছুটির দিনগুলোতে আমি তোমার ATM থেকে টাকা তুললাম, আর আমাকে পাগলের মত চার্জ করা হল।",bn-Beng,banking77_nllb200_translation,wrong_exchange_rate_for_cash_withdrawal,cash_withdrawal_charge,,,,,,intent,23,80
lstm,banking77mt-te-Telu-4354-q0,మీరు నా టాప్ అప్ తిరగండి?,te-Telu,banking77_nllb200_translation,top_up_reverted,verify_top_up,,,,,,intent,11,25
lstm,banking77-en-Latn-4398-q0,the transfer went through but now it has been pending for quite a while. i need this to go through already,en-Latn,banking77_english,pending_transfer,failed_transfer,,,,,,intent,24,106
lstm,banking77mt-kn-Knda-4400-q0,ಒಂದು ಖರೀದಿಗಾಗಿ ಅನೇಕ ವಹಿವಾಟುಗಳನ್ನು ಏಕೆ ತೋರಿಸಲಾಗಿದೆ?,kn-Knda,banking77_nllb200_translation,transaction_charged_twice,pending_card_payment,,,,,,intent,11,50
lstm,banking77mt-te-Telu-4451-q0,అమెరికా నుండి వచ్చిన కార్డులు ఆమోదయోగ్యంగా ఉన్నాయా?,te-Telu,banking77_nllb200_translation,supported_cards_and_currencies,getting_spare_card,,,,,,intent,16,51
lstm,banking77-en-Latn-4454-q0,Balance is not up to date.,en-Latn,banking77_english,balance_not_updated_after_bank_transfer,terminate_account,,,,,,intent,9,26
lstm,banking77mt-ta-Taml-4691-q0,"நான் இழந்தது என்று நினைத்த கார்டு என் ஜாக்கெட்டில் இருந்தது, அதனால் நான் அதை மீண்டும் செயல்படுத்த முடியும் நான் இன்று காலை அதை கண்டறிந்தது என்பதால்?",ta-Taml,banking77_nllb200_translation,card_linking,compromised_card,,,,,,intent,27,148
lstm,banking77mt-hi-Deva-4696-q0,विनिमय दर के कारण मेरे पास कम नकदी है।,hi-Deva,banking77_nllb200_translation,wrong_exchange_rate_for_cash_withdrawal,card_payment_wrong_exchange_rate,,,,,,intent,12,38
lstm,banking77mt-ta-Taml-4754-q0,எனது பரிமாற்றம் சாத்தியமில்லை என்று ஒரு பிழை செய்தி கிடைத்தது? ஏன் என்று? நான் முன்பு பணம் பரிமாற்றம் மற்றும் அது எந்த பிரச்சனையும் இல்லாமல் வேலை,ta-Taml,banking77_nllb200_translation,beneficiary_not_allowed,exchange_charge,,,,,,intent,27,145
lstm,banking77-en-Latn-4759-q0,"I have arranged a transfer, but no longer need to send it. How do I stop the transfer?",en-Latn,banking77_english,cancel_transfer,transfer_into_account,,,,,,intent,23,86
lstm,banking77-en-Latn-4765-q0,I'm confused. My contactless is suddenly not working anywhere that I try to use it. How do I fix it?,en-Latn,banking77_english,contactless_not_working,terminate_account,,,,,,intent,28,100
lstm,banking77mt-ml-Mlym-5125-q0,"ഞാനെങ്ങനെ എന്റെ പേര് മാറ്റും, കാരണം ഞാനിപ്പോൾ വിവാഹിതയാണ്?",ml-Mlym,banking77_nllb200_translation,edit_personal_details,apple_pay_or_google_pay,,,,,,intent,18,58
lstm,banking77mt-ta-Taml-5179-q0,மெய்நிகர் அட்டையை டெபாசிட் செய்வதற்கான நடைமுறை என்ன?,ta-Taml,banking77_nllb200_translation,get_disposable_virtual_card,disposable_card_limits,,,,,,intent,12,52
lstm,banking77mt-bn-Beng-5257-q0,আমাকে রিপল-আপের সীমা সম্পর্কে বলুন।,bn-Beng,banking77_nllb200_translation,top_up_limits,verify_top_up,,,,,,intent,12,35
lstm,banking77mt-kn-Knda-5261-q0,"ಹಲೋ ನಾನು ಅಪ್ಲಿಕೇಶನ್ ಮೂಲಕ ಕ್ರಿಪ್ಟೋ ಕರೆನ್ಸಿಯನ್ನು ವಿನಿಮಯ ಮಾಡಲು ಸಾಧ್ಯವಾಗುತ್ತಿಲ್ಲ, ನಾನು ಖರೀದಿಸಲು ತುಂಬಾ ಉತ್ಸುಕನಾಗಿದ್ದೇನೆ. ದಯವಿಟ್ಟು ನನಗೆ ಸಮಸ್ಯೆಯನ್ನು ತಿಳಿಸಿ. ಕ್ರಿಪ್ಟೋ ಕರೆನ್ಸಿಯನ್ನು ಖರೀದಿಸಲು ಆಸಕ್ತಿ ಇದೆ ಆದರೆ ನಾನು ಅಪ್ಲಿಕೇಶನ್ ಮೂಲಕ ಅದನ್ನು ಖರೀದಿಸಲು ಸಾಧ್ಯವಾಗುತ್ತಿಲ್ಲ, ನಾನು ವಿನಿಮಯವನ್ನು ಮಾಡಲು ಬಯಸುತ್ತೇನೆ, ದಯವಿಟ್ಟು ಸಮಸ್ಯೆ ಏನು ಎಂದು ನನಗೆ ತಿಳಿಸಬಹುದೇ?",kn-Knda,banking77_nllb200_translation,beneficiary_not_allowed,exchange_charge,,,,,,intent,80,328
lstm,banking77mt-te-Telu-5279-q0,ఎందుకు నాకు తెలియదు కానీ నా బదిలీలు తగ్గుతూనే ఉన్నాయి నేను ఇప్పటికే అనేక సార్లు అన్ని గ్రహీత వివరాలను రెట్టింపు తనిఖీ చేసాను మరియు అవి ఖచ్చితంగా సరైనవి.,te-Telu,banking77_nllb200_translation,declined_transfer,transfer_not_received_by_recipient,,,,,,intent,33,152
lstm,banking77mt-hi-Deva-5343-q0,क्या मुझे अपना कार्ड बदलने की ज़रूरत है अगर उसने काम नहीं किया जब मैंने आज दुकान में संपर्क रहित भुगतान करने की कोशिश की?,hi-Deva,banking77_nllb200_translation,contactless_not_working,card_payment_not_recognised,,,,,,intent,28,121
lstm,banking77mt-te-Telu-5435-q0,నేను చేయడానికి ప్రయత్నించిన ట్రాన్స్జెండర్ విఫలమైంది.,te-Telu,banking77_nllb200_translation,failed_transfer,declined_card_payment,,,,,,intent,17,53
lstm,banking77mt-ta-Taml-5470-q0,நான் வைத்திருக்கும் கணக்கில் ஏன் கூடுதல் 1$ வசூலிக்கப்பட்டது என்று சொல்ல முடியுமா?,ta-Taml,banking77_nllb200_translation,extra_charge_on_statement,cash_withdrawal_charge,,,,,,intent,17,82
lstm,banking77mt-hi-Deva-5477-q0,मुझे नकदी क्यों नहीं मिली?,hi-Deva,banking77_nllb200_translation,declined_cash_withdrawal,wrong_amount_of_cash_received,,,,,,intent,8,26
lstm,banking77-en-Latn-5567-q0,Can I link your physical card,en-Latn,banking77_english,card_linking,order_physical_card,,,,,,intent,8,29
lstm,banking77mt-te-Telu-5679-q0,నా కొత్త కార్డు రాలేదు.,te-Telu,banking77_nllb200_translation,card_arrival,lost_or_stolen_card,,,,,,intent,7,23
lstm,banking77mt-kn-Knda-5862-q0,ಪುನಃ ತುಂಬುವಿಕೆಯು ಬಾಕಿಯಿದೆ.,kn-Knda,banking77_nllb200_translation,pending_top_up,pending_card_payment,,,,,,intent,8,26
lstm,banking77mt-ta-Taml-5895-q0,"நான் ஒரு இடமாற்றத்தை செய்தால், அதற்கான விகிதம் என்ன?",ta-Taml,banking77_nllb200_translation,top_up_by_bank_transfer_charge,failed_transfer,,,,,,intent,13,52
lstm,banking77mt-bn-Beng-5931-q0,আমি যদি যুক্তরাজ্যে না থাকি তাহলে কি কার্ড পাওয়া সম্ভব?,bn-Beng,banking77_nllb200_translation,country_support,visa_or_mastercard,,,,,,intent,13,56
lstm,banking77-en-Latn-6222-q0,How can I trade currencies with this app?,en-Latn,banking77_english,exchange_via_app,apple_pay_or_google_pay,,,,,,intent,11,41
lstm,banking77mt-ta-Taml-6243-q0,நான் என் அறிக்கை இந்த கட்டணம் உடன்படவில்லை.,ta-Taml,banking77_nllb200_translation,extra_charge_on_statement,contactless_not_working,,,,,,intent,10,43
lstm,banking77mt-ml-Mlym-6252-q0,എനിക്ക് എത്ര തുക തിരികെ കിട്ടും?,ml-Mlym,banking77_nllb200_translation,top_up_limits,card_delivery_estimate,,,,,,intent,8,32
lstm,banking77mt-hi-Deva-6276-q0,मैं वीज़ा कार्ड के लिए आवेदन करना चाहता हूँ।,hi-Deva,banking77_nllb200_translation,visa_or_mastercard,order_physical_card,,,,,,intent,12,44
lstm,banking77mt-ml-Mlym-6333-q0,എന്റെ എല്ലാ ട്രാൻസ്ഫറുകളും പരാജയപ്പെട്ടുകൊണ്ടിരിക്കുകയാണ്. ഓരോ സ്വീകർത്താവിന്റെയും വിശദാംശങ്ങൾ ഞാൻ വീണ്ടും വീണ്ടും പരിശോധിച്ചു. എല്ലാം ശരിയാണ്.,ml-Mlym,banking77_nllb200_translation,declined_transfer,transfer_not_received_by_recipient,,,,,,intent,34,143
lstm,banking77mt-ta-Taml-6339-q0,என் பண வைப்பு எங்கே?,ta-Taml,banking77_nllb200_translation,balance_not_updated_after_cheque_or_cash_deposit,age_limit,,,,,,intent,7,20
lstm,banking77mt-ta-Taml-6369-q0,"வணக்கம், வங்கி ஏடிஎம் இயந்திரத்தில் எனது சமீபத்திய திரும்பப் பெறுதலில் ஒரு சிக்கலை நான் கவனித்தேன். நான் ஒரு பரிவர்த்தனையைச் செய்தேன், இயந்திரத்திலிருந்து எனது நிதியைப் பெற்றவுடன், எனது திரும்பப் பெறுதலில் கட்டணம் நிர்ணயிக்கப்பட்டது. இந்த வகையான பரிவர்த்தனைகள் இலவசமா?",ta-Taml,banking77_nllb200_translation,cash_withdrawal_charge,cash_withdrawal_not_recognised,,,,,,intent,54,268
lstm,banking77mt-bn-Beng-6386-q0,রিপল-আপ কাজ করছে না,bn-Beng,banking77_nllb200_translation,top_up_failed,verify_top_up,,,,,,intent,9,19
lstm,banking77mt-ta-Taml-6399-q0,தயவுசெய்து எனக்கு உதவி செய்யுங்கள். நான் ஒரு பிழையை தொடர்ந்து பெறுகிறேன் நான் வாங்கும் ஒரு அபார்ட்மெண்டிற்கான ஆரம்ப வீட்டுக் கடனை செலுத்த முயற்சிக்கிறேன். இங்கே என்ன ஒப்பந்தம்?,ta-Taml,banking77_nllb200_translation,failed_transfer,apple_pay_or_google_pay,,,,,,intent,37,176
lstm,banking77mt-kn-Knda-6627-q0,ನಾನು ಪೂರ್ಣಗೊಳಿಸಿದ ಸಂಪೂರ್ಣ ವರ್ಗಾವಣೆಯನ್ನು ಅವರು ಸ್ವೀಕರಿಸಲಿಲ್ಲ ಮತ್ತು ಅದು ನಾನು ಕಳುಹಿಸಿದ್ದಕ್ಕಿಂತ ಸ್ವಲ್ಪ ಕಡಿಮೆ ಎಂದು ಸ್ವೀಕರಿಸುವವರು ನನಗೆ ತಿಳಿಸಿದರು. ಈ ಹಂತದಲ್ಲಿ ನಾನು ಕಳೆದುಹೋದ ಮೊತ್ತವನ್ನು ಸರಿದೂಗಿಸಲು ಮತ್ತೊಂದು ವರ್ಗಾವಣೆಯನ್ನು ಮಾಡಬೇಕಾಗಿದೆ. ದಯವಿಟ್ಟು ಇಲ್ಲಿ ಏನು ನಡೆಯುತ್ತಿದೆ ಎಂಬುದನ್ನು ನೀವು ಅನುಸರಿಸಬಹುದೇ?,kn-Knda,banking77_nllb200_translation,transfer_fee_charged,failed_transfer,,,,,,intent,60,281
lstm,banking77mt-bn-Beng-6713-q0,দয়া করে ব্যাখ্যা করুন কেন আমি যে অর্থ যোগ করেছি তা আমার অ্যাকাউন্টে ফেরত দেওয়া হয়েছে।,bn-Beng,banking77_nllb200_translation,top_up_reverted,Refund_not_showing_up,,,,,,intent,20,88
lstm,banking77-en-Latn-6745-q0,I made the incorrect payment for my rent yesterday and this needs to be fixed by no later than tomorrow. How can you help?,en-Latn,banking77_english,cancel_transfer,request_refund,,,,,,intent,28,122
lstm,banking77mt-ml-Mlym-6763-q0,എനിക്ക് ഒരു പുതിയ പി. ഐ. എൻ തെരഞ്ഞെടുക്കണം.,ml-Mlym,banking77_nllb200_translation,change_pin,get_physical_card,,,,,,intent,16,43
lstm,banking77mt-ta-Taml-6792-q0,பணம் திருப்பிச் செலுத்தப்பட்டால் என்ன நடக்கும்?,ta-Taml,banking77_nllb200_translation,reverted_card_payment?,pending_card_payment,,,,,,intent,10,47
lstm,banking77mt-kn-Knda-6971-q0,ನನಗೆ 100 ಡಾಲರ್ ಬೇಕಿತ್ತು ಆದರೆ ಅದು ನನಗೆ ಕೇವಲ 20 ಡಾಲರ್ ನೀಡಿತು.,kn-Knda,banking77_nllb200_translation,wrong_amount_of_cash_received,card_arrival,,,,,,intent,16,59
lstm,banking77mt-hi-Deva-7008-q0,स्थानांतरण के लिए कितना समय लगेगा? मैं कुछ समय से इंतजार कर रहा हूँ।,hi-Deva,banking77_nllb200_translation,transfer_not_received_by_recipient,transfer_timing,,,,,,intent,18,68
lstm,banking77mt-kn-Knda-7152-q0,"ನನ್ನ ಕಾರ್ಡು ವರ್ಗಾವಣೆಯನ್ನು ಪೂರ್ಣಗೊಳಿಸಲಿಲ್ಲ, ಏಕೆ?",kn-Knda,banking77_nllb200_translation,failed_transfer,declined_transfer,,,,,,intent,14,47
lstm,banking77mt-ml-Mlym-7225-q0,നിങ്ങള് എന് റെ രാജ്യത്തെ അല്ലാതെ മറ്റേതെങ്കിലും രാജ്യത്തെ പിന്തുണയ്ക്കുന്നുണ്ടോ?,ml-Mlym,banking77_nllb200_translation,country_support,visa_or_mastercard,,,,,,intent,13,80
lstm,banking77mt-kn-Knda-7240-q0,ಯೂರೋಗೆ ವಿನಿಮಯ ಮಾಡಬಹುದೇ?,kn-Knda,banking77_nllb200_translation,fiat_currency_support,exchange_rate,,,,,,intent,12,23
lstm,banking77mt-bn-Beng-7262-q0,একই জিনিসের জন্য কেন আমাকে দুইবার ধর্ষণ করা হয়েছে?,bn-Beng,banking77_nllb200_translation,transaction_charged_twice,contactless_not_working,,,,,,intent,12,51
lstm,banking77mt-ta-Taml-7285-q0,எனது கணக்கிற்கு பணத்தை மாற்றுவதற்கான நடைமுறை என்ன?,ta-Taml,banking77_nllb200_translation,transfer_into_account,beneficiary_not_allowed,,,,,,intent,12,50
lstm,banking77mt-te-Telu-7295-q0,నేను నా ఫోన్ కనుగొనేందుకు కాదు మరియు నేను ఎవరైనా అది ఉపయోగించడానికి వెళుతున్న భయపడ్డారు ఉన్నాను,te-Telu,banking77_nllb200_translation,lost_or_stolen_phone,request_refund,,,,,,intent,26,95
lstm,banking77mt-hi-Deva-7305-q0,ऑनलाइन खरीदारी करने की कोशिश करते समय मुझे अस्वीकृति क्यों मिल रही है?,hi-Deva,banking77_nllb200_translation,declined_transfer,visa_or_mastercard,,,,,,intent,17,70
lstm,banking77mt-te-Telu-7364-q0,గత రెండు నెలలుగా నా లావాదేవీలను సమీక్షించిన తరువాత నేను చాలా పెద్ద ఛార్జీని గమనించాను. నేను చేయలేదని నాకు తెలుసు. కొంత సమయం గడిచిందని నాకు తెలుసు. కానీ నేను ఇప్పటికీ ఈ ఛార్జీని వివాదం చేయవచ్చా?,te-Telu,banking77_nllb200_translation,direct_debit_payment_not_recognised,transaction_charged_twice,,,,,,intent,56,193
lstm,banking77mt-hi-Deva-7431-q0,क्या आज मेरे कार्ड पर कोई गतिविधि हुई है?,hi-Deva,banking77_nllb200_translation,lost_or_stolen_card,card_delivery_estimate,,,,,,intent,12,41
lstm,banking77mt-hi-Deva-7500-q0,मुझे बताया गया था कि मुझे धनवापसी मिल जाएगी लेकिन मैंने अभी तक इसे नहीं देखा है।,hi-Deva,banking77_nllb200_translation,Refund_not_showing_up,request_refund,,,,,,intent,23,80
lstm,banking77mt-ta-Taml-7616-q0,எனது அட்டையை விரைவில் முடக்க வேண்டும். நான் எனது கணக்கைச் சரிபார்த்தேன் மற்றும் சில நாட்களில் நான் அடையாளம் காணாத பல கொடுப்பனவுகள் இருப்பதைக் கண்டேன். நாங்கள் விசாரணை செய்து எனது பணத்தை திரும்பப் பெற முடியுமா?,ta-Taml,banking77_nllb200_translation,card_payment_not_recognised,compromised_card,,,,,,intent,43,209
lstm,banking77mt-ml-Mlym-7717-q0,എടിഎമ്മിൽ നിന്നും വ്യത്യസ്തമായ തുക കിട്ടി.,ml-Mlym,banking77_nllb200_translation,wrong_amount_of_cash_received,cash_withdrawal_not_recognised,,,,,,intent,12,42
lstm,banking77mt-te-Telu-7743-q0,నా టాప్ అప్ యొక్క స్థితి ఏమిటి?,te-Telu,banking77_nllb200_translation,top_up_reverted,top_up_failed,,,,,,intent,9,31
lstm,banking77mt-ml-Mlym-7772-q0,മറ്റേതെങ്കിലും കറൻസിയിൽ എനിക്ക് പണം ലഭിക്കുമോ?,ml-Mlym,banking77_nllb200_translation,receiving_money,exchange_via_app,,,,,,intent,13,46
lstm,banking77mt-hi-Deva-7873-q0,मैंने खरीदारी की लेकिन लेन-देन के लिए कोई शुल्क लेने की उम्मीद नहीं थी।,hi-Deva,banking77_nllb200_translation,card_payment_fee_charged,extra_charge_on_statement,,,,,,intent,19,71
lstm,banking77mt-te-Telu-7933-q0,నేను రెండవ కార్డు ఎక్కడ పొందవచ్చు?,te-Telu,banking77_nllb200_translation,getting_spare_card,country_support,,,,,,intent,8,34
lstm,banking77-en-Latn-8062-q0,Do you know why my card payment was reverted?,en-Latn,banking77_english,reverted_card_payment?,declined_card_payment,,,,,,intent,13,45
lstm,banking77mt-te-Telu-8071-q0,నా కార్డులో చాలా ఛార్జీలు ఉన్నాయి నేను దాన్ని ఎలా పరిష్కరించగలను?,te-Telu,banking77_nllb200_translation,transaction_charged_twice,contactless_not_working,,,,,,intent,21,65
lstm,banking77-en-Latn-8073-q0,How do I get my paycheck through this?,en-Latn,banking77_english,receiving_money,verify_source_of_funds,,,,,,intent,13,38
lstm,banking77mt-ml-Mlym-8453-q0,എന്റെ അക്കൌണ്ടിലേക്ക് ഏതു വിദേശ നാണയമാണ് എനിക്ക് ട്രാൻസ്ഫർ ചെയ്യാൻ കഴിയുക?,ml-Mlym,banking77_nllb200_translation,receiving_money,age_limit,,,,,,intent,20,74
lstm,banking77mt-hi-Deva-8549-q0,ऐसा लगता है कि मेरा कार्ड कभी नहीं आया है?,hi-Deva,banking77_nllb200_translation,card_arrival,card_not_working,,,,,,intent,13,42
lstm,banking77mt-ta-Taml-8713-q0,வங்கி பரிமாற்றம் மறுக்கப்பட்டது,ta-Taml,banking77_nllb200_translation,declined_transfer,transfer_not_received_by_recipient,,,,,,intent,6,31
lstm,banking77-en-Latn-8742-q0,"I made a rent payment from the wrong account yesterday. It absolutely has to go through tomorrow, so can you please reroute the payment to the right account?",en-Latn,banking77_english,cancel_transfer,top_up_by_bank_transfer_charge,,,,,,intent,35,157
lstm,banking77-en-Latn-8813-q0,I tried to top up and suddenly my money disappeared,en-Latn,banking77_english,topping_up_by_card,top_up_failed,,,,,,intent,12,51
lstm,banking77-en-Latn-8817-q0,Can you tell me when my money transfer will go through,en-Latn,banking77_english,pending_transfer,failed_transfer,,,,,,intent,13,54
lstm,banking77-en-Latn-8958-q0,Can I use my account without verifying identity?,en-Latn,banking77_english,why_verify_identity,verify_my_identity,,,,,,intent,12,48
lstm,banking77mt-te-Telu-9457-q0,నేను ఇప్పుడు నా కార్డు స్తంభింప చేయవచ్చు?,te-Telu,banking77_nllb200_translation,compromised_card,lost_or_stolen_card,,,,,,intent,12,41
lstm,banking77mt-hi-Deva-9521-q0,"क्या आप मेरा क्रेडिट कार्ड स्वीकार करेंगे, यह मेरा एकमात्र है।",hi-Deva,banking77_nllb200_translation,supported_cards_and_currencies,card_acceptance,,,,,,intent,15,62
lstm,banking77mt-hi-Deva-9631-q0,क्या आप रिफंड देते हैं?,hi-Deva,banking77_nllb200_translation,request_refund,age_limit,,,,,,intent,10,23
lstm,banking77mt-te-Telu-9641-q0,నేను ఒక రెట్టింపు చెల్లింపు చూడండి.,te-Telu,banking77_nllb200_translation,transaction_charged_twice,card_payment_not_recognised,,,,,,intent,12,35
lstm,banking77mt-ta-Taml-9660-q0,நான் ஒரு டெபிட் கார்டுடன் முடிக்க முடியுமா?,ta-Taml,banking77_nllb200_translation,supported_cards_and_currencies,direct_debit_payment_not_recognised,,,,,,intent,11,43
lstm,banking77mt-bn-Beng-9675-q0,আমি কিভাবে আপনার অ্যাপ ব্যবহার করে আমার কার্ড রিচার্জ করব? আমি এই বিষয়ে নতুন।,bn-Beng,banking77_nllb200_translation,topping_up_by_card,lost_or_stolen_card,,,,,,intent,19,78
lstm,banking77mt-kn-Knda-9804-q0,ನನ್ನ ಹೊಸ ಕಾರ್ಡನ್ನು ತೋರಿಸುವುದಕ್ಕಾಗಿ ನಾನು ಅಪ್ಲಿಕೇಶನ್ನಲ್ಲಿ ಎಲ್ಲಿಗೆ ಹೋಗಬೇಕು?,kn-Knda,banking77_nllb200_translation,card_linking,activate_my_card,,,,,,intent,16,72
lstm,banking77mt-bn-Beng-9826-q0,রিপল-আপের পরিমাণের কোন সীমা আছে কি?,bn-Beng,banking77_nllb200_translation,top_up_limits,verify_top_up,,,,,,intent,13,35
lstm,banking77mt-kn-Knda-9882-q0,ಟಾಪ್-ಅಪ್ಗೆ ಏಕೆ ಪರಿಶೀಲನೆ ಬೇಕು?,kn-Knda,banking77_nllb200_translation,verify_top_up,top_up_limits,,,,,,intent,10,29
lstm,banking77mt-te-Telu-10084-q0,నేను రెండు వారాల క్రితం నా కార్డును ఆర్డర్ చేసాను మరియు అది ఇంకా ఇక్కడ లేదు? నేను ఏమి చేయాలి?,te-Telu,banking77_nllb200_translation,card_arrival,card_not_working,,,,,,intent,22,93
lstm,banking77mt-ml-Mlym-10094-q0,"എനിക്ക് എന്റെ കുട്ടികള് ക്ക് വേണ്ടി ഒരു അക്കൌണ്ട് വേണമായിരുന്നു, ഞാനിത് എങ്ങനെ ചെയ്യണം?",ml-Mlym,banking77_nllb200_translation,age_limit,request_refund,,,,,,intent,21,87
lstm,banking77mt-ta-Taml-10139-q0,நான் எங்கும் ஒரு சரிபார்ப்பு குறியீடு பார்க்க முடியாது,ta-Taml,banking77_nllb200_translation,verify_top_up,top_up_failed,,,,,,intent,11,54
lstm,banking77mt-hi-Deva-10155-q0,मेरा पूरक-अप असफल क्यों था?,hi-Deva,banking77_nllb200_translation,top_up_failed,top_up_reverted,,,,,,intent,10,27
lstm,banking77mt-ta-Taml-10166-q0,நாணயத்தை மாற்றுவதற்கு எவ்வளவு செலவாகும்,ta-Taml,banking77_nllb200_translation,exchange_charge,card_payment_wrong_exchange_rate,,,,,,intent,10,39
lstm,banking77mt-ml-Mlym-10208-q0,ഞാൻ റീഫണ്ടിനായി കാത്തിരിക്കുകയാണ്.,ml-Mlym,banking77_nllb200_translation,Refund_not_showing_up,balance_not_updated_after_bank_transfer,,,,,,intent,11,34
lstm,banking77-en-Latn-10583-q0,"If I don't live in the UK, can I get a card?",en-Latn,banking77_english,country_support,visa_or_mastercard,,,,,,intent,18,44
lstm,banking77mt-ta-Taml-10780-q0,நான் ஏன் பணத்தை எடுத்ததற்காக குற்றம் சாட்டப்பட்டேன்?,ta-Taml,banking77_nllb200_translation,cash_withdrawal_charge,declined_cash_withdrawal,,,,,,intent,12,52
lstm,banking77mt-kn-Knda-10856-q0,ನನ್ನ ಪಿನ್ ಸಂಖ್ಯೆಯನ್ನು ನಾನು ಏಕೆ ನೋಡಲಾರೆ?,kn-Knda,banking77_nllb200_translation,get_physical_card,change_pin,,,,,,intent,12,39
lstm,banking77mt-kn-Knda-11092-q0,ನನ್ನ ಖಾತೆಯನ್ನು ಬೇರೆ ಯಾರು ತುಂಬಬಹುದು?,kn-Knda,banking77_nllb200_translation,topping_up_by_card,age_limit,,,,,,intent,9,35
lstm,banking77mt-te-Telu-11149-q0,నేను దేశం వెలుపల ప్రయాణిస్తున్నప్పుడు మీరు తప్పు మార్పిడి రేటును వర్తింపజేశారు.,te-Telu,banking77_nllb200_translation,wrong_exchange_rate_for_cash_withdrawal,exchange_via_app,,,,,,intent,18,79
lstm,banking77mt-te-Telu-11265-q0,నేను ఏ కార్డు రకాలను ఎంచుకోగలను?,te-Telu,banking77_nllb200_translation,visa_or_mastercard,getting_virtual_card,,,,,,intent,13,32
lstm,banking77mt-ml-Mlym-11293-q0,ഞാൻ എന്റെ അക്കൌണ്ട് ഇല്ലാതാക്കാൻ ശ്രമിക്കുകയാണ്.,ml-Mlym,banking77_nllb200_translation,terminate_account,passcode_forgotten,,,,,,intent,15,48
lstm,banking77mt-ml-Mlym-11323-q0,എന്റെ കറൻസി യൂറോയിലേക്ക് മാറ്റാമോ?,ml-Mlym,banking77_nllb200_translation,fiat_currency_support,exchange_via_app,,,,,,intent,11,34
lstm,banking77-en-Latn-11388-q0,My top up is not showing up in my wallet!,en-Latn,banking77_english,topping_up_by_card,pending_top_up,,,,,,intent,13,41
lstm,banking77mt-ta-Taml-11416-q0,நான் யார் என்பதை உறுதிப்படுத்த எனக்கு என்ன ஆவணங்கள் தேவை,ta-Taml,banking77_nllb200_translation,verify_my_identity,country_support,,,,,,intent,11,56
lstm,banking77mt-te-Telu-11419-q0,నేను చేసిన బదిలీ ఎక్కడ ఉంది?,te-Telu,banking77_nllb200_translation,balance_not_updated_after_bank_transfer,transfer_timing,,,,,,intent,8,28
lstm,banking77mt-ta-Taml-11558-q0,"நான் வெளிநாட்டில் இருந்தபோது வாங்கிய பரிசுகளுக்காக நான் கட்டணம் வசூலிக்க வேண்டியதை விட அதிகமாக கட்டணம் வசூலிக்கப்பட்டுள்ளேன், பிரச்சனை நாணய மாற்று விகிதமாகத் தெரிகிறது.",ta-Taml,banking77_nllb200_translation,card_payment_wrong_exchange_rate,exchange_charge,,,,,,intent,33,168
lstm,banking77-en-Latn-11572-q0,My payment came back for something i'm trying to buy online? it's been doing it for two weeks. do you know what the issue is?,en-Latn,banking77_english,reverted_card_payment?,cancel_transfer,,,,,,intent,34,125
lstm,banking77mt-kn-Knda-11598-q0,ನನ್ನ ಎಟಿಎಂ ವಾಪಸಾತಿ ಏಕೆ ನಿರಾಕರಿಸಲ್ಪಟ್ಟಿತು?,kn-Knda,banking77_nllb200_translation,declined_cash_withdrawal,pending_cash_withdrawal,,,,,,intent,16,41
lstm,banking77mt-bn-Beng-11622-q0,কেন আমি আমার অ্যাকাউন্ট রিপল করতে পারছি না?,bn-Beng,banking77_nllb200_translation,top_up_failed,terminate_account,,,,,,intent,12,43
lstm,banking77mt-kn-Knda-11701-q0,ನಾನು ನನ್ನ ಕಾರ್ಡ್ ಅನ್ನು ಬಳಸಲು ಪ್ರಯತ್ನಿಸಿದೆ ಆದರೆ ಎಲ್ಲಾ ಹಣವು ಕಣ್ಮರೆಯಾಗಿದೆ.,kn-Knda,banking77_nllb200_translation,topping_up_by_card,compromised_card,,,,,,intent,18,71
lstm,banking77mt-hi-Deva-11704-q0,अमेरिकी गंतव्य तक पहुंचने में शिपिंग में कितना समय लगता है?,hi-Deva,banking77_nllb200_translation,card_delivery_estimate,balance_not_updated_after_bank_transfer,,,,,,intent,14,59
lstm,banking77mt-bn-Beng-11730-q0,"হ্যালো, আমি শুধু জানতে পেরেছি যে আমি গতকাল ভুল লেনদেন করেছি। আপনি কি দয়া করে এটি সংশোধন করবেন? আমার এটা কালকের মধ্যে দরকার।",bn-Beng,banking77_nllb200_translation,cancel_transfer,compromised_card,,,,,,intent,32,124
lstm,banking77mt-ta-Taml-12037-q0,நான் ஏதாவது வாங்கி ஏற்கனவே அதை பணம் ஆனால் இப்போது நான் அதை பார்க்க முடியாது.,ta-Taml,banking77_nllb200_translation,reverted_card_payment?,transfer_not_received_by_recipient,,,,,,intent,15,76
lstm,banking77mt-te-Telu-12106-q0,"నేను అనేక సార్లు ఒక చెల్లింపు చేయడానికి ప్రయత్నించారు, కానీ అది ద్వారా వెళ్ళడం లేదు. సమస్య ఏమిటి?",te-Telu,banking77_nllb200_translation,declined_card_payment,reverted_card_payment?,,,,,,intent,23,97
lstm,banking77mt-ml-Mlym-12156-q0,ഓട്ടോ റീപ് അപ്പ് ലഭ്യമാണോ?,ml-Mlym,banking77_nllb200_translation,automatic_top_up,verify_top_up,,,,,,intent,11,26
lstm,banking77mt-hi-Deva-12167-q0,क्रेडिट कार्ड से पैसे ट्रांसफर करने के लिए मुझे क्या करना चाहिए?,hi-Deva,banking77_nllb200_translation,topping_up_by_card,getting_spare_card,,,,,,intent,15,64
lstm,banking77mt-kn-Knda-12194-q0,ನಾನು ಕ್ರೆಡಿಟ್ ಕಾರ್ಡ್ ಬ್ರ್ಯಾಂಡ್ ಆಯ್ಕೆ ಮಾಡಬೇಕೇ?,kn-Knda,banking77_nllb200_translation,visa_or_mastercard,order_physical_card,,,,,,intent,13,45
lstm,banking77mt-bn-Beng-12198-q0,কেন আমার অ্যাকাউন্টে এখনও এটিএম থেকে নগদ উত্তোলন দেখানো হচ্ছে না?,bn-Beng,banking77_nllb200_translation,pending_cash_withdrawal,cash_withdrawal_not_recognised,,,,,,intent,15,65
lstm,banking77mt-ta-Taml-12355-q0,நான் என் கணக்கில் பணம் இல்லை மற்றும் நான் ஒரு வங்கி பரிமாற்றத்தை செய்ய முடியும் என்றால் எனக்கு ஆச்சரியமாக இருந்தது இன்னும் அதை வைத்து?,ta-Taml,banking77_nllb200_translation,transfer_into_account,transfer_not_received_by_recipient,,,,,,intent,25,134
lstm,banking77mt-ml-Mlym-12380-q0,ഇന്ന് ഒരു റെസ്റ്റോറന്റിൽ എന്റെ കാർഡ് നിരസിച്ചു. എന്താണ് പ്രശ്നം എന്ന് എനിക്കറിയില്ല.,ml-Mlym,banking77_nllb200_translation,card_not_working,declined_card_payment,,,,,,intent,21,84
lstm,banking77mt-kn-Knda-12494-q0,"ನಾನು ಒಂದೆರಡು ದಿನಗಳ ಹಿಂದೆ ಚೆಕ್ ಸಲ್ಲಿಸಿದ್ದೇನೆ, ನನ್ನ ಖಾತೆಗೆ ಇನ್ನೂ ಏನೂ ಆಗಿಲ್ಲ. ಸಂಭವನೀಯ ಸಮಸ್ಯೆ ಏನು?",kn-Knda,banking77_nllb200_translation,balance_not_updated_after_cheque_or_cash_deposit,request_refund,,,,,,intent,23,94
lstm,banking77mt-kn-Knda-12569-q0,ನನ್ನ ಗೆಳೆಯ ನನಗೆ ಹಣ ಕಳುಹಿಸಲು ಯಾವ ಕ್ರಮಗಳನ್ನು ತೆಗೆದುಕೊಳ್ಳಬೇಕು?,kn-Knda,banking77_nllb200_translation,receiving_money,country_support,,,,,,intent,14,59
lstm,banking77-en-Latn-12572-q0,A transaction on my card shows as pending.,en-Latn,banking77_english,pending_card_payment,declined_card_payment,,,,,,intent,11,42
lstm,banking77mt-hi-Deva-12701-q0,"नमस्ते, मुझे क्रिप्टो मुद्रा खरीदने में दिलचस्पी है लेकिन एप्लिकेशन के माध्यम से इसे खरीदने में असमर्थ हूं. मैं विनिमय करना चाहता हूं, क्या आप कृपया मुझे बता सकते हैं कि समस्या क्या है?",hi-Deva,banking77_nllb200_translation,beneficiary_not_allowed,exchange_charge,,,,,,intent,41,185
lstm,banking77mt-kn-Knda-12752-q0,ನಾನು ಇಂದು ಬಸ್ ನಲ್ಲಿ ಪಾವತಿಸಲು ಪ್ರಯತ್ನಿಸಿದಾಗ ಸಂಪರ್ಕವಿಲ್ಲದ ಪಾವತಿ ಏಕೆ ಕೆಲಸ ಮಾಡಲಿಲ್ಲ?,kn-Knda,banking77_nllb200_translation,contactless_not_working,reverted_card_payment?,,,,,,intent,17,80
lstm,banking77mt-te-Telu-12849-q0,నేను నా డబ్బు యొక్క మూలాన్ని ఎలా చూడగలను?,te-Telu,banking77_nllb200_translation,verify_source_of_funds,balance_not_updated_after_bank_transfer,,,,,,intent,13,41
lstm,banking77-en-Latn-12907-q0,Is my top up not working?,en-Latn,banking77_english,pending_top_up,verify_top_up,,,,,,intent,9,25
lstm,banking77mt-te-Telu-12980-q0,ఎందుకు నా కార్డు ఒక అదనపు 1 పౌండ్ ఛార్జ్ ఉంది?,te-Telu,banking77_nllb200_translation,extra_charge_on_statement,card_payment_fee_charged,,,,,,intent,14,46
lstm,banking77mt-bn-Beng-13199-q0,আমার নগদ লেনদেন আমার রসিদে দেখা যাচ্ছে না,bn-Beng,banking77_nllb200_translation,transfer_not_received_by_recipient,cash_withdrawal_not_recognised,,,,,,intent,12,41
lstm,banking77mt-kn-Knda-13214-q0,"ನನಗೆ ಇಲ್ಲಿ ಒಂದು ಕೈ ಬೇಕು, ನಾನು ನಗದು ತುಂಬಲು ಅಗತ್ಯವಿದೆ.",kn-Knda,banking77_nllb200_translation,top_up_by_cash_or_cheque,wrong_amount_of_cash_received,,,,,,intent,13,52
lstm,banking77mt-hi-Deva-13291-q0,"मेरा स्थानांतरण क्यों अस्वीकार किया जाएगा? मैंने जाँच की है कि मैंने सभी सही विवरण दिए हैं, लेकिन यह अभी भी अस्वीकार कर दिया गया है।",hi-Deva,banking77_nllb200_translation,declined_transfer,failed_transfer,,,,,,intent,31,132
lstm,banking77mt-te-Telu-13637-q0,ఎందుకు మీరు నాకు చాలా తక్కువ కరెన్సీ ఇచ్చింది?,te-Telu,banking77_nllb200_translation,wrong_exchange_rate_for_cash_withdrawal,exchange_via_app,,,,,,intent,13,46
lstm,banking77-en-Latn-13712-q0,I made a deposit this morning but it is still pending?,en-Latn,banking77_english,balance_not_updated_after_cheque_or_cash_deposit,pending_card_payment,,,,,,intent,14,54
lstm,banking77mt-bn-Beng-13715-q0,আমার একটি কার্ড পেমেন্ট আটকে গেছে বলে মনে হচ্ছে কিন্তু আমি কয়েকদিন আগে পেমেন্ট করেছি। পেমেন্ট আমার অ্যাকাউন্টে প্রয়োগ হতে কতক্ষণ লাগবে?,bn-Beng,banking77_nllb200_translation,pending_card_payment,declined_card_payment,,,,,,intent,28,137
lstm,banking77-en-Latn-13867-q0,My card hasn't been working when I try to use it.,en-Latn,banking77_english,card_not_working,card_arrival,,,,,,intent,16,49
lstm,banking77mt-te-Telu-13884-q0,"నేను కోల్పోయినట్లు భావించిన నా కార్డును నేను కనుగొన్నాను, నేను దానిని తిరిగి సక్రియం చేయాలి, దయచేసి సహాయం చేయండి.",te-Telu,banking77_nllb200_translation,card_linking,lost_or_stolen_card,,,,,,intent,27,113
lstm,banking77mt-bn-Beng-14024-q0,"গতকাল আমার ব্যাগ চুরি হয়ে গেছে, তাই আমি কোনো অ্যাপ ব্যবহার করতে পারছি না। আমার একটু সাহায্য দরকার।",bn-Beng,banking77_nllb200_translation,lost_or_stolen_phone,passcode_forgotten,,,,,,intent,23,99
lstm,banking77mt-kn-Knda-14072-q0,ನಾನು ಯಾವ ಕಾರ್ಡನ್ನು ಬಳಸುತ್ತೇನೋ ಅದು ಮುಖ್ಯವೇ?,kn-Knda,banking77_nllb200_translation,visa_or_mastercard,disposable_card_limits,,,,,,intent,15,42
lstm,banking77mt-kn-Knda-14102-q0,ಎಟಿಎಂ ನಲ್ಲಿ ನಾನು ಕೇಳಿದ್ದಕ್ಕಿಂತ ಕಡಿಮೆ ನಗದು ಯಾಕೆ ಸಿಕ್ಕಿತು?,kn-Knda,banking77_nllb200_translation,wrong_amount_of_cash_received,declined_cash_withdrawal,,,,,,intent,15,56
lstm,banking77mt-ml-Mlym-14399-q0,ആപ്ലിക്കേഷന് അത് ഞാനാണെന്ന് വിശ്വസിക്കുന്നില്ല.,ml-Mlym,banking77_nllb200_translation,unable_to_verify_identity,card_not_working,,,,,,intent,13,47
lstm,banking77mt-bn-Beng-14470-q0,"আমি শুধু একটি স্থানান্তর করা, কিন্তু আমার অ্যাকাউন্টে টাকা দেখতে না.",bn-Beng,banking77_nllb200_translation,transfer_timing,failed_transfer,,,,,,intent,16,68
lstm,banking77mt-bn-Beng-14525-q0,আমার নিজের কার্ড পাওয়ার জন্য কি টাকা দিতে হবে?,bn-Beng,banking77_nllb200_translation,order_physical_card,disposable_card_limits,,,,,,intent,12,47
lstm,banking77mt-bn-Beng-14526-q0,আমার ব্যর্থ স্থানান্তরের কারণ কি হতে পারে?,bn-Beng,banking77_nllb200_translation,failed_transfer,lost_or_stolen_phone,,,,,,intent,10,42
lstm,banking77mt-te-Telu-14540-q0,నేను నా కరెన్సీ చాలా మార్పిడి. నేను మార్పిడి ధర తగ్గింపు పొందుతారు?,te-Telu,banking77_nllb200_translation,exchange_charge,card_payment_wrong_exchange_rate,,,,,,intent,18,67
lstm,banking77-en-Latn-14636-q0,A wrong amount of cash we sent to me.,en-Latn,banking77_english,wrong_amount_of_cash_received,wrong_exchange_rate_for_cash_withdrawal,,,,,,intent,12,37
lstm,banking77mt-bn-Beng-14656-q0,আমার কি শারীরিক কার্ডের জন্য টাকা দিতে হবে?,bn-Beng,banking77_nllb200_translation,order_physical_card,getting_spare_card,,,,,,intent,11,43
lstm,banking77-en-Latn-14748-q0,"I've been waiting for something that i've ordered for months now and it still hasn't arrived. I genuinely don't know what this company is doing, but put plainly, i've had enough. Please issue a refund immediately, i would not like to waste anymore of my time on these people.",en-Latn,banking77_english,request_refund,Refund_not_showing_up,,,,,,intent,68,275
lstm,banking77mt-ta-Taml-14889-q0,"எனது பணப்பையை திருடிவிட்டார்கள், எனது கணக்கில் ஏற்கனவே பணம் எடுக்கப்பட்டுள்ளது. தயவுசெய்து எனக்கு உதவ முடியுமா?",ta-Taml,banking77_nllb200_translation,cash_withdrawal_not_recognised,transfer_not_received_by_recipient,,,,,,intent,25,111
lstm,banking77mt-te-Telu-15169-q0,నేను డబ్బు పంపించాల్సి వచ్చింది ఎవరో నాకు చెప్పారు వారు నేను వాటిని పంపిన మొత్తం మొత్తం రాలేదు - మీరు ఈ చూడండి చేయవచ్చు?,te-Telu,banking77_nllb200_translation,transfer_fee_charged,unable_to_verify_identity,,,,,,intent,24,120
lstm,banking77mt-bn-Beng-15206-q0,"আমি একটি এটিএম এ বিদেশী মুদ্রা ব্যবহার করার চেষ্টা করেছি, কিন্তু এটিএম আমাকে ভুল হার দিয়েছে। কেন?",bn-Beng,banking77_nllb200_translation,wrong_exchange_rate_for_cash_withdrawal,cash_withdrawal_charge,,,,,,intent,22,98
lstm,banking77mt-bn-Beng-15371-q0,"আমার বন্ধু আমাকে টাকা পাঠাতে চায়, তাই না?",bn-Beng,banking77_nllb200_translation,receiving_money,beneficiary_not_allowed,,,,,,intent,12,42
lstm,banking77mt-kn-Knda-15423-q0,ಒಮ್ಮೆ ಬಳಸುವ ಕಾರ್ಡುಗಳು ಯಾವುದಕ್ಕೆ ಬಳಸಲ್ಪಡುತ್ತವೆ ಎಂದು ನೀವು ನನಗೆ ಹೇಳಬಲ್ಲಿರಾ?,kn-Knda,banking77_nllb200_translation,get_disposable_virtual_card,disposable_card_limits,,,,,,intent,20,72
lstm,banking77-en-Latn-15532-q0,I would like to change my card PIN.,en-Latn,banking77_english,change_pin,get_physical_card,,,,,,intent,11,35
lstm,banking77mt-hi-Deva-15600-q0,यह समझाइए कि मेरा टॉप-अप वापस क्यों किया जाएगा।,hi-Deva,banking77_nllb200_translation,top_up_reverted,top_up_failed,,,,,,intent,15,47
lstm,banking77mt-hi-Deva-15665-q0,मेरे पास एक भुगतान है जिसे मंजूरी नहीं दी गई है।,hi-Deva,banking77_nllb200_translation,pending_card_payment,card_payment_not_recognised,,,,,,intent,14,48
lstm,banking77-en-Latn-15688-q0,What kind of money can I hold?,en-Latn,banking77_english,fiat_currency_support,age_limit,,,,,,intent,10,30
lstm,banking77mt-ml-Mlym-15736-q0,എന് റെ അക്കൌണ്ടിലേക്ക് ട്രാൻസ്ഫർ ചെയ്ത പണം എന് റെ ബാലന് ഡില് ചേര് ന്നില്ല?,ml-Mlym,banking77_nllb200_translation,balance_not_updated_after_bank_transfer,failed_transfer,,,,,,intent,22,74
lstm,banking77mt-bn-Beng-15763-q0,আমি কিছু কিনেছি এবং টাকা আমার অ্যাকাউন্টে ফিরে এসেছে?,bn-Beng,banking77_nllb200_translation,reverted_card_payment?,transfer_timing,,,,,,intent,14,53
lstm,banking77mt-te-Telu-15854-q0,"నేను సెలవుల కోసం డబ్బు ఉంచారు మరియు అది చూపించు లేదు. నేను నేడు ఆ డబ్బు అవసరం, ఎంత సమయం పడుతుంది",te-Telu,banking77_nllb200_translation,pending_transfer,balance_not_updated_after_bank_transfer,,,,,,intent,24,96
lstm,banking77-en-Latn-15883-q0,When will my payment go through?,en-Latn,banking77_english,pending_card_payment,beneficiary_not_allowed,,,,,,intent,9,32
lstm,banking77mt-bn-Beng-16069-q0,আমি কিছু কিনেছি এবং ফেরত দিয়েছি এবং ফেরতের টাকা আমার অ্যাকাউন্টে নেই।,bn-Beng,banking77_nllb200_translation,Refund_not_showing_up,request_refund,,,,,,intent,19,70
lstm,banking77mt-te-Telu-16085-q0,ఎందుకు నేను ఇంకా నా కొత్త కార్డు రాలేదు?,te-Telu,banking77_nllb200_translation,card_arrival,lost_or_stolen_card,,,,,,intent,10,40
lstm,banking77mt-bn-Beng-16102-q0,আমার কিশোর কি অ্যাকাউন্ট খুলতে পারে?,bn-Beng,banking77_nllb200_translation,age_limit,getting_spare_card,,,,,,intent,9,36
lstm,banking77mt-bn-Beng-16141-q0,অটো রিপল-আপের কোন গোপন সীমা আছে কি?,bn-Beng,banking77_nllb200_translation,automatic_top_up,verify_top_up,,,,,,intent,14,35
lstm,banking77mt-te-Telu-16150-q0,"నాకు అదనపు కార్డు అవసరమైతే, దానికి రుసుము చెల్లించాలా?",te-Telu,banking77_nllb200_translation,getting_spare_card,top_up_by_card_charge,,,,,,intent,18,54
lstm,banking77-en-Latn-16245-q0,I want to reverse a transaction I did this morning,en-Latn,banking77_english,cancel_transfer,request_refund,,,,,,intent,12,50
lstm,banking77-en-Latn-16302-q0,Why were there additional charges when I transferred funds?,en-Latn,banking77_english,transfer_fee_charged,top_up_by_bank_transfer_charge,,,,,,intent,12,59
lstm,banking77mt-te-Telu-16414-q0,కార్డుల కోసం మీ షిప్పింగ్ విధానాలు ఏమిటి?,te-Telu,banking77_nllb200_translation,card_delivery_estimate,card_acceptance,,,,,,intent,12,41
lstm,banking77mt-hi-Deva-16418-q0,मेरे खाते को भरने के लिए Apple Pay के साथ मेरे अमेरिकन एक्सप्रेस का उपयोग करने में असमर्थ,hi-Deva,banking77_nllb200_translation,apple_pay_or_google_pay,terminate_account,,,,,,intent,20,89
lstm,banking77mt-kn-Knda-16451-q0,ನನ್ನ ಖಾತೆಗೆ ನನ್ನ ವರ್ಗಾವಣೆಯು ಕಳೆದುಹೋಗಿದೆ.,kn-Knda,banking77_nllb200_translation,balance_not_updated_after_bank_transfer,transfer_not_received_by_recipient,,,,,,intent,12,40
lstm,banking77mt-hi-Deva-16489-q0,ऐसा लगता है कि मेरे कार्ड का भुगतान वापस कर दिया गया हो सकता है.,hi-Deva,banking77_nllb200_translation,reverted_card_payment?,declined_card_payment,,,,,,intent,18,64
lstm,banking77mt-bn-Beng-16793-q0,"আমার দুইটা কার্ড লাগবে, এটা কি সম্ভব?",bn-Beng,banking77_nllb200_translation,getting_spare_card,card_acceptance,,,,,,intent,11,37
lstm,banking77mt-ml-Mlym-16924-q0,"നിങ്ങളുടെ സുപ്രധാന പരിശോധനാ ഫലങ്ങളെക്കുറിച്ച് ഞങ്ങളിൽ നിന്ന് കേൾക്കാൻ 10 മിനിറ്റ് മുതൽ ഒരു മണിക്കൂർ വരെ സമയമെടുത്തേക്കാം. പരിശോധനാ ഫലങ്ങൾ പരാജയപ്പെട്ടാൽ, നിങ്ങളുടെ എല്ലാ ചിത്രങ്ങളും വ്യക്തമാണെന്ന് ഉറപ്പുവരുത്താൻ ഇരട്ട പരിശോധന നടത്തുക - നിങ്ങളുടെ ഫോട്ടോകളിൽ മിന്നൽ അല്ലെങ്കിൽ മങ്ങൽ ഇല്ലെന്ന് ഉറപ്പാക്കുക. കുറിപ്പ്: ഈ ഫോട്ടോകളും വായിക്കാൻ കഴിയണം. നിങ്ങൾക്ക് 18 വയസോ അതിൽ കൂടുതലോ പ്രായമുണ്ടായിരിക്കണം. ഒരു പുതിയ അക്കൌണ്ട് തുറക്കാൻ നിങ്ങൾ സ്വിറ്റ്സർലൻഡിലോ യൂറോപ്യൻ ഇക്കണോമിക് ഏരിയയിലോ താമസിക്കണം.",ml-Mlym,banking77_nllb200_translation,unable_to_verify_identity,virtual_card_not_working,,,,,,intent,112,492
lstm,banking77mt-kn-Knda-16937-q0,ನನ್ನ ಖಾತೆಯಲ್ಲಿ ಸಾಕಷ್ಟು ಹಣವಿದೆ ಎಂದು ನನಗೆ ತಿಳಿದಿದೆ ಆದರೆ ನನ್ನ ಕಾರ್ಡ್ ಪಾವತಿಯು ಕೆಲವು ಕಾರಣಕ್ಕಾಗಿ ಕೆಲಸ ಮಾಡಿಲ್ಲ. ನಾನು ಏನು ಮಾಡಬೇಕು?,kn-Knda,banking77_nllb200_translation,declined_card_payment,reverted_card_payment?,,,,,,intent,25,122
lstm,banking77mt-ta-Taml-16955-q0,எந்த இடத்தில் மாஸ்டர்கார்டு ஏற்று நன்றாக இருக்கும்.,ta-Taml,banking77_nllb200_translation,card_acceptance,visa_or_mastercard,,,,,,intent,11,51
lstm,banking77-en-Latn-16959-q0,can i use both visa and mastercard,en-Latn,banking77_english,visa_or_mastercard,topping_up_by_card,,,,,,intent,10,34
lstm,banking77mt-hi-Deva-16971-q0,जब मैं अपना फ़ोन खो देता हूँ तो मैं अपने खाते तक कैसे पहुँच सकता हूँ?,hi-Deva,banking77_nllb200_translation,lost_or_stolen_phone,terminate_account,,,,,,intent,19,69
lstm,banking77mt-bn-Beng-16978-q0,"আমার অর্ডার এখনো আসেনি, আমি কি করতে পারি?",bn-Beng,banking77_nllb200_translation,request_refund,passcode_forgotten,,,,,,intent,12,41
lstm,banking77mt-kn-Knda-16997-q0,ಏಕೆ ನಾನು ತುಂಬಲು ಸಾಧ್ಯವಿಲ್ಲ?,kn-Knda,banking77_nllb200_translation,top_up_failed,verify_source_of_funds,,,,,,intent,7,27
lstm,banking77mt-bn-Beng-17084-q0,"আমার নতুন কার্ড আমার অ্যাপে নেই, আমি কিভাবে এটা সেখানে পেতে পারি?",bn-Beng,banking77_nllb200_translation,card_linking,lost_or_stolen_card,,,,,,intent,17,65
lstm,banking77mt-ml-Mlym-17115-q0,"എനിക്ക് എന്റെ പുതിയ കാർഡ് ലിങ്ക് ചെയ്യണം, സഹായിക്കാമോ?",ml-Mlym,banking77_nllb200_translation,card_linking,activate_my_card,,,,,,intent,13,54
lstm,banking77mt-ml-Mlym-17155-q0,ഒരു കാർഡ് ഉപയോഗിച്ച് എനിക്ക് പരമാവധി എത്ര ഇടപാടുകൾ നടത്താം?,ml-Mlym,banking77_nllb200_translation,disposable_card_limits,card_acceptance,,,,,,intent,12,59
lstm,banking77mt-kn-Knda-17246-q0,ಕೆಲವು ಕಾರಣಕ್ಕಾಗಿ ನನ್ನ ಗುರುತನ್ನು ಪರಿಶೀಲಿಸುವಲ್ಲಿ ನನಗೆ ಸಮಸ್ಯೆ ಇದೆ.,kn-Knda,banking77_nllb200_translation,unable_to_verify_identity,why_verify_identity,,,,,,intent,15,63
lstm,banking77mt-ml-Mlym-17288-q0,"ഒരു മണിക്കൂറായി എന്റെ റീഫിൽ കാത്തിരിക്കുകയാണ്, എത്രയും വേഗം ഇത് പൂർത്തിയാക്കണം.",ml-Mlym,banking77_nllb200_translation,pending_top_up,transfer_not_received_by_recipient,,,,,,intent,21,79
lstm,banking77mt-bn-Beng-17349-q0,আমি কার্ড পেমেন্ট চিনতে পারছি না।,bn-Beng,banking77_nllb200_translation,card_payment_not_recognised,declined_card_payment,,,,,,intent,9,33
lstm,banking77mt-ta-Taml-17433-q0,எனது வங்கிக் கணக்கிற்கான சர்வதேச பணப் பரிமாற்றம் எவ்வளவு நேரம் எடுக்கும்?,ta-Taml,banking77_nllb200_translation,balance_not_updated_after_bank_transfer,transfer_timing,,,,,,intent,17,73
lstm,banking77mt-te-Telu-17531-q0,జీతం GBP లో అందుకున్నారు. ఇది మరొక స్థానంలో ఆకృతీకరించుటకు అవసరం?,te-Telu,banking77_nllb200_translation,receiving_money,exchange_via_app,,,,,,intent,20,65
lstm,banking77-en-Latn-17588-q0,When I was drunk I got my card stuck in your machine because i mis-typed my PIN. What do I need to do to get it restored?,en-Latn,banking77_english,pin_blocked,get_physical_card,,,,,,intent,35,121
lstm,banking77-en-Latn-17672-q0,What are the top-up fees?,en-Latn,banking77_english,top_up_by_card_charge,top_up_limits,,,,,,intent,10,25
lstm,banking77mt-ml-Mlym-17801-q0,എനിക്ക് ഒരു ഫിസിക്കൽ കാർഡ് ഉണ്ടെങ്കിൽ എനിക്ക് അത് ലിങ്ക് ചെയ്യാമോ?,ml-Mlym,banking77_nllb200_translation,card_linking,order_physical_card,,,,,,intent,14,66
lstm,banking77-en-Latn-17865-q0,Is the top up feature available on the Apple Watch?,en-Latn,banking77_english,apple_pay_or_google_pay,automatic_top_up,,,,,,intent,13,51
lstm,banking77mt-kn-Knda-18064-q0,ನಿಮ್ಮ ಕಾರ್ಡುಗಳು ಯುರೋಪ್ನಲ್ಲಿ ಲಭ್ಯವಿದೆಯೇ?,kn-Knda,banking77_nllb200_translation,country_support,order_physical_card,,,,,,intent,10,39
lstm,banking77mt-kn-Knda-18124-q0,ನನ್ನ ಗುರುತಿನ ಬಗ್ಗೆ ನಿಮಗೆ ಇಷ್ಟೊಂದು ಮಾಹಿತಿ ಯಾಕೆ ಬೇಕು?,kn-Knda,banking77_nllb200_translation,why_verify_identity,verify_top_up,,,,,,intent,12,51
lstm,banking77mt-ta-Taml-18162-q0,நான் செய்யாத செயலியில் 2 கட்டணங்கள் உள்ளன என்று சத்தியம் செய்கிறேன். எனது அட்டை திருடப்பட்டதா? நான் என்ன செய்ய வேண்டும் என்று தயவுசெய்து ஆலோசனை கூறுங்கள்.,ta-Taml,banking77_nllb200_translation,card_payment_not_recognised,reverted_card_payment?,,,,,,intent,33,154
lstm,banking77mt-bn-Beng-18242-q0,অ্যাপটি আমার অ্যাকাউন্টে করা একটি জালিয়াতিমূলক পেমেন্ট দেখায়।,bn-Beng,banking77_nllb200_translation,card_payment_not_recognised,transaction_charged_twice,,,,,,intent,16,63
lstm,banking77mt-te-Telu-18261-q0,"హే నేను ఇప్పటికే సరైన ఖాతా వివరాలను కలిగి ఉన్నానని రెట్టింపు తనిఖీ చేసాను, అవి ఖచ్చితంగా సరైనవి. బదిలీ ఎప్పటికీ పెండింగ్లో ఉంది. 2018 లో మరొక దేశానికి డబ్బు బదిలీ చేయడం అంత కష్టం కాదు.",te-Telu,banking77_nllb200_translation,pending_transfer,transfer_not_received_by_recipient,,,,,,intent,48,184
lstm,banking77mt-ml-Mlym-18308-q0,ട്രാൻസ്ഫർ ഇടപാടുകൾ പോസ്റ്റുചെയ്യാൻ എത്ര സമയമെടുക്കും?,ml-Mlym,banking77_nllb200_translation,pending_transfer,failed_transfer,,,,,,intent,14,53
lstm,banking77mt-hi-Deva-18364-q0,मैं कितनी बार अपना खाता भर सकता हूँ?,hi-Deva,banking77_nllb200_translation,top_up_limits,apple_pay_or_google_pay,,,,,,intent,11,36
lstm,banking77mt-ta-Taml-18474-q0,"நான் பயணிக்கப் போகிறேன், குறிப்பிட்ட இடைவெளியில் தானாகவே பணம் சேர்க்க முடியுமா?",ta-Taml,banking77_nllb200_translation,automatic_top_up,supported_cards_and_currencies,,,,,,intent,15,79
lstm,banking77mt-bn-Beng-18485-q0,আমার শেষ লেনদেনে মনে হচ্ছে আমার রিপল-আপ সফল হয়নি।,bn-Beng,banking77_nllb200_translation,top_up_reverted,top_up_failed,,,,,,intent,16,50
lstm,banking77mt-hi-Deva-18497-q0,मैं ऐप में मौजूदा कार्ड कैसे जोड़ूं?,hi-Deva,banking77_nllb200_translation,card_linking,getting_virtual_card,,,,,,intent,11,36
lstm,banking77mt-ta-Taml-18652-q0,நான் தானியங்கி நிரப்புதல் தொடங்க எப்படி?,ta-Taml,banking77_nllb200_translation,automatic_top_up,verify_top_up,,,,,,intent,10,40
lstm,banking77mt-ml-Mlym-18740-q0,"ഒരു ട്രാൻസ്ഫർ പൂർത്തിയാക്കാൻ എന്നെ സഹായിക്കാമോ? ഞാൻ ശ്രമിക്കുന്നു, എനിക്ക് ഒരു പിശക് ലഭിക്കുന്നു. ഞാൻ ഒരു ഫ്ളാറ്റ് വാങ്ങാനും വായ്പാ പേയ്മെന്റ് അടയ്ക്കാനും ശ്രമിക്കുന്നു. എനിക്ക് ഒരു പിശക് മാത്രമേ ലഭിക്കുന്നുള്ളൂ. ഇവിടെ എന്താണ് സംഭവിക്കുന്നതെന്ന് നിങ്ങൾക്ക് കണ്ടെത്താൻ കഴിയുമോ?",ml-Mlym,banking77_nllb200_translation,failed_transfer,request_refund,,,,,,intent,59,276
lstm,banking77mt-ta-Taml-18838-q0,"தயவுசெய்து இந்த இடமாற்றத்தில் எனக்கு உதவுங்கள், சில காரணங்களால் என்னால் கிரிப்டோகரன்சி கணக்கிற்கு இடமாற்றம் செய்ய முடியவில்லை",ta-Taml,banking77_nllb200_translation,declined_transfer,beneficiary_not_allowed,,,,,,intent,28,125
lstm,banking77mt-te-Telu-18869-q0,నేను అనుమతించిన గరిష్ట మొత్తంలో ఒకసారి ఉపయోగించే కార్డులు ఏమిటి.,te-Telu,banking77_nllb200_translation,disposable_card_limits,getting_spare_card,,,,,,intent,15,64
lstm,banking77mt-kn-Knda-18915-q0,ದಯವಿಟ್ಟು ನನಗೆ ಸಹಾಯ ಮಾಡಬಹುದೇ? ನಾನು ನನ್ನ ಬಾಡಿಗೆ ಪಾವತಿಯನ್ನು ಮಾಡಿದ್ದೇನೆ ಮತ್ತು ನಾನು ಅದನ್ನು ಸರಿಯಾದ ಖಾತೆಗೆ ಕಳುಹಿಸಿದ್ದೇನೆ ಎಂದು ಎರಡು ಬಾರಿ ಪರಿಶೀಲಿಸಿದ್ದೇನೆ. ಅದನ್ನು ಸ್ವೀಕರಿಸುವ ವ್ಯಕ್ತಿಯು ಅದನ್ನು ಸ್ವೀಕರಿಸಿಲ್ಲ ಎಂದು ಹೇಳುತ್ತಾರೆ ಆದರೆ ಅದು ನನ್ನ ಕಡೆಯಿಂದ ಪೂರ್ಣಗೊಂಡಿದೆ ಎಂದು ತೋರಿಸುತ್ತದೆ.,kn-Knda,banking77_nllb200_translation,transfer_not_received_by_recipient,transaction_charged_twice,,,,,,intent,54,262
lstm,banking77mt-te-Telu-19074-q0,ఎందుకు నేను కేవలం బదిలీ కోసం ఒక అదనపు చార్జ్ కలిగి వివరాలు ఇవ్వగలరా?,te-Telu,banking77_nllb200_translation,transfer_fee_charged,top_up_by_bank_transfer_charge,,,,,,intent,18,68
lstm,banking77mt-bn-Beng-19116-q0,কেন আমার কার্ড থেকে পেমেন্ট এখনও মুলতুবি আছে?,bn-Beng,banking77_nllb200_translation,pending_card_payment,declined_card_payment,,,,,,intent,12,45
lstm,banking77-en-Latn-19133-q0,How is my ATM deposit not available yet?,en-Latn,banking77_english,pending_cash_withdrawal,top_up_by_cash_or_cheque,,,,,,intent,11,40
lstm,banking77mt-kn-Knda-19154-q0,ನನ್ನ ಕಾರ್ಡ್ ನನಗೆ ಯಾವಾಗ ಕಳುಹಿಸಲಾಗುವುದು?,kn-Knda,banking77_nllb200_translation,card_delivery_estimate,card_arrival,,,,,,intent,11,38
lstm,banking77mt-ta-Taml-19200-q0,எனது விவரங்களை நான் எங்கே மாற்ற முடியும்?,ta-Taml,banking77_nllb200_translation,edit_personal_details,verify_my_identity,,,,,,intent,9,41
lstm,banking77mt-bn-Beng-19278-q0,আমি একটি ডিসপোজেবল ভার্চুয়াল কার্ড তৈরি করতে চাই। আমি কিভাবে এটি করতে পারি?,bn-Beng,banking77_nllb200_translation,get_disposable_virtual_card,disposable_card_limits,,,,,,intent,21,76
lstm,banking77mt-hi-Deva-19293-q0,यूरोपीय बैंक कार्ड का उपयोग करने के लिए क्या शुल्क हैं?,hi-Deva,banking77_nllb200_translation,top_up_by_card_charge,getting_spare_card,,,,,,intent,14,55
lstm,banking77mt-te-Telu-19425-q0,నేను పాటించాల్సిన అదనపు పరిమితులు ఉన్నాయా?,te-Telu,banking77_nllb200_translation,top_up_limits,getting_spare_card,,,,,,intent,14,42
lstm,banking77mt-ml-Mlym-19465-q0,എടിഎമ്മിൽ നിന്ന് പണം പിൻവലിക്കാൻ ഞാൻ ഉപയോഗിച്ചു.,ml-Mlym,banking77_nllb200_translation,wrong_exchange_rate_for_cash_withdrawal,cash_withdrawal_not_recognised,,,,,,intent,15,48
lstm,banking77mt-hi-Deva-19495-q0,"मैं सिर्फ एक पैसे का लेनदेन किया है, लेकिन यह नहीं दिखा रहा है कि वे इसे प्राप्त किया",hi-Deva,banking77_nllb200_translation,transfer_not_received_by_recipient,card_payment_not_recognised,,,,,,intent,22,85
lstm,banking77-en-Latn-19509-q0,How many physical cards am I allowed to have?,en-Latn,banking77_english,getting_spare_card,supported_cards_and_currencies,,,,,,intent,12,45
lstm,banking77mt-bn-Beng-19551-q0,নগদ টাকা তোলার ক্ষেত্রে 'অপেন্ডিং' বলতে কী বোঝায়?,bn-Beng,banking77_nllb200_translation,pending_cash_withdrawal,atm_support,,,,,,intent,15,50
lstm,banking77mt-kn-Knda-19602-q0,ನನ್ನ ವಿವರಗಳನ್ನು ನಾನು ಹೇಗೆ ಸಂಪಾದಿಸಬಹುದು?,kn-Knda,banking77_nllb200_translation,edit_personal_details,terminate_account,,,,,,intent,10,39
lstm,banking77mt-bn-Beng-19632-q0,আমি একটা জিনিস কিনেছি যার জন্য টাকা ফেরত চাই।,bn-Beng,banking77_nllb200_translation,request_refund,Refund_not_showing_up,,,,,,intent,13,45
lstm,banking77mt-te-Telu-19732-q0,"నేను చైనా లో విదేశాలలో ఉన్నాను, నేను ఒక భర్తీ కార్డు పొందవచ్చు?",te-Telu,banking77_nllb200_translation,card_about_to_expire,getting_spare_card,,,,,,intent,15,63
lstm,banking77mt-ta-Taml-19938-q0,நான் அதை உலகம் முழுவதும் பயன்படுத்த முடியுமா?,ta-Taml,banking77_nllb200_translation,country_support,getting_virtual_card,,,,,,intent,9,45
lstm,banking77mt-te-Telu-19950-q0,నేను ఇప్పటికీ ఈ ఉదయం నా ఖాతాలో ఉంచిన డబ్బు కోసం ఎదురు చూస్తున్నాను.,te-Telu,banking77_nllb200_translation,balance_not_updated_after_cheque_or_cash_deposit,transaction_charged_twice,,,,,,intent,19,67
lstm,banking77mt-ml-Mlym-20065-q0,എന്റെ പുതിയ കാർഡ് എപ്പോൾ കിട്ടും?,ml-Mlym,banking77_nllb200_translation,card_arrival,card_delivery_estimate,,,,,,intent,9,33
lstm,banking77-en-Latn-20277-q0,"Hello, I am facing the issue with my new card as payments are declining again and again. Please help me in this issue.",en-Latn,banking77_english,declined_card_payment,card_not_working,,,,,,intent,28,118
lstm,banking77-en-Latn-20303-q0,This stupid system is not letting me prove my identity.,en-Latn,banking77_english,unable_to_verify_identity,why_verify_identity,,,,,,intent,13,55
lstm,banking77mt-ta-Taml-20315-q0,"வணக்கம், நான் இரண்டு நாட்களுக்கு முன்பு பிரான்சில் இருந்து ஒரு பரிமாற்றத்தை செய்தேன், அது இப்போது இங்கே இருக்கும் என்று நினைத்தேன். தயவுசெய்து எனக்கு ஒரு புதுப்பிப்பு கொடுக்க முடியுமா?",ta-Taml,banking77_nllb200_translation,balance_not_updated_after_bank_transfer,request_refund,,,,,,intent,34,184
lstm,banking77mt-hi-Deva-20328-q0,मैंने अपने नकदी निकासी के लिए अधिक राशि का अनुरोध किया,hi-Deva,banking77_nllb200_translation,wrong_amount_of_cash_received,pending_cash_withdrawal,,,,,,intent,13,54
lstm,banking77-en-Latn-20381-q0,"It has been a couple of hours but I do not see my balance updated, can you help?",en-Latn,banking77_english,balance_not_updated_after_bank_transfer,transfer_not_received_by_recipient,,,,,,intent,22,80
lstm,banking77mt-bn-Beng-20403-q0,যদি এটিএম সঠিক পরিমাণ টাকা না দেয় তাহলে কি হবে?,bn-Beng,banking77_nllb200_translation,wrong_amount_of_cash_received,card_swallowed,,,,,,intent,13,48
lstm,banking77-en-Latn-20459-q0,I am having trouble verifying my identity.,en-Latn,banking77_english,unable_to_verify_identity,why_verify_identity,,,,,,intent,11,42
lstm,banking77mt-hi-Deva-20518-q0,प्राप्तकर्ता मेरे धन हस्तांतरण को नहीं देखता है।,hi-Deva,banking77_nllb200_translation,transfer_not_received_by_recipient,failed_transfer,,,,,,intent,11,48
lstm,banking77mt-hi-Deva-20558-q0,"मैंने एक अप-अप किया, लेकिन मैं इसे अपने बटुए में अभी तक नहीं देख रहा हूँ।",hi-Deva,banking77_nllb200_translation,topping_up_by_card,top_up_reverted,,,,,,intent,23,73
lstm,banking77mt-te-Telu-20581-q0,నేను చెక్ లేదా నగదు చెల్లింపు సమర్పించవచ్చు?,te-Telu,banking77_nllb200_translation,top_up_by_cash_or_cheque,pending_cash_withdrawal,,,,,,intent,14,44
lstm,banking77-en-Latn-20597-q0,How long for money transfer to show?,en-Latn,banking77_english,pending_transfer,transfer_fee_charged,,,,,,intent,10,36
lstm,banking77mt-bn-Beng-20601-q0,ব্রিটেনের ট্রান্সফার কবে আসবে?,bn-Beng,banking77_nllb200_translation,balance_not_updated_after_bank_transfer,transfer_timing,,,,,,intent,7,30
lstm,banking77mt-te-Telu-20677-q0,"నేను ఇప్పటికే ఒక బదిలీ చేసాను మరియు దాన్ని రద్దు చేయాలనుకుంటున్నాను, నేను ఎలా చేయగలను?",te-Telu,banking77_nllb200_translation,cancel_transfer,transfer_fee_charged,,,,,,intent,23,86
lstm,banking77mt-hi-Deva-20713-q0,मैं जानना चाहता हूँ कि क्या अधिकतम है मैं भरने के लिए कर सकते हैं.,hi-Deva,banking77_nllb200_translation,top_up_limits,country_support,,,,,,intent,18,66
lstm,banking77-en-Latn-20757-q0,Why was I charged extra on my last UK pound to Russian ruble exchange?,en-Latn,banking77_english,card_payment_wrong_exchange_rate,card_payment_fee_charged,,,,,,intent,18,70
lstm,banking77mt-ta-Taml-21007-q0,அடிக்கடி நாணயத்தை மாற்றுவதற்கு தள்ளுபடிகள் உண்டா?,ta-Taml,banking77_nllb200_translation,exchange_charge,card_payment_wrong_exchange_rate,,,,,,intent,12,49
lstm,banking77mt-bn-Beng-21161-q0,আমার অ্যাকাউন্টে কিছু চার্জ আছে যা আমি অনুমোদন করিনি। গত কয়েকদিনের এই টাকাটা ফেরত পেতে পারি? আমার কার্ডও বন্ধ করতে হবে।,bn-Beng,banking77_nllb200_translation,card_payment_not_recognised,transaction_charged_twice,,,,,,intent,30,120
lstm,banking77mt-te-Telu-21226-q0,నేను నా కార్డు ఉపయోగించవచ్చు పేరు జాబితా ఉందా?,te-Telu,banking77_nllb200_translation,card_acceptance,card_delivery_estimate,,,,,,intent,12,46
lstm,banking77mt-kn-Knda-21265-q0,ನೀವು ಬ್ಯಾಂಕ್ ವರ್ಗಾವಣೆಯ ಮೂಲಕ ನಿಮ್ಮ ಕಾರ್ಡ್ಗೆ ಹಣವನ್ನು ವರ್ಗಾಯಿಸಬಹುದೇ?,kn-Knda,banking77_nllb200_translation,transfer_into_account,top_up_by_bank_transfer_charge,,,,,,intent,18,65
lstm,banking77mt-ml-Mlym-21278-q0,എന്റെ കാർഡ് നിരസിച്ചു.,ml-Mlym,banking77_nllb200_translation,declined_card_payment,card_not_working,,,,,,intent,6,22
lstm,banking77mt-te-Telu-21287-q0,నేను నా కార్డును ఎక్కడ ఉపయోగించవచ్చో ఏవైనా పరిమితులు ఉన్నాయా?,te-Telu,banking77_nllb200_translation,card_acceptance,getting_spare_card,,,,,,intent,23,61
lstm,banking77mt-kn-Knda-21473-q0,ಇದು ಒಂದು ನಿರ್ದಿಷ್ಟ ದಿನಾಂಕದಂದು ತಲುಪಿಸಬಹುದೇ?,kn-Knda,banking77_nllb200_translation,card_delivery_estimate,getting_spare_card,,,,,,intent,13,42
lstm,banking77mt-bn-Beng-21478-q0,কেন আমি যে লেনদেন করেছি তা এখনো আসেনি?,bn-Beng,banking77_nllb200_translation,transfer_not_received_by_recipient,declined_transfer,,,,,,intent,11,38
lstm,banking77-en-Latn-21521-q0,I sent money. They haven't received it.,en-Latn,banking77_english,transfer_not_received_by_recipient,top_up_failed,,,,,,intent,13,39
lstm,banking77mt-ta-Taml-21588-q0,"நான் பணத்தை பெற்ற போது, நான் என்னை அதிக கட்டணம் என்று ஒரு பிழை இருந்தது என்று மிகவும் உறுதியாக இருக்கிறேன்.",ta-Taml,banking77_nllb200_translation,cash_withdrawal_charge,card_payment_not_recognised,,,,,,intent,20,107
lstm,banking77mt-ta-Taml-21606-q0,"நான் ஹோட்டலில் என் தொலைபேசி மறந்துவிட்டேன், அதனால் நான் பயன்பாட்டை அணுக முடியாது.",ta-Taml,banking77_nllb200_translation,lost_or_stolen_phone,card_payment_not_recognised,,,,,,intent,17,81
lstm,banking77mt-hi-Deva-21654-q0,कब तक मेरे नकदी बाहर के माध्यम से चला जाता है?,hi-Deva,banking77_nllb200_translation,pending_cash_withdrawal,balance_not_updated_after_bank_transfer,,,,,,intent,14,46
lstm,banking77mt-te-Telu-21816-q0,నేను నా కార్డులో ఒక పునరావృత ట్రాన్సాక్షన్ వచ్చింది.,te-Telu,banking77_nllb200_translation,transaction_charged_twice,activate_my_card,,,,,,intent,18,52
lstm,banking77mt-kn-Knda-21819-q0,ನನ್ನ ಡಿಸ್ಪೋಸಬಲ್ ಕಾರ್ಡ್ ಕೆಲಸ ಮಾಡುತ್ತಿಲ್ಲವೆಂದು ತೋರುತ್ತದೆ ನಾನು ಏನಾದರೂ ತಪ್ಪು ಮಾಡುತ್ತಿದ್ದೇನೆಯೇ?,kn-Knda,banking77_nllb200_translation,virtual_card_not_working,card_not_working,,,,,,intent,20,90
lstm,banking77mt-bn-Beng-21898-q0,"হ্যালো, একটি আইটেমের রিফান্ড বা পেমেন্ট বাতিল করার জন্য আপনার সাহায্য দরকার, আমি অর্ডার করেছি কিন্তু এখনও তা পাইনি।",bn-Beng,banking77_nllb200_translation,request_refund,card_payment_not_recognised,,,,,,intent,29,115
lstm,banking77mt-kn-Knda-21985-q0,ನನ್ನ ಹೇಳಿಕೆಯ ಶುಲ್ಕ ಎಷ್ಟು?,kn-Knda,banking77_nllb200_translation,extra_charge_on_statement,top_up_by_bank_transfer_charge,,,,,,intent,8,25
lstm,banking77mt-ml-Mlym-22013-q0,ഒറ്റത്തവണ ഉപയോഗിക്കാവുന്ന കാർഡുകളുടെ കാര്യത്തിൽ എന്തെല്ലാം നിയന്ത്രണങ്ങളാണ് ഉള്ളത്?,ml-Mlym,banking77_nllb200_translation,disposable_card_limits,get_disposable_virtual_card,,,,,,intent,15,83
lstm,banking77mt-hi-Deva-22021-q0,किस कारण से मुझे टॉप अप को प्रमाणित करना होगा?,hi-Deva,banking77_nllb200_translation,verify_top_up,automatic_top_up,,,,,,intent,13,46
lstm,banking77mt-hi-Deva-22022-q0,"मैंने कल से पहले देश के भीतर एक स्थानान्तरण किया है, लेकिन यह अभी तक वहाँ नहीं है। क्या आप कृपया जाँच कर सकते हैं कि इसके साथ क्या हो रहा है, खाता संख्या निश्चित रूप से सही है, मैंने इसे कई बार पहले ही जांच लिया है।",hi-Deva,banking77_nllb200_translation,transfer_not_received_by_recipient,direct_debit_payment_not_recognised,,,,,,intent,55,215
lstm,banking77-en-Latn-22060-q0,What ATMs can I use this card?,en-Latn,banking77_english,atm_support,country_support,,,,,,intent,10,30
lstm,banking77mt-ml-Mlym-22170-q0,"ട്രാൻസ്ഫറുകള് സൌജന്യമാണെന്ന് ഞാന് കരുതി, പിന്നെന്തിനാണ് എനിക്ക് ഫീസ് ഈടാക്കുന്നത്?",ml-Mlym,banking77_nllb200_translation,transfer_fee_charged,card_payment_fee_charged,,,,,,intent,21,82
lstm,banking77mt-kn-Knda-22201-q0,ನನಗೆ ದಿನಕ್ಕೆ ಹಲವಾರು ಕಾರ್ಡುಗಳು ಬೇಕಾಗುತ್ತವೆ. ಮತ್ತು ನಾನು ಮಾಡುವ ಎಲ್ಲಾ ಕಾರ್ಡುಗಳನ್ನು ಎಸೆಯಲು ನನಗೆ ಸಾಧ್ಯವಾಗುತ್ತದೆ.,kn-Knda,banking77_nllb200_translation,disposable_card_limits,getting_spare_card,,,,,,intent,24,106
lstm,banking77mt-hi-Deva-22239-q0,मेरे बयान में उन चीजों के लिए शुल्क दिखाया गया है जिन्हें मैंने कभी नहीं खरीदा। क्या मेरे खाते की जानकारी चुराई गई थी?,hi-Deva,banking77_nllb200_translation,compromised_card,request_refund,,,,,,intent,29,118
lstm,banking77mt-hi-Deva-22286-q0,मैं अचानक एक त्रुटि प्राप्त कर रहा हूँ एक स्थानांतरण का प्रयास कर रहा है कि यह संभव नहीं है. क्यों? मैं इसे पहले किया है.,hi-Deva,banking77_nllb200_translation,beneficiary_not_allowed,Refund_not_showing_up,,,,,,intent,31,121
lstm,banking77mt-kn-Knda-22429-q0,ನನ್ನ ಕಾರ್ಡ್ ಕೆಲಸ ಮಾಡುವುದಿಲ್ಲ. ನಾನು ಎಟಿಎಂ ನಲ್ಲಿ ನಗದು ಹಿಂಪಡೆಯಲು ಸಾಧ್ಯವಿಲ್ಲ,kn-Knda,banking77_nllb200_translation,declined_cash_withdrawal,cash_withdrawal_not_recognised,,,,,,intent,18,72
lstm,banking77mt-ta-Taml-22431-q0,நான் தானியங்கி நிரப்புதல் அமைக்க முடியுமா?,ta-Taml,banking77_nllb200_translation,automatic_top_up,verify_top_up,,,,,,intent,10,42
lstm,banking77mt-ml-Mlym-22506-q0,ഞാനെങ്ങനെ ഒരു യഥാർത്ഥ കാർഡ് കിട്ടും?,ml-Mlym,banking77_nllb200_translation,order_physical_card,card_delivery_estimate,,,,,,intent,10,36
lstm,banking77mt-bn-Beng-22584-q0,আপনার অর্ডার করা ভার্চুয়াল কার্ড দেখার জন্য কতক্ষণ অপেক্ষা করতে হবে?,bn-Beng,banking77_nllb200_translation,getting_virtual_card,card_acceptance,,,,,,intent,15,69
lstm,banking77mt-ta-Taml-22596-q0,நான் இன்று காலை செய்ததை மீண்டும் செய்ய விரும்புகிறேன்,ta-Taml,banking77_nllb200_translation,cancel_transfer,pending_top_up,,,,,,intent,10,53
lstm,banking77mt-hi-Deva-22638-q0,मैं डेबिट लेनदेन पर कैसे विवाद कर सकता हूँ?,hi-Deva,banking77_nllb200_translation,direct_debit_payment_not_recognised,request_refund,,,,,,intent,12,43
lstm,banking77mt-ta-Taml-22649-q0,நான் சில பணம் அனுப்பியது மற்றும் கணக்கு நான் செய்த பரிமாற்றம் பெறவில்லை.,ta-Taml,banking77_nllb200_translation,transfer_not_received_by_recipient,beneficiary_not_allowed,,,,,,intent,13,72
lstm,banking77mt-kn-Knda-22834-q0,ನನ್ನ ಮಗಳಿಗೆ ಒಂದು ಕಾರ್ಡ್ ಬೇಕು. ನನ್ನ ಖಾತೆಗೆ ಲಿಂಕ್ ಆಗಿರುವ ಒಂದು ಕಾರ್ಡ್ ಕೊಡಬಹುದೇ?,kn-Knda,banking77_nllb200_translation,getting_spare_card,card_acceptance,,,,,,intent,22,76
lstm,banking77mt-ta-Taml-22838-q0,தயவுசெய்து ஒற்றை பயன்பாட்டு அட்டைகளுடன் வரும் எந்தவொரு வரம்புகளையும் குறிப்பிடவும்.,ta-Taml,banking77_nllb200_translation,disposable_card_limits,get_disposable_virtual_card,,,,,,intent,16,83
lstm,banking77mt-bn-Beng-22912-q0,"সুতরাং, আমি একটি অদ্ভুত ফি দেখি যা আমি আগে কখনও দেখিনি বিদেশ থেকে অনলাইন ক্রয় করার পরে। আমি ধারণা করেছিলাম যে স্থানান্তরগুলি বিনামূল্যে করা যেতে পারে। আমি মনে করি না এটি ন্যায়সঙ্গত বলে মনে হচ্ছে।",bn-Beng,banking77_nllb200_translation,transfer_fee_charged,transaction_charged_twice,,,,,,intent,44,197
lstm,banking77mt-te-Telu-22925-q0,ఎందుకు నేను మళ్ళీ అభియోగాలు చేస్తున్నారు?,te-Telu,banking77_nllb200_translation,transaction_charged_twice,getting_virtual_card,,,,,,intent,11,41
lstm,banking77mt-bn-Beng-22958-q0,"আমি নগদ টাকা তুলতে চেষ্টা করেছি কিন্তু পরিমাণ ঠিক নয়, তাই আমি কি করব?",bn-Beng,banking77_nllb200_translation,wrong_amount_of_cash_received,declined_cash_withdrawal,,,,,,intent,18,70
lstm,banking77-en-Latn-22962-q0,Earlier today I took money out the ATM. After checking the app the amount is so much higher than the amount I received.,en-Latn,banking77_english,wrong_amount_of_cash_received,declined_cash_withdrawal,,,,,,intent,27,119
lstm,banking77mt-hi-Deva-23078-q0,मुझे एक संदेश मिला है कि मेरा स्थानांतरण संभव नहीं है। क्या हो रहा है? मुझे इसे पारित करने की आवश्यकता है कृपया।,hi-Deva,banking77_nllb200_translation,beneficiary_not_allowed,failed_transfer,,,,,,intent,28,112
lstm,banking77mt-kn-Knda-23317-q0,ನನ್ನ ಕಾರ್ಡನ್ನು ಅನ್ಬ್ಲಾಕ್ ಮಾಡಲು ನಾನು ಅಪ್ಲಿಕೇಶನ್ ಬಳಸಬಹುದೇ?,kn-Knda,banking77_nllb200_translation,pin_blocked,card_arrival,,,,,,intent,19,56
lstm,banking77mt-hi-Deva-23396-q0,मुझे मेरा नया कार्ड क्यों नहीं मिला?,hi-Deva,banking77_nllb200_translation,card_arrival,lost_or_stolen_card,,,,,,intent,10,36
lstm,banking77mt-ta-Taml-23475-q0,நான் யாராவது என் அட்டை பயன்படுத்தி இருக்கலாம் என்று நினைக்கிறேன்.,ta-Taml,banking77_nllb200_translation,compromised_card,card_not_working,,,,,,intent,11,65
lstm,banking77mt-hi-Deva-23602-q0,"हाय, भुगतान का एक अभी भी लंबित के रूप में आ रहा है जिसके लिए मैं पहले से ही कार्ड से भुगतान किया है. मुझे लगता है कि यह संसाधित नहीं किया गया है, कृपया जांच और मुझे अद्यतन कर सकते हैं।",hi-Deva,banking77_nllb200_translation,pending_card_payment,card_payment_fee_charged,,,,,,intent,50,184
lstm,banking77mt-hi-Deva-23665-q0,अगर मेरा कार्ड टूट जाए तो मुझे क्या करना चाहिए?,hi-Deva,banking77_nllb200_translation,card_not_working,card_delivery_estimate,,,,,,intent,13,47
lstm,banking77mt-kn-Knda-23783-q0,ನಾನು ಭವಿಷ್ಯದ ಪುನರ್ಭರ್ತಿಗಳನ್ನು ನಿಗದಿಪಡಿಸಬಹುದೇ?,kn-Knda,banking77_nllb200_translation,automatic_top_up,apple_pay_or_google_pay,,,,,,intent,16,45
lstm,banking77mt-te-Telu-23784-q0,నేను ఒక క్రెడిట్ కార్డ్ బ్రాండ్ ఎంచుకోవాలి?,te-Telu,banking77_nllb200_translation,visa_or_mastercard,getting_virtual_card,,,,,,intent,15,43
lstm,banking77-en-Latn-23845-q0,I need to report a stolen card,en-Latn,banking77_english,lost_or_stolen_card,getting_virtual_card,,,,,,intent,9,30
lstm,banking77mt-ml-Mlym-23854-q0,എന്റെ പി. ഐ. എൻ എങ്ങനെ പുനഃസജ്ജമാക്കാം?,ml-Mlym,banking77_nllb200_translation,pin_blocked,change_pin,,,,,,intent,16,39
lstm,banking77mt-hi-Deva-23860-q0,मैं खरीदारी नहीं कर पा रहा हूँ क्योंकि मेरे कार्ड के साथ कोई समस्या है,hi-Deva,banking77_nllb200_translation,reverted_card_payment?,card_not_working,,,,,,intent,17,70
lstm,banking77mt-ta-Taml-23951-q0,சில பரிவர்த்தனைகளில் எனக்கு ஏன் கட்டணம் வசூலிக்கப்படுகிறது ஆனால் மற்றவைகளில் இல்லை? நான் இங்கே எதை இழக்கிறேன்? எனது கணக்கில் கட்டண கட்டமைப்பை எங்கே பார்க்க வேண்டும் என்று என்னால் கண்டுபிடிக்க முடியவில்லை. உதவி!,ta-Taml,banking77_nllb200_translation,card_payment_fee_charged,transfer_fee_charged,,,,,,intent,37,210
lstm,banking77-en-Latn-24031-q0,I went to top up my card and it was cancelled.,en-Latn,banking77_english,top_up_reverted,top_up_failed,,,,,,intent,14,46
lstm,banking77mt-ml-Mlym-24033-q0,കറൻസി കൈമാറ്റം ചെയ്യുന്നതിന് എന്തെങ്കിലും വിലയുണ്ടോ?,ml-Mlym,banking77_nllb200_translation,exchange_charge,fiat_currency_support,,,,,,intent,11,52
lstm,banking77mt-kn-Knda-24153-q0,ನನ್ನ ಕಾರ್ಡ್ ವರ್ಗಾವಣೆಯ ಪರಿಶೀಲನಾ ಕೋಡ್ ಅನ್ನು ನಾನು ನೋಡುತ್ತಿಲ್ಲ.,kn-Knda,banking77_nllb200_translation,verify_top_up,get_physical_card,,,,,,intent,16,59
lstm,banking77mt-bn-Beng-24291-q0,আমি কিভাবে টাকা ফেরত চাইতে পারি? এটিএম আমাকে ভুল পরিমাণ দিয়েছে যেটা আমাকে চার্জ করা হয়েছে যদিও...,bn-Beng,banking77_nllb200_translation,wrong_amount_of_cash_received,direct_debit_payment_not_recognised,,,,,,intent,23,99
lstm,banking77mt-ml-Mlym-24308-q0,എന്റെ പണത്തിന്റെ ഉറവിടം കാണിക്കൂ.,ml-Mlym,banking77_nllb200_translation,verify_source_of_funds,wrong_amount_of_cash_received,,,,,,intent,10,33
lstm,banking77mt-ml-Mlym-24387-q0,ഓൺലൈന് ഷോപ്പിംഗ് ഞാന് എന്തെങ്കിലും വാങ്ങാന് ശ്രമിച്ചപ്പോള് അത് നിരസിക്കപ്പെട്ടു.,ml-Mlym,banking77_nllb200_translation,declined_transfer,reverted_card_payment?,,,,,,intent,18,80
lstm,banking77-en-Latn-24569-q0,Can someone please assist me with finding my nearest ATM?,en-Latn,banking77_english,atm_support,declined_cash_withdrawal,,,,,,intent,13,57
lstm,banking77mt-kn-Knda-24648-q0,ನಾನು ನನ್ನ ಹೊಸ ಕಾರ್ಡ್ ಬಳಸಬಹುದು?,kn-Knda,banking77_nllb200_translation,activate_my_card,card_acceptance,,,,,,intent,8,30
lstm,banking77mt-ml-Mlym-24649-q0,എനിക്ക് എന്റെ അക്കൌണ്ടില് പണം ചേര് ക്കണം. അത് ബാങ്ക് ട്രാൻസ്ഫര് വഴി ചെയ്യാമോ?,ml-Mlym,banking77_nllb200_translation,transfer_into_account,transfer_timing,,,,,,intent,24,77
lstm,banking77mt-ta-Taml-24680-q0,வெளிநாட்டு நாணயத்தை மாற்றுவதற்கு கட்டணம் ஏதும் உள்ளதா?,ta-Taml,banking77_nllb200_translation,exchange_charge,card_payment_wrong_exchange_rate,,,,,,intent,11,54
lstm,banking77mt-kn-Knda-24752-q0,ವರ್ಗಾವಣೆಯನ್ನು ರದ್ದುಗೊಳಿಸಲು ನನಗೆ ಸಹಾಯ ಮಾಡಿ.,kn-Knda,banking77_nllb200_translation,cancel_transfer,failed_transfer,,,,,,intent,10,42
lstm,banking77mt-ml-Mlym-24780-q0,എനിക്ക് എങ്ങനെ കൂടുതൽ ഫിസിക്കൽ കാർഡുകൾ ആവശ്യപ്പെടാം?,ml-Mlym,banking77_nllb200_translation,getting_spare_card,country_support,,,,,,intent,11,52
lstm,banking77mt-ml-Mlym-24838-q0,കാശ് കിട്ടിയപ്പോൾ വിനിമയ നിരക്ക് തെറ്റായിരുന്നു.,ml-Mlym,banking77_nllb200_translation,wrong_exchange_rate_for_cash_withdrawal,card_payment_wrong_exchange_rate,,,,,,intent,11,48
lstm,banking77-en-Latn-24847-q0,I believe my card has been compromised because of a strange withdrawal,en-Latn,banking77_english,cash_withdrawal_not_recognised,compromised_card,,,,,,intent,14,70
lstm,banking77mt-ta-Taml-24851-q0,என் நிரப்புதல் தோல்வியடைந்தது.,ta-Taml,banking77_nllb200_translation,top_up_failed,verify_top_up,,,,,,intent,8,30
lstm,banking77mt-ml-Mlym-24920-q0,എനിക്ക് എന്റെ ടോപ്പ്-അപ്പ് പരമാവധി വർദ്ധിപ്പിക്കാമോ?,ml-Mlym,banking77_nllb200_translation,top_up_limits,verify_top_up,,,,,,intent,14,52
lstm,banking77-en-Latn-24926-q0,Is there a strict timeline regarding disputing transactions made on my account? I just noticed a fraudulent charge on a statement from a couple months ago.,en-Latn,banking77_english,direct_debit_payment_not_recognised,transaction_charged_twice,,,,,,intent,32,155
lstm,banking77mt-hi-Deva-24958-q0,"मैंने विदेश में बैंकिंग करते समय एक शुल्क देखा, जो कि इससे पहले मुझसे लिया गया किसी भी शुल्क से अलग लगता है। इस शुल्क का क्या अर्थ है?",hi-Deva,banking77_nllb200_translation,transfer_fee_charged,transaction_charged_twice,,,,,,intent,34,134
lstm,banking77mt-kn-Knda-25107-q0,ನಾನು ಪ್ರತಿದಿನ ಹಲವಾರು ಡಿಸ್ಪೋಸಬಲ್ ಕಾರ್ಡುಗಳನ್ನು ತಯಾರಿಸುವ ಅಗತ್ಯವಿದೆ.,kn-Knda,banking77_nllb200_translation,disposable_card_limits,getting_virtual_card,,,,,,intent,15,64
lstm,banking77mt-hi-Deva-25173-q0,एप्लिकेशन विश्वास नहीं करता कि यह मैं हूँ।,hi-Deva,banking77_nllb200_translation,unable_to_verify_identity,top_up_failed,,,,,,intent,11,42
lstm,banking77-en-Latn-25378-q0,How long do transfers take? I sent money to a friend who needs it urgently. It's been hours and has not gone through.,en-Latn,banking77_english,transfer_not_received_by_recipient,failed_transfer,,,,,,intent,31,117
lstm,banking77mt-ta-Taml-25647-q0,நான் ஏன் இன்னும் பணம் பெறவில்லை?,ta-Taml,banking77_nllb200_translation,pending_card_payment,pending_transfer,,,,,,intent,8,32
lstm,banking77-en-Latn-25759-q0,I would like to change my adress,en-Latn,banking77_english,edit_personal_details,why_verify_identity,,,,,,intent,10,32
lstm,banking77mt-hi-Deva-25770-q0,मेरा संतुलन मेरे स्थानांतरण को क्यों प्रतिबिंबित नहीं करता है?,hi-Deva,banking77_nllb200_translation,balance_not_updated_after_bank_transfer,failed_transfer,,,,,,intent,13,62
lstm,banking77-en-Latn-25791-q0,I am concerned that I am being doubled charged for several items purchased in the past week. Please review my statement and correct.,en-Latn,banking77_english,transaction_charged_twice,direct_debit_payment_not_recognised,,,,,,intent,27,132
lstm,banking77mt-kn-Knda-25798-q0,"ನನಗೆ ಹೊಸ ಪಿನ್ ಬೇಕು, ನಾನು ಹೇಗೆ ಮಾಡಲಿ?",kn-Knda,banking77_nllb200_translation,change_pin,get_physical_card,,,,,,intent,12,36
lstm,banking77mt-ml-Mlym-25810-q0,പണം കിട്ടിയപ്പോൾ എന്റെ വിനിമയ നിരക്ക് തെറ്റാണെന്ന് ഞാൻ ശ്രദ്ധിച്ചു.,ml-Mlym,banking77_nllb200_translation,wrong_exchange_rate_for_cash_withdrawal,card_payment_wrong_exchange_rate,,,,,,intent,15,67
lstm,banking77mt-kn-Knda-25935-q0,"ಕೆಲವು ವಾರಗಳ ಹಿಂದೆ, ನನಗೆ ಗೊತ್ತಿಲ್ಲದ ಮಾರಾಟಗಾರರಿಂದ ನನ್ನ ಖಾತೆಯಲ್ಲಿ ಒಂದು ವಿಚಿತ್ರ ವಹಿವಾಟು ಮಾಡಲಾಯಿತು. ನಾನು ಅದನ್ನು ಮಾಡಲಿಲ್ಲವೆಂದು ನನಗೆ ಖಚಿತವಾಗಿದೆ ಮತ್ತು ನೀವು ಅದನ್ನು ನನಗೆ ಪರಿಶೀಲಿಸಲು ಬಯಸುತ್ತೇನೆ.",kn-Knda,banking77_nllb200_translation,direct_debit_payment_not_recognised,transaction_charged_twice,,,,,,intent,39,182
lstm,banking77mt-ta-Taml-25947-q0,கூடுதல் தொகைக்கு ஒரு வரம்பு இருக்கிறதா?,ta-Taml,banking77_nllb200_translation,top_up_limits,exchange_charge,,,,,,intent,9,39
lstm,banking77mt-kn-Knda-25964-q0,"ಓ ದೇವರೇ, ನನ್ನ ಕಾರ್ಡನ್ನು ಎಟಿಎಂನಲ್ಲಿ ಎರಡು ಬಾರಿ ತಿರಸ್ಕರಿಸಲಾಗಿದೆ! ನಾನು ಎರಡು ವಿಭಿನ್ನ ಎಟಿಎಂಗಳನ್ನು ಪ್ರಯತ್ನಿಸಿದೆ, ಆದರೆ ಪ್ರತಿಯೊಂದೂ ನನ್ನ ಕಾರ್ಡನ್ನು ತಿರಸ್ಕರಿಸಿದೆ! ನನ್ನ ಖಾತೆಯೊಂದಿಗೆ ಏನಾಗುತ್ತಿದೆ ಎಂದು ನೀವು ನನಗೆ ಹೇಳಬಲ್ಲಿರಾ?",kn-Knda,banking77_nllb200_translation,declined_cash_withdrawal,card_swallowed,,,,,,intent,55,206
lstm,banking77-en-Latn-25970-q0,Why hasn't my top-up gone through?,en-Latn,banking77_english,pending_top_up,top_up_failed,,,,,,intent,13,34
lstm,banking77mt-ta-Taml-26091-q0,எனது சுயவிவரத்தின் விவரங்கள் எனது ஆவணங்களுடன் பொருந்துமா?,ta-Taml,banking77_nllb200_translation,verify_my_identity,apple_pay_or_google_pay,,,,,,intent,14,57
lstm,banking77-en-Latn-26155-q0,I need assistance with understanding which fiat currencies that you support.,en-Latn,banking77_english,fiat_currency_support,visa_or_mastercard,,,,,,intent,15,76
lstm,banking77mt-kn-Knda-26200-q0,ನನ್ನ ಗುರುತಿನ ಪರಿಶೀಲನೆ ಇನ್ನೂ ಮುಗಿದಿಲ್ಲವಾದರೂ ನನ್ನ ಖಾತೆಗೆ ಪ್ರವೇಶವಿದೆಯೇ?,kn-Knda,banking77_nllb200_translation,why_verify_identity,apple_pay_or_google_pay,,,,,,intent,16,68
lstm,banking77mt-hi-Deva-26267-q0,मुझे अपने कार्ड से खरीदारी करने के लिए अतिरिक्त राशि वसूलनी पड़ी,hi-Deva,banking77_nllb200_translation,card_payment_fee_charged,card_about_to_expire,,,,,,intent,15,64
lstm,banking77mt-bn-Beng-26316-q0,এখানে কেন আইডি চেক আছে?,bn-Beng,banking77_nllb200_translation,why_verify_identity,top_up_by_cash_or_cheque,,,,,,intent,8,23
lstm,banking77mt-kn-Knda-26540-q0,ನನ್ನ ವಹಿವಾಟು ಮುಗಿಯುವವರೆಗೆ ಕಾಯುತ್ತಿದ್ದೇನೆ.,kn-Knda,banking77_nllb200_translation,transfer_not_received_by_recipient,transaction_charged_twice,,,,,,intent,12,41
lstm,banking77mt-ml-Mlym-26583-q0,ഞാന് തെറ്റായ അക്കൌണ്ട് നമ്പര് ഉപയോഗിച്ചു!,ml-Mlym,banking77_nllb200_translation,cancel_transfer,country_support,,,,,,intent,10,41
lstm,banking77mt-ta-Taml-26647-q0,எவ்வளவு நேரம் டெலிவரி எடுக்கும்?,ta-Taml,banking77_nllb200_translation,card_delivery_estimate,verify_source_of_funds,,,,,,intent,9,32
lstm,banking77mt-hi-Deva-26848-q0,क्या मैं चेक या नकद भुगतान प्रस्तुत कर सकता हूँ?,hi-Deva,banking77_nllb200_translation,top_up_by_cash_or_cheque,receiving_money,,,,,,intent,13,48
lstm,banking77mt-ml-Mlym-26981-q0,"ഞാൻ എന്റെ അക്കൌണ്ടിനായി ആപ്ലിക്കേഷൻ പരിശോധിക്കുകയായിരുന്നു, അതിൽ ഒരു അംഗീകൃത ചാർജ്ജ് ഉണ്ടെന്ന് ഞാൻ ശ്രദ്ധിച്ചു. ഞാൻ ഇന്ന് എന്റെ കാർഡ് ഉപയോഗിച്ചിട്ടില്ല, അതിനാൽ ഞാൻ അത് ചെയ്തിട്ടില്ലെന്ന് എനിക്കറിയാം. ഇടപാട് പിൻവലിക്കാനും പണം മാറ്റിസ്ഥാപിക്കാനും ഞാൻ ആഗ്രഹിക്കുന്നു.",ml-Mlym,banking77_nllb200_translation,direct_debit_payment_not_recognised,cash_withdrawal_not_recognised,,,,,,intent,60,264
lstm,banking77mt-hi-Deva-27168-q0,मुझे जितना पैसा चाहिए था उससे कम दिया गया।,hi-Deva,banking77_nllb200_translation,wrong_amount_of_cash_received,declined_transfer,,,,,,intent,12,42
lstm,banking77mt-kn-Knda-27460-q0,ಸಾಧ್ಯವಾದಷ್ಟು ಬೇಗ ನನ್ನ ಕಾರ್ಡ್ ವಿತರಿಸಬೇಕು.,kn-Knda,banking77_nllb200_translation,card_delivery_estimate,card_not_working,,,,,,intent,10,40
lstm,banking77-en-Latn-27684-q0,How long until my transfer goes through?,en-Latn,banking77_english,transfer_timing,failed_transfer,,,,,,intent,10,40
lstm,banking77-en-Latn-27818-q0,"Transfers may show up as pending for up to one day while they are processed by one of our payment processors. Then, they will depart for the beneficiary accounts. Please also double-check that you have entered the correct account details. SEPA transfers can take up to two business days, and SWIFT transfers can take up to five business days.",en-Latn,banking77_english,pending_transfer,transfer_fee_charged,,,,,,intent,76,342
lstm,banking77mt-te-Telu-27963-q0,"నేను ఇప్పుడే USA మరియు కెనడాలో భోజన సెలవు నుండి తిరిగి వచ్చాను మరియు నా ఖాతాలో చాలా పెండింగ్ మరియు నకిలీ లావాదేవీలు ఉన్నాయి. నేను ఏదో తప్పు అని అనుకుంటున్నాను, దయచేసి మీరు దాన్ని చూడగలరా?",te-Telu,banking77_nllb200_translation,transaction_charged_twice,reverted_card_payment?,,,,,,intent,53,187
lstm,banking77mt-kn-Knda-27975-q0,ನನ್ನ ಕಾರ್ಡ್ ಪಾವತಿಗಳಲ್ಲಿ ಒಂದು ಅದು ಅಂಟಿಕೊಂಡಿದೆ ಎಂದು ತೋರುತ್ತದೆ ಆದರೆ ನಾನು ಪಾವತಿಯನ್ನು ಕೆಲವು ದಿನಗಳ ಹಿಂದೆ ಮಾಡಿದ್ದೇನೆ. ನನ್ನ ಖಾತೆಗೆ ಪಾವತಿಯನ್ನು ಅನ್ವಯಿಸಲು ಎಷ್ಟು ಸಮಯ ತೆಗೆದುಕೊಳ್ಳುತ್ತದೆ?,kn-Knda,banking77_nllb200_translation,pending_card_payment,reverted_card_payment?,,,,,,intent,35,172
lstm,banking77-en-Latn-28097-q0,What do I do if I forgot my PIN?,en-Latn,banking77_english,pin_blocked,get_physical_card,,,,,,intent,12,32
lstm,banking77mt-ml-Mlym-28133-q0,എന്റെ ടോപ്പ് അപ്പ് ഇപ്പോഴും കാത്തിരിക്കുകയാണെന്ന് പറയുമ്പോൾ അതിന്റെ അർത്ഥമെന്താണ്?,ml-Mlym,banking77_nllb200_translation,pending_top_up,verify_source_of_funds,,,,,,intent,19,82
lstm,banking77mt-ml-Mlym-28236-q0,എന്തിന് എനിക്ക് പണം കൈമാറിയതിന് ഒരു ഫീസ് ഈടാക്കുന്നു?,ml-Mlym,banking77_nllb200_translation,transfer_fee_charged,extra_charge_on_statement,,,,,,intent,15,53
lstm,banking77-en-Latn-28238-q0,I got a message that I need to verify my identity; what do I do?,en-Latn,banking77_english,verify_my_identity,why_verify_identity,,,,,,intent,19,64
lstm,banking77mt-bn-Beng-28308-q0,আমি বহুদিন ধরে অপেক্ষা করছি আর আমার পিন এখনো আসেনি।,bn-Beng,banking77_nllb200_translation,get_physical_card,balance_not_updated_after_bank_transfer,,,,,,intent,13,51
lstm,banking77mt-ml-Mlym-28545-q0,ഏത് ക്രെഡിറ്റ് കാർഡാണ് നിങ്ങൾ സ്വീകരിക്കുന്നത്?,ml-Mlym,banking77_nllb200_translation,supported_cards_and_currencies,order_physical_card,,,,,,intent,10,47
lstm,banking77mt-kn-Knda-28566-q0,ನನ್ನ ಕಾರ್ಡ್ ಅನ್ನು ಆನ್ಲೈನ್ನಲ್ಲಿ ಖರೀದಿ ಮಾಡಲು ಬಳಸಲಾಗುತ್ತಿದೆ! ಬೇರೊಬ್ಬರು ಅದನ್ನು ವಂಚನೆಯಿಂದ ಬಳಸುತ್ತಿದ್ದಾರೆ. ನೀವು ಅದನ್ನು ಫ್ರೀಜ್ ಮಾಡಲು ನನಗೆ ಸಹಾಯ ಮಾಡಬಹುದೇ?,kn-Knda,banking77_nllb200_translation,compromised_card,getting_spare_card,,,,,,intent,34,145
lstm,banking77mt-hi-Deva-28631-q0,कार्ड और मुद्राओं के संबंध में क्या स्वीकार किया जाता है?,hi-Deva,banking77_nllb200_translation,supported_cards_and_currencies,order_physical_card,,,,,,intent,14,57
lstm,banking77mt-hi-Deva-28670-q0,क्या मेरा जीपीबी मेरे वेतन को अपडेट करेगा?,hi-Deva,banking77_nllb200_translation,receiving_money,apple_pay_or_google_pay,,,,,,intent,13,42
lstm,banking77-en-Latn-28760-q0,"Even though it's late, I wanted to see about disputing a charge. I was just looking through my transactions over the past couple of months and noticed a pretty large amount that was not completed by me. Is this possibly something I can still do.",en-Latn,banking77_english,direct_debit_payment_not_recognised,top_up_reverted,,,,,,intent,55,245
lstm,banking77-en-Latn-28771-q0,"How long does it typically take a transfer to go through? I sent some money to a friend earlier today, and she really needs it. It still is a pending transfer, even though I sent it a few hours ago.",en-Latn,banking77_english,transfer_not_received_by_recipient,failed_transfer,,,,,,intent,47,198
lstm,banking77mt-kn-Knda-28791-q0,ನಿಮ್ಮ ಕಾರ್ಡುಗಳು EUಯಲ್ಲಿ ಲಭ್ಯವಿದೆಯೇ?,kn-Knda,banking77_nllb200_translation,country_support,getting_spare_card,,,,,,intent,10,35
lstm,banking77mt-hi-Deva-28952-q0,क्या अमेरिकन एक्सप्रेस स्वीकार किया जाता है?,hi-Deva,banking77_nllb200_translation,supported_cards_and_currencies,age_limit,,,,,,intent,10,44
lstm,banking77mt-ml-Mlym-29026-q0,എന്റെ പണം പിൻവലിക്കാന് എത്ര സമയമെടുക്കും?,ml-Mlym,banking77_nllb200_translation,pending_cash_withdrawal,declined_cash_withdrawal,,,,,,intent,12,41
lstm,banking77mt-ml-Mlym-29124-q0,എനിക്ക് എങ്ങനെ ഒരു ഗുണഭോക്താവിന് പണം കൈമാറാനാകും?,ml-Mlym,banking77_nllb200_translation,beneficiary_not_allowed,exchange_rate,,,,,,intent,16,49
lstm,banking77mt-hi-Deva-29149-q0,मैंने अपने प्लग-इन को सक्रिय करने की कोशिश की और यह काम नहीं किया,hi-Deva,banking77_nllb200_translation,activate_my_card,top_up_failed,,,,,,intent,18,65
lstm,banking77mt-ta-Taml-29168-q0,நான் இங்கிலாந்திற்கு வெளியே வசித்தாலும் எனக்கு அட்டை கிடைக்குமா?,ta-Taml,banking77_nllb200_translation,country_support,apple_pay_or_google_pay,,,,,,intent,15,64
lstm,banking77mt-ta-Taml-29191-q0,"விடுமுறை நாட்களில் ஏடிஎம்மில் இருந்து சில பணத்தை எடுத்தேன், மேலும் எனக்கு அதிக கட்டணம் வசூலிக்கப்பட்டதாக தெரிகிறது. இந்த மோசமான கட்டணங்களை அறிந்திருந்தால் நான் அதை செய்திருக்க மாட்டேன்!",ta-Taml,banking77_nllb200_translation,wrong_exchange_rate_for_cash_withdrawal,cash_withdrawal_charge,,,,,,intent,37,185
lstm,banking77mt-ta-Taml-29203-q0,நான் மற்றொரு கார்டு ஆர்டர் செய்ய விரும்புகிறேன்,ta-Taml,banking77_nllb200_translation,getting_spare_card,visa_or_mastercard,,,,,,intent,8,47
lstm,banking77mt-ta-Taml-29228-q0,"ஒரு இடமாற்றத்தின் போது நான் ஒரு தட்டச்சு பிழையைச் செய்தேன், இப்போது நான் தவறான கணக்கிற்கு பணத்தை அனுப்பியுள்ளேன் என்பதால் நான் மிகவும் வருத்தப்படுகிறேன். இதை பயன்பாட்டில் சரிசெய்ய முடியாது. தயவுசெய்து எனக்கு உடனடியாக உதவுங்கள்!",ta-Taml,banking77_nllb200_translation,cancel_transfer,transfer_not_received_by_recipient,,,,,,intent,46,227
lstm,banking77mt-kn-Knda-29344-q0,ಸರಿಯಾದ ನಗದು ಮೊತ್ತವನ್ನು ಸ್ವೀಕರಿಸಲಾಗಿಲ್ಲ.,kn-Knda,banking77_nllb200_translation,wrong_amount_of_cash_received,declined_cash_withdrawal,,,,,,intent,11,39
lstm,banking77mt-ta-Taml-29392-q0,எனது கடைசி பரிமாற்றம் எவ்வளவு நேரம் எடுக்கும்? பெறுநருக்கு அவசரமாக பணம் தேவை.,ta-Taml,banking77_nllb200_translation,transfer_not_received_by_recipient,beneficiary_not_allowed,,,,,,intent,17,77
lstm,banking77mt-hi-Deva-29482-q0,एक पिन के लिए मुझे क्या करने की आवश्यकता है?,hi-Deva,banking77_nllb200_translation,get_physical_card,change_pin,,,,,,intent,13,44
lstm,banking77mt-ml-Mlym-29620-q0,എന്റെ ബാഗ് എന്റെ എല്ലാ കാർഡുകളുമൊത്ത് മോഷ്ടിക്കപ്പെട്ടു. ദയവായി എന്റെ കാർഡ് റദ്ദാക്കി പുതിയത് അയയ്ക്കാമോ?,ml-Mlym,banking77_nllb200_translation,lost_or_stolen_card,activate_my_card,,,,,,intent,31,105
lstm,banking77mt-bn-Beng-29677-q0,আমি যখন কার্ডে টাকা দিয়েছিলাম তখন কেন দাম বেশি ছিল?,bn-Beng,banking77_nllb200_translation,card_payment_fee_charged,declined_card_payment,,,,,,intent,15,52
lstm,banking77mt-te-Telu-29708-q0,ఒక కార్డును ఆర్డర్ చేయడం సాధ్యమేనా?,te-Telu,banking77_nllb200_translation,order_physical_card,getting_spare_card,,,,,,intent,12,35
lstm,banking77mt-hi-Deva-29727-q0,"मुझे लगता है कि किसी के पास मेरे कार्ड की एक प्रति हो सकती है क्योंकि 500 डॉलर की निकासी की गई थी, और यह मैं नहीं था। क्या आप कृपया मदद कर सकते हैं?",hi-Deva,banking77_nllb200_translation,cash_withdrawal_not_recognised,top_up_failed,,,,,,intent,40,148
lstm,banking77mt-ta-Taml-29904-q0,"நீங்கள் தயவு செய்து என் முள் திறக்க முடியுமா? நான் ஏன் தெரியாது, ஆனால் அது தடுக்கப்பட்டுள்ளது.",ta-Taml,banking77_nllb200_translation,pin_blocked,lost_or_stolen_phone,,,,,,intent,20,94
lstm,banking77-en-Latn-29933-q0,What kind of security protects my money?,en-Latn,banking77_english,verify_source_of_funds,country_support,,,,,,intent,10,40
lstm,banking77mt-bn-Beng-29980-q0,"যদি আমার বিদেশী ট্রান্সফার নগদীকরণ করতে হয়, তাহলে এটা কিভাবে কাজ করবে?",bn-Beng,banking77_nllb200_translation,exchange_rate,transfer_into_account,,,,,,intent,17,71
lstm,banking77mt-ta-Taml-30027-q0,"பரிமாற்றம் செய்யும் போது, விகிதங்கள் எவ்வளவு?",ta-Taml,banking77_nllb200_translation,exchange_rate,exchange_charge,,,,,,intent,9,45
lstm,banking77mt-kn-Knda-30200-q0,"ನಾನು ಅಮೇರಿಕಾದಲ್ಲಿ ವಾಸಿಸುತ್ತಿದ್ದೇನೆ, ಆದರೆ ನನಗೆ ಕಾರ್ಡ್ ಬೇಕು.",kn-Knda,banking77_nllb200_translation,country_support,getting_spare_card,,,,,,intent,12,58
lstm,banking77mt-ml-Mlym-30380-q0,ഈ ആപ്ലിക്കേഷനിൽ കറൻസി മാറ്റാൻ പറ്റുമോ?,ml-Mlym,banking77_nllb200_translation,exchange_via_app,supported_cards_and_currencies,,,,,,intent,15,38
lstm,banking77mt-kn-Knda-30397-q0,ಚೆಕ್ ನಿಮ್ಮ ಖಾತೆಗೆ ಪೋಸ್ಟ್ ಮಾಡಲು ಎಷ್ಟು ಸಮಯ ತೆಗೆದುಕೊಳ್ಳುತ್ತದೆ?,kn-Knda,banking77_nllb200_translation,balance_not_updated_after_cheque_or_cash_deposit,age_limit,,,,,,intent,13,59
lstm,banking77-en-Latn-30838-q0,I transferred some cash and it has not arrived yet.,en-Latn,banking77_english,transfer_not_received_by_recipient,balance_not_updated_after_bank_transfer,,,,,,intent,13,51
lstm,banking77mt-ta-Taml-30891-q0,"நான் ஒரு இரட்டை அட்டை இருந்தது மற்றும் ஏதாவது வாங்கி அது இரண்டு முறை தோன்றியது. நான் என் அட்டை ரத்து, நான் எப்படி என் பணம் திரும்ப கிடைக்கும்?",ta-Taml,banking77_nllb200_translation,transaction_charged_twice,compromised_card,,,,,,intent,27,142
lstm,banking77mt-te-Telu-30904-q0,నేను నా కార్డును ఛార్జ్ చేయడానికి ప్రయత్నించాను కానీ అది తిరస్కరించబడింది. రెండు రోజుల క్రితం నేను దానిని ఛార్జ్ చేయగలిగాను మరియు అది అంగీకరించబడింది. ఏదో తప్పు ఉందా? మీరు నా కోసం రెట్టింపు తనిఖీ చేస్తారా?,te-Telu,banking77_nllb200_translation,top_up_failed,card_payment_fee_charged,,,,,,intent,57,205
lstm,banking77mt-kn-Knda-30933-q0,ನನ್ನ ಕಾರ್ಡ್ ನನ್ನ ಬಳಿ ಇದೆ ಮತ್ತು ಯಾರೋ ಈಗಲೇ 500ರಷ್ಟು ಹಣವನ್ನು ಹಿಂಪಡೆದಿದ್ದಾರೆ. ದಯವಿಟ್ಟು ಸಹಾಯ ಮಾಡಿ!,kn-Knda,banking77_nllb200_translation,cash_withdrawal_not_recognised,card_swallowed,,,,,,intent,26,93
lstm,banking77mt-ta-Taml-30985-q0,நான் எப்படி என் அட்டை வேலை செய்ய முடியும்?,ta-Taml,banking77_nllb200_translation,card_not_working,card_acceptance,,,,,,intent,10,42
lstm,banking77mt-te-Telu-31143-q0,క్రియాశీలతను నాకు సహాయం దయచేసి.,te-Telu,banking77_nllb200_translation,activate_my_card,card_delivery_estimate,,,,,,intent,12,31
lstm,banking77mt-hi-Deva-31159-q0,क्या हो रहा है? मैंने पहले ही 5 बार पैसे ट्रांसफर करने की कोशिश की है। क्या सिस्टम डाउन है? ऐसा नहीं होना चाहिए क्योंकि यह एक बुनियादी ट्रांसफर है।,hi-Deva,banking77_nllb200_translation,failed_transfer,transfer_fee_charged,,,,,,intent,36,147
lstm,banking77mt-ml-Mlym-31175-q0,ഒരു കച്ചവടക്കാരന് പേയ്മെന്റ് നിരസിക്കുകയാണെങ്കില് പണത്തിന് എന്ത് സംഭവിക്കും?,ml-Mlym,banking77_nllb200_translation,reverted_card_payment?,pending_card_payment,,,,,,intent,20,76
lstm,banking77mt-ml-Mlym-31192-q0,നിങ്ങള് എന്റെ രാജ്യത്ത് ലഭ്യമാണോ?,ml-Mlym,banking77_nllb200_translation,country_support,supported_cards_and_currencies,,,,,,intent,10,33
lstm,banking77mt-te-Telu-31270-q0,నేను విదేశాలలో మార్పిడి చేసినప్పుడు నేను సరైన మొత్తంలో నగదును పొందలేదు.,te-Telu,banking77_nllb200_translation,wrong_exchange_rate_for_cash_withdrawal,card_payment_wrong_exchange_rate,,,,,,intent,16,71
lstm,banking77mt-hi-Deva-31586-q0,"मैं इस वापसी की प्रतीक्षा कर रहा हूँ, जल्दी करो.",hi-Deva,banking77_nllb200_translation,Refund_not_showing_up,terminate_account,,,,,,intent,14,48
lstm,banking77mt-te-Telu-31619-q0,నా కార్డును స్తంభింపజేయడానికి మరియు మోసాలను పరిష్కరించడానికి నేను అనువర్తనాన్ని ఉపయోగించవచ్చా?,te-Telu,banking77_nllb200_translation,compromised_card,lost_or_stolen_card,,,,,,intent,31,94
lstm,banking77mt-ta-Taml-31674-q0,எனது அட்டை எப்போது வரும் என்று எனக்கு எப்படித் தெரியும்?,ta-Taml,banking77_nllb200_translation,card_arrival,card_delivery_estimate,,,,,,intent,12,56
lstm,banking77mt-kn-Knda-31686-q0,ನಾನು ನನ್ನ ಪಿನ್ ಸಂಖ್ಯೆಯನ್ನು ಹೇಗೆ ಮರುಹೊಂದಿಸಬಹುದು?,kn-Knda,banking77_nllb200_translation,pin_blocked,change_pin,,,,,,intent,13,47
lstm,banking77-en-Latn-31691-q0,I need someone to alert me as to what's going on. I had transferred an amount but the receiver is saying that the amount is somewhat less than what I sent over. I now have to make another transfer to make up the difference.,en-Latn,banking77_english,transfer_fee_charged,request_refund,,,,,,intent,51,223
lstm,banking77mt-ml-Mlym-31731-q0,അനുമതിയില്ലാത്ത ഒരു ഫീസ് ഉണ്ട്.,ml-Mlym,banking77_nllb200_translation,card_payment_fee_charged,transaction_charged_twice,,,,,,intent,8,31
lstm,banking77mt-ta-Taml-31763-q0,எனது கணக்கிற்கு பணம் அனுமதிக்கப்படவில்லை.,ta-Taml,banking77_nllb200_translation,beneficiary_not_allowed,lost_or_stolen_phone,,,,,,intent,10,41
lstm,banking77mt-ta-Taml-31764-q0,எந்த பத்திர நாணயங்கள் உரிமம் மற்றும் பரிமாற்றத்திற்காக ஆதரிக்கப்படுகின்றன?,ta-Taml,banking77_nllb200_translation,fiat_currency_support,visa_or_mastercard,,,,,,intent,15,74
lstm,banking77mt-te-Telu-31782-q0,నా కార్డు చెల్లింపు పని చేయలేదు ఎందుకు మీకు తెలుసా?,te-Telu,banking77_nllb200_translation,declined_card_payment,reverted_card_payment?,,,,,,intent,15,51
lstm,banking77-en-Latn-31812-q0,What reason did my top-up fail for?,en-Latn,banking77_english,top_up_failed,verify_top_up,,,,,,intent,12,35
lstm,banking77mt-ml-Mlym-31884-q0,ഒരു സ്ഥിരീകരണ കോഡ് എന്താണ്?,ml-Mlym,banking77_nllb200_translation,verify_top_up,apple_pay_or_google_pay,,,,,,intent,8,27
lstm,banking77mt-ta-Taml-31972-q0,இந்த அட்டையை ஐரோப்பாவிற்கு அனுப்ப முடியுமா?,ta-Taml,banking77_nllb200_translation,country_support,card_acceptance,,,,,,intent,10,43
lstm,banking77mt-kn-Knda-32019-q0,ಬ್ಯಾಂಕ್ ಕಾರ್ಡ್ ಬಳಸಿಕೊಂಡು ಟಾಪ್ ಅಪ್ ಮಾಡುವುದು ಸರಿಯೇ?,kn-Knda,banking77_nllb200_translation,top_up_by_card_charge,card_acceptance,,,,,,intent,11,49
lstm,banking77-en-Latn-32041-q0,"I need to add more funds to my card today because it keeps being declined, and I need to use it immediately. Can you fix this or tell me alternatives?",en-Latn,banking77_english,top_up_failed,card_arrival,,,,,,intent,35,150
lstm,banking77mt-hi-Deva-32045-q0,मेरी पहचान सत्यापन प्रक्रिया काम क्यों नहीं कर रही है?,hi-Deva,banking77_nllb200_translation,unable_to_verify_identity,why_verify_identity,,,,,,intent,13,54
lstm,banking77-en-Latn-32118-q0,When will my card payment be done pending?,en-Latn,banking77_english,pending_card_payment,card_delivery_estimate,,,,,,intent,11,42
lstm,banking77mt-kn-Knda-32151-q0,ನನ್ನ ವರ್ಚುವಲ್ ಕಾರ್ಡ್ನಿಂದ ನಾನು ಖರೀದಿಗಳನ್ನು ಮಾಡಲು ಸಾಧ್ಯವಿಲ್ಲ.,kn-Knda,banking77_nllb200_translation,virtual_card_not_working,getting_virtual_card,,,,,,intent,15,59
lstm,banking77mt-bn-Beng-32177-q0,আমি যদি আমার কার্ডে এমন একটি লেনদেন দেখতে পাই যা আমি মনে করতে পারি না?,bn-Beng,banking77_nllb200_translation,card_payment_not_recognised,compromised_card,,,,,,intent,19,70
lstm,banking77-en-Latn-32383-q0,"Why did the person I transferred money to not receive the correct amount? What should I do to get them the right amount, do I have to transfer more money to them?",en-Latn,banking77_english,transfer_fee_charged,transfer_into_account,,,,,,intent,37,162
lstm,banking77mt-ta-Taml-32395-q0,ஏன் என் கணக்கில் இடமாற்றம் காட்டப்படவில்லை?,ta-Taml,banking77_nllb200_translation,balance_not_updated_after_bank_transfer,failed_transfer,,,,,,intent,9,43
lstm,banking77mt-te-Telu-32425-q0,"హలో, నేను ప్రస్తుతం ఎదుర్కొంటున్న సమస్య గురించి మీకు తెలియజేయాలనుకుంటున్నాను. మీ వెబ్సైట్ నుండి నేను ఆర్డర్ చేసిన వస్తువులు ఇంకా రాలేదు; ఇది 3 వారాలకు పైగా ఉంది. నాకు త్వరగా వాపసు ఇవ్వాలని మరియు మరింత సమర్థులైన వ్యక్తుల వద్దకు మళ్ళించాలని నేను కోరుకుంటున్నాను. మీ సహాయం కోసం ధన్యవాదాలు.",te-Telu,banking77_nllb200_translation,request_refund,compromised_card,,,,,,intent,73,286
lstm,banking77-en-Latn-32478-q0,I am not happy with your service and request that my account be terminated!,en-Latn,banking77_english,terminate_account,visa_or_mastercard,,,,,,intent,17,75
lstm,banking77mt-te-Telu-32587-q0,"నేను ఒక పునర్వినియోగ వర్చువల్ కార్డ్ ఏమి అర్థం లేదు, మీరు సహాయం చేయవచ్చు?",te-Telu,banking77_nllb200_translation,get_disposable_virtual_card,disposable_card_limits,,,,,,intent,22,73
lstm,banking77mt-ta-Taml-32799-q0,என் கார்டு எங்கே?,ta-Taml,banking77_nllb200_translation,card_arrival,card_delivery_estimate,,,,,,intent,6,17
lstm,banking77-en-Latn-32801-q0,I put money into my account for the minimum balance but the application didn't accept.,en-Latn,banking77_english,top_up_reverted,balance_not_updated_after_cheque_or_cash_deposit,,,,,,intent,20,86
lstm,banking77mt-te-Telu-33029-q0,నా ఎటిఎం ఉపసంహరణ రద్దు చేయబడింది,te-Telu,banking77_nllb200_translation,declined_cash_withdrawal,cash_withdrawal_not_recognised,,,,,,intent,12,32
lstm,banking77-en-Latn-33047-q0,When do I get my PIN?,en-Latn,banking77_english,get_physical_card,change_pin,,,,,,intent,9,21
lstm,banking77mt-te-Telu-33283-q0,ఎందుకు నా కార్డు ఏ లావాదేవీలు అంగీకరించదు?,te-Telu,banking77_nllb200_translation,card_not_working,card_linking,,,,,,intent,18,42
lstm,banking77-en-Latn-33324-q0,I was told I would be getting a refund but I have yet to see it,en-Latn,banking77_english,Refund_not_showing_up,request_refund,,,,,,intent,18,63
lstm,banking77-en-Latn-33497-q0,Where did my money go? I'm not able to withdraw it from my ATM.,en-Latn,banking77_english,declined_cash_withdrawal,wrong_amount_of_cash_received,,,,,,intent,20,63
lstm,banking77mt-bn-Beng-33503-q0,কেন আমার পেমেন্টের অপেক্ষায় থাকবো?,bn-Beng,banking77_nllb200_translation,pending_card_payment,declined_card_payment,,,,,,intent,10,35
lstm,banking77mt-bn-Beng-33513-q0,আমি আমার কার্ড ব্যবহার করে রিচার্জ করার চেষ্টা করেছি কিন্তু সব টাকা অদৃশ্য হয়ে গেছে।,bn-Beng,banking77_nllb200_translation,topping_up_by_card,card_swallowed,,,,,,intent,19,85
lstm,banking77mt-te-Telu-33561-q0,"నేను నిధులను నింపడానికి ప్రయత్నించాను కానీ నా నిధులు పెండింగ్లో ఉన్నట్లు అనిపిస్తున్నాయి. నేను ఇప్పుడు ఏదో కొనాలనుకుంటున్నాను, నేను ఏమి చేయాలి?",te-Telu,banking77_nllb200_translation,pending_top_up,card_arrival,,,,,,intent,36,143
lstm,banking77mt-ta-Taml-33634-q0,எனது நிதிகளின் ஆதாரம் என்ன?,ta-Taml,banking77_nllb200_translation,verify_source_of_funds,age_limit,,,,,,intent,8,27
lstm,banking77mt-hi-Deva-33868-q0,"मैंने अपना फ़ोन खो दिया है, किसी को मेरे खाते का उपयोग करने से रोकने के लिए मैं क्या कदम उठा सकता हूँ?",hi-Deva,banking77_nllb200_translation,lost_or_stolen_phone,terminate_account,,,,,,intent,27,102
lstm,banking77mt-bn-Beng-33907-q0,গতকাল আমার কার্ড হারিয়ে যাওয়ার পর আমি কিভাবে কাউকে আমার কার্ড ব্যবহার করতে বাধা দিতে পারি?,bn-Beng,banking77_nllb200_translation,lost_or_stolen_phone,card_acceptance,,,,,,intent,19,92
lstm,banking77mt-te-Telu-33955-q0,గుర్తింపు ధ్రువీకరణ ఇంకా జరగకపోయినా నేను ఇప్పుడు నా ఖాతాను ఉపయోగించవచ్చా?,te-Telu,banking77_nllb200_translation,why_verify_identity,apple_pay_or_google_pay,,,,,,intent,26,73
lstm,banking77-en-Latn-34075-q0,"Hello I made a bank account transfer from the UK. The transfer was a couple hours ago, nothing has shown up yet. Can you check to see if everything okay. Please.",en-Latn,banking77_english,balance_not_updated_after_bank_transfer,failed_transfer,,,,,,intent,38,161
lstm,banking77mt-te-Telu-34223-q0,నేను ఒక కొత్త పిన్ నంబర్ అవసరం.,te-Telu,banking77_nllb200_translation,pin_blocked,change_pin,,,,,,intent,9,31
lstm,banking77mt-ta-Taml-34238-q0,வேறு கணக்கிற்கு மாற்ற முடியவில்லை.,ta-Taml,banking77_nllb200_translation,beneficiary_not_allowed,transfer_into_account,,,,,,intent,9,34
lstm,banking77mt-te-Telu-34340-q0,"నేను ఒక వారం క్రితం నా ఖాతాలో డబ్బు ఉంచారు కానీ దాని ఇప్పటికీ అక్కడ లేదు, ఏమి జరుగుతుందో?",te-Telu,banking77_nllb200_translation,balance_not_updated_after_cheque_or_cash_deposit,transfer_timing,,,,,,intent,23,89
lstm,banking77mt-te-Telu-34349-q0,డబ్బు అందుకున్నందుకు ఎలాంటి ఛార్జీలు వస్తాయి?,te-Telu,banking77_nllb200_translation,top_up_by_bank_transfer_charge,transfer_fee_charged,,,,,,intent,11,45
lstm,banking77mt-bn-Beng-34417-q0,"আমার মনে হয় কিছু একটা ভুল হয়েছে, আমি সঠিক পরিমাণ পাইনি।",bn-Beng,banking77_nllb200_translation,wrong_amount_of_cash_received,lost_or_stolen_phone,,,,,,intent,15,57
lstm,banking77mt-te-Telu-34594-q0,"నా వైవాహిక స్థితి మార్చబడింది, నేను ప్రతిబింబించేలా నా పేరు సరిదిద్దాలి.",te-Telu,banking77_nllb200_translation,edit_personal_details,request_refund,,,,,,intent,21,72
lstm,banking77mt-bn-Beng-34746-q0,আমার মনে হয় আমার কার্ড নষ্ট হয়ে গেছে?,bn-Beng,banking77_nllb200_translation,card_not_working,lost_or_stolen_card,,,,,,intent,11,39
lstm,banking77mt-ta-Taml-34747-q0,எனது அட்டையைப் பெற்ற பிறகு நான் எப்படி தொடங்குவது?,ta-Taml,banking77_nllb200_translation,get_physical_card,card_linking,,,,,,intent,12,50
lstm,banking77mt-ml-Mlym-34792-q0,"ഞാന് ഒരു സാധനം വാങ്ങിയിട്ടുണ്ട്, പേയ്മെന്റ് അവസാനിപ്പിക്കണമെന്നുണ്ട്, സാധനം അയച്ചിട്ടുണ്ടോ എന്ന് പറയാമോ?",ml-Mlym,banking77_nllb200_translation,request_refund,pending_card_payment,,,,,,intent,29,104
lstm,banking77mt-kn-Knda-34933-q0,ಬೇರೊಬ್ಬರು ನನ್ನ ಕಾರ್ಡ್ ಬಳಸಿದ್ದಾರೆ!,kn-Knda,banking77_nllb200_translation,compromised_card,getting_virtual_card,,,,,,intent,10,33
lstm,banking77mt-kn-Knda-34961-q0,ಆಟೋ ಟಾಪ್ ಅಪ್ ಆಯ್ಕೆಯು ಎಲ್ಲಿದೆ?,kn-Knda,banking77_nllb200_translation,automatic_top_up,verify_top_up,,,,,,intent,10,29
lstm,banking77mt-bn-Beng-35015-q0,কোন মার্কিন কার্ডে রিপল-আপ চার্জ আছে?,bn-Beng,banking77_nllb200_translation,top_up_by_card_charge,disposable_card_limits,,,,,,intent,13,37
lstm,banking77mt-ta-Taml-35131-q0,எவ்வளவு நேரம் அது என் கணக்கில் பணம் தோன்றும் எடுக்கும்?,ta-Taml,banking77_nllb200_translation,transfer_timing,balance_not_updated_after_bank_transfer,,,,,,intent,11,55
lstm,banking77mt-kn-Knda-35137-q0,ನನ್ನ ಕಾರ್ಡನ್ನು ಕಂಡುಕೊಂಡಿದ್ದಾರೆ. ನಾನು ಅದನ್ನು ಮತ್ತೆ ಅಪ್ಲಿಕೇಶನ್ಗೆ ಹಾಕಲು ಯಾವುದೇ ಮಾರ್ಗವಿದೆಯೇ?,kn-Knda,banking77_nllb200_translation,card_linking,lost_or_stolen_card,,,,,,intent,19,88
lstm,banking77mt-hi-Deva-35199-q0,मैं कार्ड भुगतान की पहचान नहीं कर रहा हूँ।,hi-Deva,banking77_nllb200_translation,card_payment_not_recognised,card_not_working,,,,,,intent,12,42
lstm,banking77mt-ml-Mlym-35228-q0,ഞാനൊരു തെറ്റായ തുകയാണ് അടച്ചത്. തെറ്റു തിരുത്താൻ എന്നെ സഹായിക്കാമോ?,ml-Mlym,banking77_nllb200_translation,cancel_transfer,transfer_into_account,,,,,,intent,21,67
lstm,banking77mt-hi-Deva-35283-q0,"क्या मुझे एक कार्ड मिल सकता है, भले ही मैं यूके में नहीं हूँ?",hi-Deva,banking77_nllb200_translation,country_support,order_physical_card,,,,,,intent,18,61
lstm,banking77mt-kn-Knda-35335-q0,ನಾನು ಏನು ಮಾಡಬೇಕು? ನನ್ನ ಕಾರ್ಡ್ ಮುರಿದುಹೋಗಿದೆ.,kn-Knda,banking77_nllb200_translation,card_not_working,compromised_card,,,,,,intent,12,43
lstm,banking77mt-hi-Deva-35352-q0,"जैसा कि मैंने दो बार जाँच की कि मेरे पास सही खाता विवरण है जो मैंने प्रस्तुत किया है, वे निश्चित रूप से सही हैं। स्थानांतरण अभी भी लंबित है।",hi-Deva,banking77_nllb200_translation,pending_transfer,transfer_not_received_by_recipient,,,,,,intent,35,140
lstm,banking77mt-kn-Knda-35375-q0,ವರ್ಗಾವಣೆ ಹೇಗೆ ಕೆಲಸ ಮಾಡುತ್ತದೆ?,kn-Knda,banking77_nllb200_translation,transfer_into_account,transfer_timing,,,,,,intent,7,29
lstm,banking77mt-te-Telu-35415-q0,"నా కొడుకు 13 ఏళ్లు నిండింది, అతను ఖాతా కోసం తగినంత వయస్సులో ఉన్నాడా?",te-Telu,banking77_nllb200_translation,age_limit,visa_or_mastercard,,,,,,intent,19,68
lstm,banking77mt-hi-Deva-35439-q0,मुझे लगता है कि मेरा कार्ड किसी और ने इस्तेमाल किया है क्योंकि मैं उस छोटे से शहर में कभी नहीं था जहां से इस बिल पर कुछ लेनदेन आए हैं। कृपया इसे तुरंत रोकें।,hi-Deva,banking77_nllb200_translation,compromised_card,card_about_to_expire,,,,,,intent,40,157
lstm,banking77mt-hi-Deva-35488-q0,मेरे ट्रांसफर में इतना समय क्यों लग रहा है. मुझे लगा कि अगर मैं किसी को ट्रांसफर कर दूं तो सिर्फ एक दिन लगेगा. क्या आप जानते हैं कि क्या गलत हुआ?,hi-Deva,banking77_nllb200_translation,transfer_not_received_by_recipient,transfer_into_account,,,,,,intent,38,145
lstm,banking77mt-ml-Mlym-35622-q0,ഇന്ന് എടിഎമ്മിൽ നിന്നും തെറ്റായ തുക എടുത്തിരുന്നു. ആപ്ലിക്കേഷന് നോക്കിയപ്പോള് അത് കൂടുതല് കാണിക്കുന്നുണ്ടായിരുന്നു.,ml-Mlym,banking77_nllb200_translation,wrong_amount_of_cash_received,cash_withdrawal_not_recognised,,,,,,intent,26,115
lstm,banking77mt-ml-Mlym-35625-q0,"ഒരു വലിയ വാങ്ങലിന്റെ റീഫണ്ട് ഇപ്പോഴും എന്റെ അക്കൌണ്ടിൽ ക്രെഡിറ്റ് ചെയ്തിട്ടില്ലെന്ന് ഞാൻ ശ്രദ്ധിക്കുന്നു. കുറച്ച് ദിവസങ്ങൾക്ക് മുമ്പ് ഞാൻ വ്യാപാരിയുമായി ബന്ധപ്പെട്ടു, അത് ഉടൻ തന്നെ സമർപ്പിക്കുമെന്ന് അദ്ദേഹം എനിക്ക് ഉറപ്പ് നൽകി. ഒരു സ്റ്റാറ്റസ് അപ്ഡേറ്റ് ഉണ്ടോ?",ml-Mlym,banking77_nllb200_translation,Refund_not_showing_up,card_payment_not_recognised,,,,,,intent,55,260
lstm,banking77mt-ta-Taml-35725-q0,நானே ஒரு கணக்கை பெற நான் எவ்வளவு வயதாக இருக்க வேண்டும்,ta-Taml,banking77_nllb200_translation,age_limit,terminate_account,,,,,,intent,13,54
lstm,banking77-en-Latn-35796-q0,can i verify my identity i the app,en-Latn,banking77_english,verify_my_identity,why_verify_identity,,,,,,intent,10,34
lstm,banking77mt-bn-Beng-36008-q0,আমার অ্যাকাউন্টে টাকা পৌঁছাতে কত সময় লাগবে?,bn-Beng,banking77_nllb200_translation,balance_not_updated_after_bank_transfer,transfer_into_account,,,,,,intent,11,44
lstm,banking77-en-Latn-36093-q0,My transfer is pending too long.,en-Latn,banking77_english,balance_not_updated_after_bank_transfer,pending_transfer,,,,,,intent,9,32
lstm,banking77mt-ta-Taml-36116-q0,"வணக்கம், எனது பணம் எனது வாங்குதலுக்காக சென்றது ஆனால் இப்போது விற்பனையாளரிடமிருந்து அவர்கள் அதைப் பெறவில்லை என்று குறிப்பிட்டு தொடர்பு கொண்டேன். பின்னர் பணம் எனது கணக்கிற்கு திருப்பித் தரப்பட்டது, இது ஏன் நடந்தது என்று எனக்குத் தெரியவில்லை. எனவே நீங்கள் இந்த சிக்கலை தீர்க்க முடிந்தால் தயவுசெய்து.",ta-Taml,banking77_nllb200_translation,reverted_card_payment?,cancel_transfer,,,,,,intent,54,296
lstm,banking77mt-ta-Taml-36243-q0,"சமீபத்திய இடமாற்றத்தை ரத்து செய்ய ஏதேனும் வழி இருக்கிறதா? நான் அதை செய்ய விரும்பவில்லை, அது செல்லாது என்பதை உறுதிப்படுத்த வேண்டும்.",ta-Taml,banking77_nllb200_translation,cancel_transfer,failed_transfer,,,,,,intent,25,131
lstm,banking77-en-Latn-36369-q0,"If my card payment is cancelled, what should I do?",en-Latn,banking77_english,reverted_card_payment?,declined_card_payment,,,,,,intent,14,50
lstm,banking77mt-bn-Beng-36456-q0,আমি যে স্থানান্তর করার পরিকল্পনা করছি তার বিনিময় হার কোন নির্দিষ্ট উৎস থেকে নেওয়া হয়েছে?,bn-Beng,banking77_nllb200_translation,exchange_rate,exchange_charge,,,,,,intent,18,91
lstm,banking77mt-ta-Taml-36566-q0,நான் முன்பு ஒரு இடமாற்றம் செய்தேன் ஆனால் அது செல்ல முடியவில்லை என்று பார்க்க.,ta-Taml,banking77_nllb200_translation,failed_transfer,pending_card_payment,,,,,,intent,14,77
lstm,banking77mt-kn-Knda-36584-q0,ಯಾರೋ ನನ್ನ ಕಾರ್ಡ್ಗೆ ಪ್ರವೇಶವನ್ನು ಹೊಂದಿರಬಹುದು.,kn-Knda,banking77_nllb200_translation,compromised_card,lost_or_stolen_card,,,,,,intent,9,43
lstm,banking77-en-Latn-36668-q0,I was made to pay an additional pound!,en-Latn,banking77_english,extra_charge_on_statement,transaction_charged_twice,,,,,,intent,11,38
lstm,banking77mt-ml-Mlym-36679-q0,എവിടെയാണ് എനിക്ക് അധിക കാർഡുകൾ ഓർഡർ ചെയ്യാനാവുക?,ml-Mlym,banking77_nllb200_translation,getting_spare_card,top_up_by_card_charge,,,,,,intent,13,48
lstm,banking77mt-te-Telu-36776-q0,నా ప్రకటన నా వాపసు చూపించలేదు.,te-Telu,banking77_nllb200_translation,Refund_not_showing_up,request_refund,,,,,,intent,13,30
lstm,banking77mt-bn-Beng-36803-q0,আমি কিভাবে আমার ব্যাংককে আমার অ্যাকাউন্টের সাথে সংযুক্ত করতে পারি?,bn-Beng,banking77_nllb200_translation,transfer_into_account,terminate_account,,,,,,intent,14,66
lstm,banking77mt-kn-Knda-36866-q0,ನನ್ನ ಕಾರ್ಡನ್ನು ನಾನು ಪಡೆಯುತ್ತೇನೆಯೋ ಇಲ್ಲವೋ ಅಥವಾ ಅದು ಕಳೆದುಹೋಗಿದೆಯೇ ಎಂದು ನನಗೆ ಹೇಗೆ ತಿಳಿಯುತ್ತದೆ?,kn-Knda,banking77_nllb200_translation,card_arrival,card_linking,,,,,,intent,22,91
lstm,banking77mt-ml-Mlym-36889-q0,എന്റെ സ്ഥലം മാറ്റം എപ്പോഴാണ് അവസാനിക്കുന്നത്?,ml-Mlym,banking77_nllb200_translation,pending_transfer,transfer_timing,,,,,,intent,9,45
lstm,banking77mt-kn-Knda-36894-q0,ನಾನು ವರ್ಗಾವಣೆ ಮಾಡಿದ್ದೇನೆ ಆದರೆ ಅದು ಇನ್ನೂ ಬಾಕಿಯಿದೆ,kn-Knda,banking77_nllb200_translation,pending_transfer,failed_transfer,,,,,,intent,11,48
lstm,banking77mt-bn-Beng-37220-q0,আমেরিকান কার্ডের জন্য কি সর্বোচ্চ চার্জ আছে?,bn-Beng,banking77_nllb200_translation,top_up_by_card_charge,exchange_charge,,,,,,intent,10,44
lstm,banking77mt-kn-Knda-37310-q0,ನನ್ನ ಸಂಬಳಕ್ಕೆ ಇದನ್ನು ಬಳಸಬಹುದೇ ಎಂದು ನಿಮಗೆ ತಿಳಿದಿದೆಯೇ?,kn-Knda,banking77_nllb200_translation,receiving_money,supported_cards_and_currencies,,,,,,intent,17,52
lstm,banking77mt-ml-Mlym-37323-q0,എവിടെയെങ്കിലും എന്റെ കാർഡ് കിട്ടുമോ?,ml-Mlym,banking77_nllb200_translation,order_physical_card,country_support,,,,,,intent,10,36
lstm,banking77-en-Latn-37334-q0,How long before a check I send clears?,en-Latn,banking77_english,top_up_by_cash_or_cheque,age_limit,,,,,,intent,12,38
lstm,banking77mt-kn-Knda-37411-q0,ನನ್ನ ನಿಧಿ ಯಾವ ಮೂಲದಿಂದ ಬರುತ್ತದೆ?,kn-Knda,banking77_nllb200_translation,verify_source_of_funds,verify_my_identity,,,,,,intent,8,31
lstm,banking77mt-te-Telu-37471-q0,నా ఖాతాకు డబ్బు ఎప్పుడు తిరిగి వస్తుంది?,te-Telu,banking77_nllb200_translation,Refund_not_showing_up,transfer_timing,,,,,,intent,11,40
lstm,banking77mt-ml-Mlym-37575-q0,എനിക്ക് എന്റെ കാർഡ് കിട്ടുന്നില്ല.,ml-Mlym,banking77_nllb200_translation,lost_or_stolen_card,card_not_working,,,,,,intent,8,34
lstm,banking77-en-Latn-37645-q0,Hoe do i use my credit card to transfer money?,en-Latn,banking77_english,topping_up_by_card,top_up_by_bank_transfer_charge,,,,,,intent,14,46
lstm,banking77mt-bn-Beng-37661-q0,আপনি কি ব্যাখ্যা করতে পারবেন কোথায় আমি অটো-টপ অপশনটি খুঁজে পেতে পারি?,bn-Beng,banking77_nllb200_translation,automatic_top_up,country_support,,,,,,intent,18,70
lstm,banking77mt-te-Telu-37745-q0,ఎందుకు నా పాస్కోడ్ పనిచేయదు?,te-Telu,banking77_nllb200_translation,passcode_forgotten,card_not_working,,,,,,intent,12,28
lstm,banking77-en-Latn-37946-q0,Why was my atm withdrawl declined,en-Latn,banking77_english,declined_cash_withdrawal,cash_withdrawal_not_recognised,,,,,,intent,9,33
lstm,banking77mt-ta-Taml-38053-q0,ஒற்றை பயன்பாட்டு அட்டைகளுக்கு என்ன மாதிரியான கட்டுப்பாடுகள் உள்ளன?,ta-Taml,banking77_nllb200_translation,disposable_card_limits,getting_virtual_card,,,,,,intent,11,66
lstm,banking77mt-ml-Mlym-38120-q0,എന്നെ കുറിച്ചുള്ള വിവരങ്ങള് കൂടുതല് ചോദിക്കുന്നു എന്ന് തോന്നുന്നുണ്ടോ?,ml-Mlym,banking77_nllb200_translation,why_verify_identity,getting_virtual_card,,,,,,intent,13,70
lstm,banking77mt-te-Telu-38160-q0,నేను అన్ని ATMs వద్ద నా మార్చవచ్చు?,te-Telu,banking77_nllb200_translation,change_pin,edit_personal_details,,,,,,intent,12,35
lstm,banking77mt-ml-Mlym-38253-q0,എങ്ങനെ എന്റെ സുഹൃത്ത് എനിക്ക് പണം അയക്കും?,ml-Mlym,banking77_nllb200_translation,receiving_money,age_limit,,,,,,intent,11,42
lstm,banking77mt-ml-Mlym-38342-q0,"എന്റെ പി. ഐ. എൻ എങ്ങനെ റീസെറ്റ് ചെയ്യാം, എനിക്ക് എന്റെ കാർഡ് ഉപയോഗിക്കാന് പറ്റുന്നില്ലല്ലോ?",ml-Mlym,banking77_nllb200_translation,pin_blocked,get_physical_card,,,,,,intent,23,91
lstm,banking77mt-hi-Deva-38539-q0,मैं अपना कार्ड चोरी होने की सूचना कैसे दे सकता हूँ? मैंने पहले पुलिस को सूचना दी।,hi-Deva,banking77_nllb200_translation,lost_or_stolen_card,card_linking,,,,,,intent,21,81
lstm,banking77mt-hi-Deva-38597-q0,क्या आप मुझे मेरा कार्ड दे सकते हैं?,hi-Deva,banking77_nllb200_translation,card_delivery_estimate,order_physical_card,,,,,,intent,11,36
lstm,banking77-en-Latn-38600-q0,Can i get a throw away card,en-Latn,banking77_english,get_disposable_virtual_card,getting_virtual_card,,,,,,intent,9,27
lstm,banking77mt-hi-Deva-38626-q0,"मैं पहले संपर्क रहित का उपयोग करने की कोशिश कर रहा था, लेकिन यह काम नहीं किया.",hi-Deva,banking77_nllb200_translation,contactless_not_working,lost_or_stolen_phone,,,,,,intent,21,78
lstm,banking77mt-ml-Mlym-38684-q0,എന്തിന് ഒരു പണ കൈമാറ്റം ലഭ്യമാണ് എന്ന് എനിക്ക് അറിയണം.,ml-Mlym,banking77_nllb200_translation,pending_transfer,verify_source_of_funds,,,,,,intent,15,54
lstm,banking77mt-bn-Beng-38763-q0,আমার স্থানান্তর এখনও কেন অপেক্ষা করছে তা নিয়ে আমি বিভ্রান্ত।,bn-Beng,banking77_nllb200_translation,pending_transfer,failed_transfer,,,,,,intent,13,61
lstm,banking77mt-ml-Mlym-38786-q0,"സഹായം, എന്റെ കാർഡിന്റെ പിൻ കോഡ് എനിക്കറിയില്ല.",ml-Mlym,banking77_nllb200_translation,get_physical_card,card_delivery_estimate,,,,,,intent,15,46
lstm,banking77mt-hi-Deva-38888-q0,मैं एक बार के लेनदेन के लिए वर्चुअल कार्ड कैसे प्राप्त कर सकता हूँ?,hi-Deva,banking77_nllb200_translation,get_disposable_virtual_card,card_about_to_expire,,,,,,intent,17,67
lstm,banking77mt-ta-Taml-38937-q0,நான் இன்னும் உடல் அட்டைகள் விரும்புகிறேன்,ta-Taml,banking77_nllb200_translation,getting_spare_card,visa_or_mastercard,,,,,,intent,7,41
lstm,banking77-en-Latn-38993-q0,I made a deposit and the balance hasn't been updated.,en-Latn,banking77_english,balance_not_updated_after_cheque_or_cash_deposit,Refund_not_showing_up,,,,,,intent,15,53
lstm,banking77mt-te-Telu-39161-q0,నేను అనువర్తనానికి ఒక కార్డును ఎలా జోడిస్తాను?,te-Telu,banking77_nllb200_translation,card_linking,getting_virtual_card,,,,,,intent,14,46
lstm,banking77mt-ml-Mlym-39238-q0,"വേഗം പണം തിരികെ തരൂ, ഞാൻ കാത്തിരിക്കുകയാണ്.",ml-Mlym,banking77_nllb200_translation,Refund_not_showing_up,transfer_not_received_by_recipient,,,,,,intent,13,43
lstm,banking77mt-te-Telu-39445-q0,అప్లికేషన్ నేను ఒక లబ్ధిదారునికి డబ్బు బదిలీ అనుమతించదు,te-Telu,banking77_nllb200_translation,beneficiary_not_allowed,balance_not_updated_after_bank_transfer,,,,,,intent,16,55
lstm,banking77mt-te-Telu-39554-q0,ఈ అదనపు 1 యూరో ఫీజు ఏమిటి?,te-Telu,banking77_nllb200_translation,extra_charge_on_statement,card_payment_fee_charged,,,,,,intent,12,26
lstm,banking77mt-ta-Taml-39569-q0,ஏன் என் அட்டை தொடர்ந்து நிராகரிக்கப்படுகிறது? நான் அங்கு போதுமான பணம் இருந்தது நினைத்தேன் ஆனால் நான் பல முறை இப்போது முயற்சி மற்றும் அது இன்னும் வேலை செய்யவில்லை.,ta-Taml,banking77_nllb200_translation,declined_transfer,compromised_card,,,,,,intent,30,162
lstm,banking77mt-ml-Mlym-39585-q0,എനിക്കെന്റെ ശമ്പളം നേരിട്ട് ഇങ്ങോട്ട് മാറ്റാൻ പറ്റുമോ?,ml-Mlym,banking77_nllb200_translation,receiving_money,apple_pay_or_google_pay,,,,,,intent,16,54
lstm,banking77mt-ml-Mlym-39685-q0,എന്തിന് എന്റെ ട്രാൻസ്ഫറിന് ഒരു കാത്തിരിപ്പ് സമയം ഉണ്ട്?,ml-Mlym,banking77_nllb200_translation,pending_transfer,failed_transfer,,,,,,intent,15,55
lstm,banking77mt-bn-Beng-39721-q0,মেয়াদোত্তীর্ণ কার্ড প্রতিস্থাপনের দাম কত হবে এবং এটি পেতে আমার কত সময় লাগবে?,bn-Beng,banking77_nllb200_translation,card_about_to_expire,card_acceptance,,,,,,intent,20,78
lstm,banking77mt-bn-Beng-39745-q0,আমার একটা ট্রান্সফার বাতিল করতে হবে।,bn-Beng,banking77_nllb200_translation,cancel_transfer,lost_or_stolen_phone,,,,,,intent,9,36
lstm,banking77mt-te-Telu-39837-q0,మార్పిడి రేటు ఎలా నిర్ణయించబడుతుందో దయచేసి నాకు చెప్పండి. లావాదేవీ కోసం నేను ఎక్కువ డబ్బు ఆశించాను.,te-Telu,banking77_nllb200_translation,wrong_exchange_rate_for_cash_withdrawal,card_payment_wrong_exchange_rate,,,,,,intent,33,99
lstm,banking77mt-hi-Deva-39866-q0,मैं भेजे गए कार्ड की डिलीवरी की प्रगति कैसे देख सकता हूँ?,hi-Deva,banking77_nllb200_translation,card_arrival,card_acceptance,,,,,,intent,15,57
lstm,banking77mt-hi-Deva-39879-q0,मुझे लगता है कि किसी ने मेरे कार्ड या कुछ क्लोन किया हो सकता है. मेरा कार्ड खो नहीं है लेकिन मैं सिर्फ $ 500 नकद निकासी का एक शुल्क देखा. क्या आप मेरी मदद कर सकते हैं?,hi-Deva,banking77_nllb200_translation,cash_withdrawal_not_recognised,cash_withdrawal_charge,,,,,,intent,44,167
lstm,banking77mt-ml-Mlym-39892-q0,എനിക്ക് ഒരു ഗുണഭോക്താവിന് പണം കൈമാറാൻ അനുവാദമുണ്ടോ?,ml-Mlym,banking77_nllb200_translation,beneficiary_not_allowed,receiving_money,,,,,,intent,17,51
lstm,banking77mt-ta-Taml-39920-q0,நீங்கள் விநியோகத்தில் அட்டை பற்றி தகவல் இருக்கிறதா?,ta-Taml,banking77_nllb200_translation,card_arrival,card_acceptance,,,,,,intent,10,51
lstm,banking77mt-bn-Beng-40027-q0,আমার কার্ডে প্রত্যাশার চেয়ে বেশি চার্জ ছিল।,bn-Beng,banking77_nllb200_translation,card_payment_fee_charged,transaction_charged_twice,,,,,,intent,12,44
lstm,banking77mt-bn-Beng-40029-q0,আমার কার্ডে টাকা যোগ করতে কত খরচ হয়,bn-Beng,banking77_nllb200_translation,top_up_by_card_charge,getting_spare_card,,,,,,intent,11,36
lstm,banking77mt-bn-Beng-40121-q0,অ্যাপ্লিকেশনে আমি যে কার্ড পেয়েছি তা কিভাবে দেখব?,bn-Beng,banking77_nllb200_translation,card_linking,getting_virtual_card,,,,,,intent,14,50
lstm,synthetic-hi-Latn-4358,"Transaction failed hui par service charge kat li, kaise wapas milegi? Jaldi batao.",hi-Latn,synthetic_llm_generated,,,high,critical,1,1,1.0,urgency|urgency_overpredicted,23,82
lstm,synthetic-hi-Latn-4730,"ma'am mere se 5000 rupaye double debit hua hai, ek baar merchant ke paas gaya hi nahi",hi-Latn,synthetic_llm_generated,,,critical,high,1,1,1.0,urgency,22,85
lstm,synthetic-hi-Deva-9773,UPI पिन को लेकर भूल गया। कैसे रीसेट करूं? कृपया मार्गदर्शन करें।,hi-Deva,synthetic_llm_generated,,,medium,high,0,1,0.8371,urgency|escalation|false_escalation|urgency_overpredicted,19,64
lstm,synthetic-hi-Latn-11639,"Payment dediya 2 bar, lekin order confirm nahi hua. Kya problem hai?",hi-Latn,synthetic_llm_generated,,,high,medium,,,,urgency,18,68
lstm,synthetic-hi-Latn-12554,ye COD order cancel kaise karo? delivery agent ne mana kiya last time!,hi-Latn,synthetic_llm_generated,,,medium,low,,,,urgency,18,70
lstm,synthetic-hi-Latn-13676,"Mere UPI PIN 3 bar wrong daal diya, account lock ho gaya hai. Kaise unlock kare?",hi-Latn,synthetic_llm_generated,,,critical,high,1,1,1.0,urgency,23,80
lstm,synthetic-hi-Latn-20787,refund kab tak aayega? 10 din ho gaye cancel kiya tha,hi-Latn,synthetic_llm_generated,,,medium,critical,,,,urgency|urgency_overpredicted,14,53
lstm,synthetic-hi-Latn-22942,"App ke notification nahi aate, kya setting me problem hai?",hi-Latn,synthetic_llm_generated,,,very_low,low,,,,urgency|urgency_overpredicted,14,58
lstm,synthetic-hi-Latn-23067,"Account se 500 rupaye extra kat gaye, kya hua?",hi-Latn,synthetic_llm_generated,,,critical,high,,,,urgency,13,46
lstm,synthetic-hi-Deva-25334,दो बार 200 रुपये का डेबिट हुआ है। मैंने एक बार भुगतान किया था। कृपया जांचें।,hi-Deva,synthetic_llm_generated,,,high,critical,1,1,1.0,urgency|urgency_overpredicted,22,76
lstm,synthetic-hi-Deva-25762,मेरे खाते से अज्ञात व्यक्ति ने 10000 रुपये निकाले। कृपया तत्काल सहायता दें।,hi-Deva,synthetic_llm_generated,,,critical,high,1,1,0.9997,urgency,17,75
lstm,synthetic-hi-Latn-25838,"merchant ne double charge kiya, refund chahiye",hi-Latn,synthetic_llm_generated,,,high,critical,1,1,1.0,urgency|urgency_overpredicted,10,46
lstm,synthetic-hi-Deva-28025,"पैकेट खराब था, लेकिन मैंने वापसी की तारीख निकलने से पहले ऐप पर रिपोर्ट कर दिया था।",hi-Deva,synthetic_llm_generated,,,medium,high,0,0,0.3991,urgency|urgency_overpredicted,21,82
lstm,synthetic-hi-Latn-31023,"kurta ka size 40 ki jagah 38 aaya, return kaise kare?",hi-Latn,synthetic_llm_generated,,,medium,low,,,,urgency,16,53
lstm,synthetic-hi-Latn-34404,"refund ke liye 3 week ho gaye, abhi bhi paise nahi aaye",hi-Latn,synthetic_llm_generated,,,critical,medium,,,,urgency,15,55
lstm,synthetic-hi-Latn-34422,"Product cancel kiya tha, lekin refund abhi tak nahi hua 7 din ho gaye",hi-Latn,synthetic_llm_generated,,,high,high,1,0,0.0071,escalation|missed_escalation,17,69
lstm,synthetic-hi-Latn-38133,Mujhe credit card se 1000 extra charge kiya gaya hai. Iska kya?,hi-Latn,synthetic_llm_generated,,,,,0,1,1.0,escalation|false_escalation,18,63
lstm,synthetic-hi-Latn-39758,"Refund pending hai 2 din ho gaye, kya situation hai?",hi-Latn,synthetic_llm_generated,,,,,0,1,0.6352,escalation|false_escalation,15,52
transformer,banking77-en-Latn-0001-q0,Can you tell me how do I get a card?,en-Latn,banking77_english,order_physical_card,getting_spare_card,,,,,,intent,13,36
transformer,banking77-en-Latn-0006-q0,Are SWIFT transfers supported?,en-Latn,banking77_english,top_up_by_bank_transfer_charge,receiving_money,,,,,,intent,9,30
transformer,banking77mt-kn-Knda-0014-q0,ವಿನಿಮಯ ದರ ಲೆಕ್ಕಾಚಾರದಲ್ಲಿ ತಪ್ಪಾಗಿದೆ ಎಂದು ನಾನು ಭಾವಿಸುತ್ತೇನೆ. ನಾನು ಇತ್ತೀಚೆಗೆ ನಗದು ಹಿಂಪಡೆದಿದ್ದೇನೆ ಮತ್ತು ನಿರೀಕ್ಷೆಗಿಂತ ಕಡಿಮೆ ಹಣವನ್ನು ಪಡೆದಿದ್ದೇನೆ.,kn-Knda,banking77_nllb200_translation,wrong_exchange_rate_for_cash_withdrawal,card_payment_wrong_exchange_rate,,,,,,intent,29,139
transformer,banking77mt-hi-Deva-0149-q0,मैं इस कार्ड से किन दुकानों में खरीदारी कर सकता हूँ?,hi-Deva,banking77_nllb200_translation,card_acceptance,getting_spare_card,,,,,,intent,14,52
transformer,banking77mt-te-Telu-0177-q0,కార్డు వాపసు నా ప్రకటనలో కనిపించడం లేదు.,te-Telu,banking77_nllb200_translation,Refund_not_showing_up,transaction_charged_twice,,,,,,intent,15,40
transformer,banking77mt-bn-Beng-0231-q0,"আমার GBP কে AUD তে রূপান্তর করতে হবে, কিভাবে করব?",bn-Beng,banking77_nllb200_translation,exchange_via_app,exchange_rate,,,,,,intent,16,49
transformer,banking77mt-ml-Mlym-0290-q0,ഈ ഒറ്റത്തവണ ഉപയോഗിക്കാവുന്ന കാർഡുകൾ എന്തിനു വേണ്ടിയാണ് ഉപയോഗിക്കുന്നതെന്ന് പറയാമോ?,ml-Mlym,banking77_nllb200_translation,get_disposable_virtual_card,activate_my_card,,,,,,intent,17,82
transformer,banking77mt-te-Telu-0327-q0,నా కార్డ్ నా కార్డ్ ను ఉపయోగించి ఉండాలి ఎందుకంటే నేను చేయని కొన్ని లావాదేవీలు ఉన్నాయి.,te-Telu,banking77_nllb200_translation,compromised_card,card_payment_not_recognised,,,,,,intent,22,86
transformer,banking77mt-hi-Deva-0359-q0,ऐसा लगता है कि मुझे अप-अप के लिए सीमाओं के बारे में जानकारी प्राप्त करने की आवश्यकता है।,hi-Deva,banking77_nllb200_translation,top_up_limits,apple_pay_or_google_pay,,,,,,intent,23,88
transformer,banking77mt-ml-Mlym-0513-q0,ആളുകൾ എന്റെ ഡെബിറ്റ് കാർഡ് ഉപയോഗിക്കുന്നു - സഹായിക്കൂ!,ml-Mlym,banking77_nllb200_translation,direct_debit_payment_not_recognised,activate_my_card,,,,,,intent,12,54
transformer,banking77mt-ta-Taml-0515-q0,நான் ஒரு புதிய அட்டை எவ்வளவு கடன்பட்டிருக்கிறேன்?,ta-Taml,banking77_nllb200_translation,order_physical_card,card_about_to_expire,,,,,,intent,12,49
transformer,banking77mt-kn-Knda-0651-q0,"ನನ್ನ ಪಾವತಿಯನ್ನು ತಿರಸ್ಕರಿಸಲಾಗಿದೆ! ಏನು ನಡೆಯುತ್ತಿದೆ, ಎಲ್ಲವೂ ಸರಿಯಾಗಿದೆ ಮತ್ತು ಉತ್ತಮವಾಗಿ ಕಾರ್ಯನಿರ್ವಹಿಸುತ್ತಿದೆ ಎಂದು ನಾನು ಭಾವಿಸಿದೆ?",kn-Knda,banking77_nllb200_translation,declined_card_payment,transaction_charged_twice,,,,,,intent,27,123
transformer,banking77mt-te-Telu-0667-q0,నా గుర్తింపును ఎలా ధృవీకరించాలో తెలుసుకోవడానికి నేను ఎక్కడికి వెళ్ళగలను?,te-Telu,banking77_nllb200_translation,verify_my_identity,why_verify_identity,,,,,,intent,22,72
transformer,banking77mt-kn-Knda-0670-q0,ನಾನು ಆನ್ಲೈನ್ನಲ್ಲಿ ಏನನ್ನಾದರೂ ಖರೀದಿಸಿದೆ ಮತ್ತು ಹಣ ವರ್ಗಾವಣೆ ಮಾಡಲು ಶುಲ್ಕವಿದೆ ಎಂದು ಹೇಳಿದೆ. ಅದು ಉಚಿತವಲ್ಲವೇ?,kn-Knda,banking77_nllb200_translation,transfer_fee_charged,top_up_by_bank_transfer_charge,,,,,,intent,24,100
transformer,banking77mt-ml-Mlym-0761-q0,"എനിക്ക് മറ്റൊരു ബാങ്ക് അക്കൌണ്ടില് നിന്നും ഈ അക്കൌണ്ടിലേക്ക് ട്രാൻസ്ഫര് ചെയ്യണം, ഏറ്റവും എളുപ്പവഴി എന്താണ്, എനിക്ക് എന്ത് വിവരങ്ങളാണ് വേണ്ടത്?",ml-Mlym,banking77_nllb200_translation,transfer_into_account,transfer_timing,,,,,,intent,34,142
transformer,banking77mt-ml-Mlym-0792-q0,ഓട്ടോമാറ്റിക് ടോപ്പ് ഓപ്ഷൻ എവിടെ കിട്ടും?,ml-Mlym,banking77_nllb200_translation,automatic_top_up,apple_pay_or_google_pay,,,,,,intent,10,41
transformer,banking77mt-ta-Taml-0805-q0,நான் ஒரு பொருளை திரும்ப பெற விரும்புகிறேன் நான் அதை செய்ய முடியுமா?,ta-Taml,banking77_nllb200_translation,request_refund,transaction_charged_twice,,,,,,intent,13,67
transformer,banking77mt-ml-Mlym-0857-q0,ഞാന് ഒരു ട്രാൻസ്ഫര് ചെയ്യാന് ആഗ്രഹിക്കുന്നു. അതിന് എത്ര ചിലവാകും?,ml-Mlym,banking77_nllb200_translation,top_up_by_bank_transfer_charge,balance_not_updated_after_bank_transfer,,,,,,intent,16,65
transformer,banking77mt-kn-Knda-0973-q0,ಈ ಬೆಳಿಗ್ಗೆ ನಾನು ಖರೀದಿಸಿದ ವಸ್ತುಗಳಿಂದ ಪಾವತಿ ಏಕೆ ಬಾಕಿಯಿದೆ ಎಂದು ತೋರಿಸುತ್ತದೆ?,kn-Knda,banking77_nllb200_translation,pending_card_payment,transaction_charged_twice,,,,,,intent,15,72
transformer,banking77mt-bn-Beng-1027-q0,একবার ব্যবহারের ভার্চুয়াল কার্ড আছে কি?,bn-Beng,banking77_nllb200_translation,get_disposable_virtual_card,activate_my_card,,,,,,intent,9,40
transformer,banking77mt-kn-Knda-1099-q0,ನಾನು ಹೇಗೆ ನಗದು ಬಳಸಿಕೊಂಡು ಅಪ್ ಟಾಪ್?,kn-Knda,banking77_nllb200_translation,top_up_by_cash_or_cheque,verify_source_of_funds,,,,,,intent,9,34
transformer,banking77mt-bn-Beng-1154-q0,আমি দোকানে কেনাকাটা করার চেষ্টা করেছিলাম কিন্তু আমার কার্ড প্রত্যাখ্যান করা হয়েছিল।,bn-Beng,banking77_nllb200_translation,declined_card_payment,card_payment_not_recognised,,,,,,intent,16,84
transformer,banking77mt-ml-Mlym-1285-q0,എന്റെ കാർഡ് വീണ്ടും മെയിലിൽ വന്നില്ല. ഉപദേശം തരാമോ?,ml-Mlym,banking77_nllb200_translation,card_delivery_estimate,card_arrival,,,,,,intent,16,51
transformer,banking77mt-kn-Knda-1316-q0,ನೀವು ಯಾವ ಕಾರ್ಡುಗಳು ಮತ್ತು ಕರೆನ್ಸಿಗಳನ್ನು ತೆಗೆದುಕೊಳ್ಳುತ್ತೀರಿ ಎಂದು ನೀವು ನನಗೆ ಹೇಳಬಲ್ಲಿರಾ?,kn-Knda,banking77_nllb200_translation,supported_cards_and_currencies,fiat_currency_support,,,,,,intent,24,84
transformer,banking77mt-ml-Mlym-1320-q0,"ഞാൻ മദ്യപിച്ചുകൊണ്ടിരിക്കെ എന്റെ കാർഡ് ഉപയോഗിക്കാൻ ശ്രമിച്ചു, എന്റെ പിൻ എൻട്രി പരാജയപ്പെട്ടു, മെഷീന് എന്റെ കാർഡ് സൂക്ഷിച്ചു. എത്ര പെട്ടെന്ന് എനിക്ക് അത് തിരികെ കിട്ടും?",ml-Mlym,banking77_nllb200_translation,pin_blocked,card_payment_not_recognised,,,,,,intent,35,168
transformer,banking77mt-bn-Beng-1332-q0,আপনি আমাকে নগদ আমানত দ্বারা রিপল খুঁজে পেতে সাহায্য করতে পারেন?,bn-Beng,banking77_nllb200_translation,top_up_by_cash_or_cheque,wrong_exchange_rate_for_cash_withdrawal,,,,,,intent,15,63
transformer,banking77mt-ta-Taml-1364-q0,நீங்கள் என்ன கிரெடிட் கார்டுகள் கொண்டு,ta-Taml,banking77_nllb200_translation,visa_or_mastercard,getting_spare_card,,,,,,intent,11,38
transformer,banking77mt-ta-Taml-1407-q0,ஏதேனும் கூடுதல் வரம்புகள் உள்ளதா என்று சொல்லுங்கள்?,ta-Taml,banking77_nllb200_translation,top_up_limits,country_support,,,,,,intent,10,51
transformer,banking77-en-Latn-1455-q0,What do you charge for physical cards?,en-Latn,banking77_english,order_physical_card,getting_spare_card,,,,,,intent,10,38
transformer,banking77-en-Latn-1467-q0,Is there a reason I was charged an extra fee for using the ATM?,en-Latn,banking77_english,cash_withdrawal_charge,card_payment_fee_charged,,,,,,intent,17,63
transformer,banking77mt-ta-Taml-1551-q0,எனது ஃபியட் நாணயம் வைத்திருத்தல் மற்றும் பரிமாற்றம் ஆகிய இரண்டிற்கும் ஆதரிக்கப்படுகிறதா?,ta-Taml,banking77_nllb200_translation,fiat_currency_support,exchange_rate,,,,,,intent,18,88
transformer,banking77mt-te-Telu-1699-q0,ప్రతి వ్యాపార స్థలం ఈ కార్డును అంగీకరిస్తుందా?,te-Telu,banking77_nllb200_translation,card_acceptance,country_support,,,,,,intent,16,46
transformer,banking77mt-ta-Taml-1873-q0,ஒரு கார்டு வேலை செய்வதை நிறுத்த முடியுமா?,ta-Taml,banking77_nllb200_translation,card_not_working,activate_my_card,,,,,,intent,9,41
transformer,banking77mt-te-Telu-1889-q0,యాప్ లో చూస్తున్న ఈ చెల్లింపు నేను చేయలేదు.,te-Telu,banking77_nllb200_translation,card_payment_not_recognised,transaction_charged_twice,,,,,,intent,13,43
transformer,banking77mt-hi-Deva-1899-q0,एक नकदी निकासी लंबित के रूप में क्यों दिखाई देती है?,hi-Deva,banking77_nllb200_translation,pending_cash_withdrawal,balance_not_updated_after_cheque_or_cash_deposit,,,,,,intent,14,52
transformer,banking77mt-ml-Mlym-1904-q0,എന്തിന് എന്റെ ഐഡി പരിശോധിച്ചില്ല?,ml-Mlym,banking77_nllb200_translation,unable_to_verify_identity,why_verify_identity,,,,,,intent,14,33
transformer,banking77mt-hi-Deva-1961-q0,"मैं एक डिस्पोजेबल वर्चुअल कार्ड चाहता हूँ, क्या मुझे एक मिल सकता है?",hi-Deva,banking77_nllb200_translation,get_disposable_virtual_card,activate_my_card,,,,,,intent,21,68
transformer,banking77mt-hi-Deva-2015-q0,मैं अपने खाते में धनराशि जोड़ने के लिए अपने अमेरिकन एक्सप्रेस का उपयोग कैसे कर सकता हूँ?,hi-Deva,banking77_nllb200_translation,supported_cards_and_currencies,exchange_rate,,,,,,intent,20,88
transformer,banking77mt-ml-Mlym-2053-q0,ഏത് രാജ്യത്തിന്റെ കറൻസിയാണ് നിങ്ങള് പിന്തുണയ്ക്കുന്നത്?,ml-Mlym,banking77_nllb200_translation,fiat_currency_support,exchange_rate,,,,,,intent,11,55
transformer,banking77mt-te-Telu-2109-q0,ఎందుకు నా ఖాతాకు బదిలీ ప్రక్రియ లేదు,te-Telu,banking77_nllb200_translation,beneficiary_not_allowed,balance_not_updated_after_bank_transfer,,,,,,intent,10,36
transformer,banking77mt-kn-Knda-2122-q0,ಸ್ವೀಕರಿಸಿದ ಹಣಕ್ಕೆ ಯಾವುದೇ ಶುಲ್ಕವಿದೆಯೇ?,kn-Knda,banking77_nllb200_translation,top_up_by_bank_transfer_charge,card_payment_fee_charged,,,,,,intent,10,37
transformer,banking77mt-hi-Deva-2148-q0,"मुझे एक नया कार्ड चाहिए, मेरा पुराना कार्ड समाप्त हो रहा है।",hi-Deva,banking77_nllb200_translation,card_about_to_expire,card_arrival,,,,,,intent,16,60
transformer,banking77-en-Latn-2210-q0,"Your system is broken. My transfers keep failing, 5 times now.",en-Latn,banking77_english,failed_transfer,balance_not_updated_after_bank_transfer,,,,,,intent,16,62
transformer,banking77mt-bn-Beng-2214-q0,একটা পেমেন্ট আছে যেটা দেখায় আমি এটা করিনি।,bn-Beng,banking77_nllb200_translation,card_payment_not_recognised,transaction_charged_twice,,,,,,intent,11,43
transformer,banking77mt-ta-Taml-2226-q0,எனது அட்டையின் காலாவதி தேதி நெருங்குகிறது,ta-Taml,banking77_nllb200_translation,card_about_to_expire,card_arrival,,,,,,intent,11,41
transformer,banking77mt-kn-Knda-2258-q0,ನನ್ನ ಕಾರ್ಡ್ ಪಾವತಿಯು ಹಿಂತಿರುಗಿದೆ ಎಂದು ನಾನು ನಂಬುತ್ತೇನೆ,kn-Knda,banking77_nllb200_translation,reverted_card_payment?,transaction_charged_twice,,,,,,intent,13,52
transformer,banking77mt-hi-Deva-2322-q0,नकदी निकासी कैसे हो रही है?,hi-Deva,banking77_nllb200_translation,pending_cash_withdrawal,balance_not_updated_after_cheque_or_cash_deposit,,,,,,intent,9,27
transformer,banking77mt-bn-Beng-2336-q0,আমার কার্ডে একই লেনদেনের জন্য দুইবার চার্জ করা হয়েছে।,bn-Beng,banking77_nllb200_translation,transaction_charged_twice,card_payment_fee_charged,,,,,,intent,13,54
transformer,banking77mt-kn-Knda-2340-q0,ನಾನು ಮಾಡಿದ ಪಾವತಿಯನ್ನು ಏಕೆ ಹಿಂತೆಗೆದುಕೊಳ್ಳಲಾಯಿತು?,kn-Knda,banking77_nllb200_translation,reverted_card_payment?,transaction_charged_twice,,,,,,intent,12,47
transformer,banking77mt-bn-Beng-2417-q0,আমি যে ১ পাউন্ডের চার্জ দেখছি সেটা কি ভুল নাকি ভুল লেখা?,bn-Beng,banking77_nllb200_translation,extra_charge_on_statement,card_payment_fee_charged,,,,,,intent,16,56
transformer,banking77-en-Latn-2431-q0,Can you tell me what I need to do to have my pin changed?,en-Latn,banking77_english,change_pin,get_physical_card,,,,,,intent,17,57
transformer,banking77mt-kn-Knda-2499-q0,ನಾನು ಸಂಪರ್ಕವಿಲ್ಲದ ಪಾವತಿಗಳನ್ನು ಮಾಡಬಹುದೇ?,kn-Knda,banking77_nllb200_translation,contactless_not_working,apple_pay_or_google_pay,,,,,,intent,13,39
transformer,banking77mt-hi-Deva-2572-q0,"मैं पैसे क्यों नहीं निकाल पा रहा हूँ, जबकि अतीत में मैंने इसे ठीक-ठाक किया है?",hi-Deva,banking77_nllb200_translation,declined_cash_withdrawal,balance_not_updated_after_cheque_or_cash_deposit,,,,,,intent,23,78
transformer,banking77mt-ta-Taml-2576-q0,எவ்வளவு நேரம் என் புதுப்பிப்பு நிலுவையில் இருக்கும்?,ta-Taml,banking77_nllb200_translation,pending_top_up,top_up_failed,,,,,,intent,11,52
transformer,banking77mt-ta-Taml-2588-q0,நான் செய்யாத என் அறிக்கையில் ஒரு டெபிட் பரிவர்த்தனை உள்ளது,ta-Taml,banking77_nllb200_translation,direct_debit_payment_not_recognised,balance_not_updated_after_cheque_or_cash_deposit,,,,,,intent,11,58
transformer,banking77mt-ml-Mlym-2665-q0,എന് റെ എടിഎം ഡെപ്പോസിറ്റ് എങ്ങനെ ലഭ്യമായില്ല?,ml-Mlym,banking77_nllb200_translation,pending_cash_withdrawal,balance_not_updated_after_cheque_or_cash_deposit,,,,,,intent,14,45
transformer,banking77mt-ta-Taml-2732-q0,நான் ஒரு புதிய PIN எண் வேண்டும்.,ta-Taml,banking77_nllb200_translation,pin_blocked,get_physical_card,,,,,,intent,9,32
transformer,banking77mt-bn-Beng-2735-q0,আমার কার্ডে কোন চার্জ আছে তা আমি চিনতে পারছি না,bn-Beng,banking77_nllb200_translation,card_payment_not_recognised,card_payment_fee_charged,,,,,,intent,13,47
transformer,banking77mt-ta-Taml-2746-q0,நீங்கள் வேலை செய்யாத ஏதேனும் ஃபியட் நாணயங்கள் உள்ளனவா?,ta-Taml,banking77_nllb200_translation,fiat_currency_support,card_payment_wrong_exchange_rate,,,,,,intent,11,54
transformer,banking77mt-ta-Taml-2809-q0,"எனது செயலியில் இருந்து நான் பணத்தை திரும்பப் பெற்றதாக அறிவிப்பு கிடைத்தது, ஆனால் நான் அதைச் செய்ததாக நினைவில் இல்லை. இதை நான் எவ்வாறு சரிசெய்வது?",ta-Taml,banking77_nllb200_translation,cash_withdrawal_not_recognised,balance_not_updated_after_cheque_or_cash_deposit,,,,,,intent,28,145
transformer,banking77mt-ta-Taml-2833-q0,எனது கணக்கிலிருந்து பணம் செலுத்திய ஒரு வியாபாரி பெயர் எனக்குத் தெரியாது. நான் இந்த கட்டணத்தை செய்ததாக நான் நினைக்கவில்லை.,ta-Taml,banking77_nllb200_translation,card_payment_not_recognised,transaction_charged_twice,,,,,,intent,26,121
transformer,banking77mt-bn-Beng-2884-q0,আমার নগদ টাকা তুলতে হবে।,bn-Beng,banking77_nllb200_translation,pending_cash_withdrawal,balance_not_updated_after_cheque_or_cash_deposit,,,,,,intent,8,24
transformer,banking77mt-kn-Knda-2920-q0,ನಾನು ವರ್ಚುವಲ್ ಕಾರ್ಡ್ ಕೇಳಿದೆ ಆದರೆ ಅದು ಕಾಣಿಸುತ್ತಿಲ್ಲ. ಏಕೆ?,kn-Knda,banking77_nllb200_translation,getting_virtual_card,activate_my_card,,,,,,intent,19,56
transformer,banking77mt-hi-Deva-3001-q0,क्या मैं शारीरिक रूप से उपस्थित होने के बिना अपना पिन बदल सकता हूँ?,hi-Deva,banking77_nllb200_translation,change_pin,get_physical_card,,,,,,intent,17,67
transformer,banking77mt-te-Telu-3039-q0,"నేను చేసిన నగదు ఉపసంహరణకు ఛార్జ్ చూశాను! ఎటిఎం ఉపసంహరణలు గతంలో ఎల్లప్పుడూ ఉచితం, కాబట్టి అకస్మాత్తుగా ఛార్జ్ ఎందుకు ఉంది? ఇప్పుడు నాకు ఎంత ఖర్చవుతుంది?",te-Telu,banking77_nllb200_translation,cash_withdrawal_charge,card_payment_fee_charged,,,,,,intent,48,151
transformer,banking77mt-te-Telu-3049-q0,ఎందుకు నేను నగదు పొందడానికి ఉన్నప్పుడు వసూలు చేశారు?,te-Telu,banking77_nllb200_translation,cash_withdrawal_charge,card_payment_fee_charged,,,,,,intent,10,52
transformer,banking77mt-kn-Knda-3203-q0,ನಾನು ಎಲ್ಲಿ ವರ್ಚುವಲ್ ಕಾರ್ಡ್ ಆರ್ಡರ್ ಮಾಡಬಹುದು ಎಂದು ತಿಳಿಯಲು ಬಯಸುತ್ತೇನೆ?,kn-Knda,banking77_nllb200_translation,getting_virtual_card,activate_my_card,,,,,,intent,17,67
transformer,banking77mt-ta-Taml-3283-q0,நான் ஒரு இடமாற்றம் செய்தேன் ஆனால் அது இன்னும் நிலுவையில் உள்ளது,ta-Taml,banking77_nllb200_translation,pending_transfer,balance_not_updated_after_bank_transfer,,,,,,intent,11,63
transformer,banking77-en-Latn-3288-q0,A transfer to my account shows as still pending and I wanted to know how long it is suppose to take to clear.,en-Latn,banking77_english,pending_transfer,balance_not_updated_after_bank_transfer,,,,,,intent,26,109
transformer,banking77mt-kn-Knda-3289-q0,"ನಾನು ನನ್ನ ಹಣವನ್ನು ಸ್ವೀಕರಿಸಿದಾಗ, ಅದು ಸರಿಯಾದ ಮೊತ್ತದಲ್ಲಿರಲಿಲ್ಲ. ವಿನಿಮಯ ದರವು ಇರಬೇಕಿದ್ದಂತೆ ಇರಲಿಲ್ಲ.",kn-Knda,banking77_nllb200_translation,wrong_exchange_rate_for_cash_withdrawal,card_payment_wrong_exchange_rate,,,,,,intent,24,94
transformer,banking77mt-ml-Mlym-3475-q0,എന്തിനാണ് എന്നെ പണം കൈമാറിയതിന് കുറ്റം ചുമത്തുന്നത്?,ml-Mlym,banking77_nllb200_translation,transfer_fee_charged,balance_not_updated_after_cheque_or_cash_deposit,,,,,,intent,14,52
transformer,banking77-en-Latn-3499-q0,When are you going to transfer the money?,en-Latn,banking77_english,transfer_not_received_by_recipient,transfer_timing,,,,,,intent,11,41
transformer,banking77mt-hi-Deva-3548-q0,क्या मैं एटीएम में अपना कार्ड इस्तेमाल कर सकता हूँ?,hi-Deva,banking77_nllb200_translation,atm_support,activate_my_card,,,,,,intent,13,51
transformer,banking77mt-ml-Mlym-3580-q0,എനിക്ക് ഒരു കാർഡ് ആവശ്യപ്പെടാമോ?,ml-Mlym,banking77_nllb200_translation,order_physical_card,getting_spare_card,,,,,,intent,11,32
transformer,banking77mt-ta-Taml-3584-q0,நான் என் கார்டை ரத்து செய்ய வேண்டும். நான் செய்யாத இரண்டு நாட்களுக்கு முன்பு இருந்து சில கட்டணங்கள் உள்ளன. நான் இந்த கட்டணங்கள் கடன் பெற முடியுமா?,ta-Taml,banking77_nllb200_translation,card_payment_not_recognised,transaction_charged_twice,,,,,,intent,29,146
transformer,banking77mt-ml-Mlym-3655-q0,എനിക്ക് പണമായി ഡെപ്പോസിറ്റ് ചെയ്യണം.,ml-Mlym,banking77_nllb200_translation,top_up_by_cash_or_cheque,wrong_exchange_rate_for_cash_withdrawal,,,,,,intent,10,36
transformer,banking77-en-Latn-3725-q0,I can't see a verification code anywhere,en-Latn,banking77_english,verify_top_up,why_verify_identity,,,,,,intent,11,40
transformer,banking77mt-bn-Beng-3877-q0,টাকা স্থানান্তরের জন্য কেন আমার কাছ থেকে চার্জ নেওয়া হচ্ছে?,bn-Beng,banking77_nllb200_translation,transfer_fee_charged,card_payment_fee_charged,,,,,,intent,13,60
transformer,banking77mt-ml-Mlym-3902-q0,ഒറ്റത്തവണ ഉപയോഗിക്കാവുന്ന ഒരു കാർഡ് ഉപയോഗിച്ച് എനിക്ക് പരമാവധി എത്ര ഇടപാടുകൾ നടത്താം?,ml-Mlym,banking77_nllb200_translation,disposable_card_limits,activate_my_card,,,,,,intent,16,85
transformer,banking77-en-Latn-3939-q0,"Someone attacked me yesterday and took my things, so I am unable to use the app. I am in need of some help.",en-Latn,banking77_english,lost_or_stolen_phone,top_up_failed,,,,,,intent,28,107
transformer,banking77mt-bn-Beng-3945-q0,কেন আমার বন্ধুর সাথে করা লেনদেন এখনো আসেনি?,bn-Beng,banking77_nllb200_translation,transfer_not_received_by_recipient,transaction_charged_twice,,,,,,intent,11,43
transformer,banking77mt-te-Telu-3980-q0,అప్లికేషన్ ధ్రువీకరణ అవసరం ఎందుకు ఒక కారణం ఉంది?,te-Telu,banking77_nllb200_translation,verify_top_up,why_verify_identity,,,,,,intent,15,48
transformer,banking77mt-hi-Deva-4008-q0,मुझे अपना कार्ड लिंक करने में मदद करें,hi-Deva,banking77_nllb200_translation,card_linking,activate_my_card,,,,,,intent,10,38
transformer,banking77mt-hi-Deva-4020-q0,मेरे निकासी के लिए विनिमय दर सही नहीं है और वास्तविक विनिमय दर से मेल नहीं खाती है।,hi-Deva,banking77_nllb200_translation,wrong_exchange_rate_for_cash_withdrawal,card_payment_wrong_exchange_rate,,,,,,intent,21,83
transformer,banking77mt-te-Telu-4025-q0,ఇది మొదటిసారి నేను ఒక ATM నుండి నా డబ్బు తీసుకోవాలని ప్రయత్నించారు మరియు అది పని చేయలేదు. దయచేసి నాకు నా డబ్బు ఇవ్వండి,te-Telu,banking77_nllb200_translation,declined_cash_withdrawal,balance_not_updated_after_cheque_or_cash_deposit,,,,,,intent,26,118
transformer,banking77-en-Latn-4030-q0,virtual card won't work for me,en-Latn,banking77_english,virtual_card_not_working,activate_my_card,,,,,,intent,10,30
transformer,banking77mt-ta-Taml-4074-q0,"வணக்கம், நான் சமீபத்தில் ஒரு பொருளை ஆர்டர் செய்தேன், முடிந்தவரை விரைவில் ரத்துசெய்து பணத்தைத் திரும்பப் பெறுவதில் எனக்கு உதவி தேவை. எனது பணத்தைத் திரும்பப் பெறுவது மிகவும் முக்கியம்.",ta-Taml,banking77_nllb200_translation,request_refund,balance_not_updated_after_cheque_or_cash_deposit,,,,,,intent,33,182
transformer,banking77-en-Latn-4146-q0,For some reason my contactless won't work for me.,en-Latn,banking77_english,contactless_not_working,edit_personal_details,,,,,,intent,15,49
transformer,banking77mt-bn-Beng-4187-q0,"ছুটির দিনগুলোতে আমি তোমার ATM থেকে টাকা তুললাম, আর আমাকে পাগলের মত চার্জ করা হল।",bn-Beng,banking77_nllb200_translation,wrong_exchange_rate_for_cash_withdrawal,card_payment_fee_charged,,,,,,intent,23,80
transformer,banking77mt-ta-Taml-4202-q0,இந்த அட்டையை ஏற்றுக்கொள்ளும் ஏடிஎம்களின் இருப்பிடங்கள் எங்கே?,ta-Taml,banking77_nllb200_translation,atm_support,fiat_currency_support,,,,,,intent,16,61
transformer,banking77mt-bn-Beng-4314-q0,"আমার কার্ডটা ATM-এ আটকে আছে, কিভাবে দ্রুত ফিরে পাবো?",bn-Beng,banking77_nllb200_translation,card_swallowed,card_not_working,,,,,,intent,17,52
transformer,banking77mt-te-Telu-4354-q0,మీరు నా టాప్ అప్ తిరగండి?,te-Telu,banking77_nllb200_translation,top_up_reverted,top_up_failed,,,,,,intent,11,25
transformer,banking77mt-hi-Deva-4447-q0,मैं पहले से ही एक स्थानांतरण पूरा करने के लिए 5 बार की कोशिश की है कि सिर्फ मानक है. क्या सौदा है? अपने सिस्टम इस समय नीचे है?,hi-Deva,banking77_nllb200_translation,failed_transfer,balance_not_updated_after_bank_transfer,,,,,,intent,34,126
transformer,banking77mt-te-Telu-4451-q0,అమెరికా నుండి వచ్చిన కార్డులు ఆమోదయోగ్యంగా ఉన్నాయా?,te-Telu,banking77_nllb200_translation,supported_cards_and_currencies,getting_spare_card,,,,,,intent,16,51
transformer,banking77-en-Latn-4671-q0,I can't access my account.,en-Latn,banking77_english,passcode_forgotten,terminate_account,,,,,,intent,10,26
transformer,banking77mt-te-Telu-4686-q0,ఆస్ట్రేలియా డాలర్లు మరియు GBP ల మధ్య మార్పిడి ఎలా చేయాలి?,te-Telu,banking77_nllb200_translation,exchange_via_app,exchange_rate,,,,,,intent,13,57
transformer,banking77mt-ta-Taml-4691-q0,"நான் இழந்தது என்று நினைத்த கார்டு என் ஜாக்கெட்டில் இருந்தது, அதனால் நான் அதை மீண்டும் செயல்படுத்த முடியும் நான் இன்று காலை அதை கண்டறிந்தது என்பதால்?",ta-Taml,banking77_nllb200_translation,card_linking,activate_my_card,,,,,,intent,27,148
transformer,banking77mt-hi-Deva-4696-q0,विनिमय दर के कारण मेरे पास कम नकदी है।,hi-Deva,banking77_nllb200_translation,wrong_exchange_rate_for_cash_withdrawal,card_payment_wrong_exchange_rate,,,,,,intent,12,38
transformer,banking77mt-kn-Knda-4722-q0,ನನ್ನ ಕಾರ್ಡಿನ ಅವಧಿ ಮುಗಿಯುವ ದಿನಾಂಕ ಸಮೀಪಿಸುತ್ತಿದೆ .,kn-Knda,banking77_nllb200_translation,card_about_to_expire,card_arrival,,,,,,intent,13,48
transformer,banking77mt-ta-Taml-4754-q0,எனது பரிமாற்றம் சாத்தியமில்லை என்று ஒரு பிழை செய்தி கிடைத்தது? ஏன் என்று? நான் முன்பு பணம் பரிமாற்றம் மற்றும் அது எந்த பிரச்சனையும் இல்லாமல் வேலை,ta-Taml,banking77_nllb200_translation,beneficiary_not_allowed,balance_not_updated_after_bank_transfer,,,,,,intent,27,145
transformer,banking77-en-Latn-4759-q0,"I have arranged a transfer, but no longer need to send it. How do I stop the transfer?",en-Latn,banking77_english,cancel_transfer,balance_not_updated_after_bank_transfer,,,,,,intent,23,86
transformer,banking77-en-Latn-4765-q0,I'm confused. My contactless is suddenly not working anywhere that I try to use it. How do I fix it?,en-Latn,banking77_english,contactless_not_working,edit_personal_details,,,,,,intent,28,100
transformer,banking77mt-ta-Taml-5060-q0,நான் என் கடவுச்சொல்லை இழந்தேன்,ta-Taml,banking77_nllb200_translation,passcode_forgotten,get_physical_card,,,,,,intent,10,30
transformer,banking77mt-hi-Deva-5062-q0,मेरे एटीएम निकासी के लिए अचानक मुझसे शुल्क क्यों लिया गया है? मैंने सोचा था कि निकासी मुफ्त थी क्योंकि यह पहली बार है जब मुझे यह समस्या हुई है।,hi-Deva,banking77_nllb200_translation,cash_withdrawal_charge,transaction_charged_twice,,,,,,intent,34,143
transformer,banking77mt-bn-Beng-5078-q0,এটিএম থেকে টাকা তোলার পর আমার ব্যালেন্স ঠিক তেমন নেই।,bn-Beng,banking77_nllb200_translation,pending_cash_withdrawal,balance_not_updated_after_cheque_or_cash_deposit,,,,,,intent,15,53
transformer,banking77-en-Latn-5117-q0,What does it mean if my payment has been reverted?,en-Latn,banking77_english,reverted_card_payment?,transaction_charged_twice,,,,,,intent,14,50
transformer,banking77mt-hi-Deva-5172-q0,एक ही वस्तु के लिए दोहराने का शुल्क है,hi-Deva,banking77_nllb200_translation,transaction_charged_twice,card_payment_fee_charged,,,,,,intent,12,38
transformer,banking77mt-ta-Taml-5179-q0,மெய்நிகர் அட்டையை டெபாசிட் செய்வதற்கான நடைமுறை என்ன?,ta-Taml,banking77_nllb200_translation,get_disposable_virtual_card,activate_my_card,,,,,,intent,12,52
transformer,banking77mt-ta-Taml-5216-q0,"நான் என் கடவுச்சொல்லை மீட்டமைக்க வேண்டும், இந்த வேலை இல்லை",ta-Taml,banking77_nllb200_translation,passcode_forgotten,get_physical_card,,,,,,intent,16,58
transformer,banking77mt-bn-Beng-5257-q0,আমাকে রিপল-আপের সীমা সম্পর্কে বলুন।,bn-Beng,banking77_nllb200_translation,top_up_limits,apple_pay_or_google_pay,,,,,,intent,12,35
transformer,banking77mt-kn-Knda-5261-q0,"ಹಲೋ ನಾನು ಅಪ್ಲಿಕೇಶನ್ ಮೂಲಕ ಕ್ರಿಪ್ಟೋ ಕರೆನ್ಸಿಯನ್ನು ವಿನಿಮಯ ಮಾಡಲು ಸಾಧ್ಯವಾಗುತ್ತಿಲ್ಲ, ನಾನು ಖರೀದಿಸಲು ತುಂಬಾ ಉತ್ಸುಕನಾಗಿದ್ದೇನೆ. ದಯವಿಟ್ಟು ನನಗೆ ಸಮಸ್ಯೆಯನ್ನು ತಿಳಿಸಿ. ಕ್ರಿಪ್ಟೋ ಕರೆನ್ಸಿಯನ್ನು ಖರೀದಿಸಲು ಆಸಕ್ತಿ ಇದೆ ಆದರೆ ನಾನು ಅಪ್ಲಿಕೇಶನ್ ಮೂಲಕ ಅದನ್ನು ಖರೀದಿಸಲು ಸಾಧ್ಯವಾಗುತ್ತಿಲ್ಲ, ನಾನು ವಿನಿಮಯವನ್ನು ಮಾಡಲು ಬಯಸುತ್ತೇನೆ, ದಯವಿಟ್ಟು ಸಮಸ್ಯೆ ಏನು ಎಂದು ನನಗೆ ತಿಳಿಸಬಹುದೇ?",kn-Knda,banking77_nllb200_translation,beneficiary_not_allowed,card_payment_wrong_exchange_rate,,,,,,intent,80,328
transformer,banking77mt-te-Telu-5279-q0,ఎందుకు నాకు తెలియదు కానీ నా బదిలీలు తగ్గుతూనే ఉన్నాయి నేను ఇప్పటికే అనేక సార్లు అన్ని గ్రహీత వివరాలను రెట్టింపు తనిఖీ చేసాను మరియు అవి ఖచ్చితంగా సరైనవి.,te-Telu,banking77_nllb200_translation,declined_transfer,balance_not_updated_after_bank_transfer,,,,,,intent,33,152
transformer,banking77mt-hi-Deva-5343-q0,क्या मुझे अपना कार्ड बदलने की ज़रूरत है अगर उसने काम नहीं किया जब मैंने आज दुकान में संपर्क रहित भुगतान करने की कोशिश की?,hi-Deva,banking77_nllb200_translation,contactless_not_working,get_physical_card,,,,,,intent,28,121
transformer,banking77mt-te-Telu-5435-q0,నేను చేయడానికి ప్రయత్నించిన ట్రాన్స్జెండర్ విఫలమైంది.,te-Telu,banking77_nllb200_translation,failed_transfer,declined_transfer,,,,,,intent,17,53
transformer,banking77-en-Latn-5454-q0,Why is my virtual card is being declined?,en-Latn,banking77_english,virtual_card_not_working,activate_my_card,,,,,,intent,11,41
transformer,banking77mt-hi-Deva-5458-q0,क्या कोई कारण है कि मेरा रिप्लेसमेंट रद्द कर दिया गया है?,hi-Deva,banking77_nllb200_translation,top_up_reverted,declined_transfer,,,,,,intent,18,57
transformer,banking77mt-ta-Taml-5470-q0,நான் வைத்திருக்கும் கணக்கில் ஏன் கூடுதல் 1$ வசூலிக்கப்பட்டது என்று சொல்ல முடியுமா?,ta-Taml,banking77_nllb200_translation,extra_charge_on_statement,card_payment_fee_charged,,,,,,intent,17,82
transformer,banking77mt-hi-Deva-5477-q0,मुझे नकदी क्यों नहीं मिली?,hi-Deva,banking77_nllb200_translation,declined_cash_withdrawal,balance_not_updated_after_cheque_or_cash_deposit,,,,,,intent,8,26
transformer,banking77-en-Latn-5497-q0,How long is US delivery?,en-Latn,banking77_english,card_delivery_estimate,country_support,,,,,,intent,8,24
transformer,banking77-en-Latn-5567-q0,Can I link your physical card,en-Latn,banking77_english,card_linking,activate_my_card,,,,,,intent,8,29
transformer,banking77mt-bn-Beng-5634-q0,কেউ আমাকে টাকা পাঠাতে চাইলে কি আমাকে চার্জ করা হবে?,bn-Beng,banking77_nllb200_translation,top_up_by_bank_transfer_charge,card_payment_fee_charged,,,,,,intent,13,51
transformer,banking77mt-kn-Knda-5676-q0,ದಯವಿಟ್ಟು ನನಗೆ ವೀಸಾ ಮತ್ತು ಮಾಸ್ಟರ್ ಕಾರ್ಡ್ ಎರಡೂ ನೀಡಿ.,kn-Knda,banking77_nllb200_translation,visa_or_mastercard,getting_spare_card,,,,,,intent,14,50
transformer,banking77mt-ta-Taml-5895-q0,"நான் ஒரு இடமாற்றத்தை செய்தால், அதற்கான விகிதம் என்ன?",ta-Taml,banking77_nllb200_translation,top_up_by_bank_transfer_charge,transfer_timing,,,,,,intent,13,52
transformer,banking77mt-bn-Beng-5931-q0,আমি যদি যুক্তরাজ্যে না থাকি তাহলে কি কার্ড পাওয়া সম্ভব?,bn-Beng,banking77_nllb200_translation,country_support,getting_spare_card,,,,,,intent,13,56
transformer,banking77mt-hi-Deva-6090-q0,मेरे पास धनवापसी नहीं है।,hi-Deva,banking77_nllb200_translation,Refund_not_showing_up,transaction_charged_twice,,,,,,intent,11,25
transformer,banking77-en-Latn-6222-q0,How can I trade currencies with this app?,en-Latn,banking77_english,exchange_via_app,exchange_rate,,,,,,intent,11,41
transformer,banking77mt-ta-Taml-6243-q0,நான் என் அறிக்கை இந்த கட்டணம் உடன்படவில்லை.,ta-Taml,banking77_nllb200_translation,extra_charge_on_statement,card_payment_fee_charged,,,,,,intent,10,43
transformer,banking77mt-ml-Mlym-6252-q0,എനിക്ക് എത്ര തുക തിരികെ കിട്ടും?,ml-Mlym,banking77_nllb200_translation,top_up_limits,card_payment_fee_charged,,,,,,intent,8,32
transformer,banking77mt-ml-Mlym-6333-q0,എന്റെ എല്ലാ ട്രാൻസ്ഫറുകളും പരാജയപ്പെട്ടുകൊണ്ടിരിക്കുകയാണ്. ഓരോ സ്വീകർത്താവിന്റെയും വിശദാംശങ്ങൾ ഞാൻ വീണ്ടും വീണ്ടും പരിശോധിച്ചു. എല്ലാം ശരിയാണ്.,ml-Mlym,banking77_nllb200_translation,declined_transfer,balance_not_updated_after_bank_transfer,,,,,,intent,34,143
transformer,banking77mt-ta-Taml-6339-q0,என் பண வைப்பு எங்கே?,ta-Taml,banking77_nllb200_translation,balance_not_updated_after_cheque_or_cash_deposit,wrong_exchange_rate_for_cash_withdrawal,,,,,,intent,7,20
transformer,banking77mt-ta-Taml-6369-q0,"வணக்கம், வங்கி ஏடிஎம் இயந்திரத்தில் எனது சமீபத்திய திரும்பப் பெறுதலில் ஒரு சிக்கலை நான் கவனித்தேன். நான் ஒரு பரிவர்த்தனையைச் செய்தேன், இயந்திரத்திலிருந்து எனது நிதியைப் பெற்றவுடன், எனது திரும்பப் பெறுதலில் கட்டணம் நிர்ணயிக்கப்பட்டது. இந்த வகையான பரிவர்த்தனைகள் இலவசமா?",ta-Taml,banking77_nllb200_translation,cash_withdrawal_charge,transaction_charged_twice,,,,,,intent,54,268
transformer,banking77mt-ta-Taml-6399-q0,தயவுசெய்து எனக்கு உதவி செய்யுங்கள். நான் ஒரு பிழையை தொடர்ந்து பெறுகிறேன் நான் வாங்கும் ஒரு அபார்ட்மெண்டிற்கான ஆரம்ப வீட்டுக் கடனை செலுத்த முயற்சிக்கிறேன். இங்கே என்ன ஒப்பந்தம்?,ta-Taml,banking77_nllb200_translation,failed_transfer,transaction_charged_twice,,,,,,intent,37,176
transformer,banking77-en-Latn-6560-q0,Please help my find out why there is an odd direct debit in my records.,en-Latn,banking77_english,direct_debit_payment_not_recognised,transaction_charged_twice,,,,,,intent,18,71
transformer,banking77mt-kn-Knda-6627-q0,ನಾನು ಪೂರ್ಣಗೊಳಿಸಿದ ಸಂಪೂರ್ಣ ವರ್ಗಾವಣೆಯನ್ನು ಅವರು ಸ್ವೀಕರಿಸಲಿಲ್ಲ ಮತ್ತು ಅದು ನಾನು ಕಳುಹಿಸಿದ್ದಕ್ಕಿಂತ ಸ್ವಲ್ಪ ಕಡಿಮೆ ಎಂದು ಸ್ವೀಕರಿಸುವವರು ನನಗೆ ತಿಳಿಸಿದರು. ಈ ಹಂತದಲ್ಲಿ ನಾನು ಕಳೆದುಹೋದ ಮೊತ್ತವನ್ನು ಸರಿದೂಗಿಸಲು ಮತ್ತೊಂದು ವರ್ಗಾವಣೆಯನ್ನು ಮಾಡಬೇಕಾಗಿದೆ. ದಯವಿಟ್ಟು ಇಲ್ಲಿ ಏನು ನಡೆಯುತ್ತಿದೆ ಎಂಬುದನ್ನು ನೀವು ಅನುಸರಿಸಬಹುದೇ?,kn-Knda,banking77_nllb200_translation,transfer_fee_charged,balance_not_updated_after_bank_transfer,,,,,,intent,60,281
transformer,banking77mt-ml-Mlym-6649-q0,എന്തിന് എന്റെ പേരിൽ ഒരു ഡയറക്ട് ഡെബിറ്റ് ക്രമീകരിച്ചിരിക്കുന്നു?,ml-Mlym,banking77_nllb200_translation,direct_debit_payment_not_recognised,balance_not_updated_after_cheque_or_cash_deposit,,,,,,intent,17,64
transformer,banking77mt-ta-Taml-6689-q0,எனது அண்மைய இடமாற்றத்தை உடனடியாக ரத்து செய்ய வேண்டும். நான் ஒரு தவறு செய்துவிட்டேன். தயவுசெய்து அது செல்லும் முன் உதவுங்கள்.,ta-Taml,banking77_nllb200_translation,cancel_transfer,declined_transfer,,,,,,intent,27,124
transformer,banking77mt-bn-Beng-6713-q0,দয়া করে ব্যাখ্যা করুন কেন আমি যে অর্থ যোগ করেছি তা আমার অ্যাকাউন্টে ফেরত দেওয়া হয়েছে।,bn-Beng,banking77_nllb200_translation,top_up_reverted,transaction_charged_twice,,,,,,intent,20,88
transformer,banking77-en-Latn-6745-q0,I made the incorrect payment for my rent yesterday and this needs to be fixed by no later than tomorrow. How can you help?,en-Latn,banking77_english,cancel_transfer,transaction_charged_twice,,,,,,intent,28,122
transformer,banking77mt-ml-Mlym-6763-q0,എനിക്ക് ഒരു പുതിയ പി. ഐ. എൻ തെരഞ്ഞെടുക്കണം.,ml-Mlym,banking77_nllb200_translation,change_pin,get_physical_card,,,,,,intent,16,43
transformer,banking77mt-ta-Taml-6792-q0,பணம் திருப்பிச் செலுத்தப்பட்டால் என்ன நடக்கும்?,ta-Taml,banking77_nllb200_translation,reverted_card_payment?,transaction_charged_twice,,,,,,intent,10,47
transformer,banking77mt-bn-Beng-6891-q0,"যদি আমার কার্ডটি এটিএমে আটকে থাকে, তাহলে আমি কি করব?",bn-Beng,banking77_nllb200_translation,card_swallowed,cash_withdrawal_not_recognised,,,,,,intent,16,52
transformer,banking77mt-hi-Deva-6919-q0,क्या मैं अपने से भिन्न बैंक एटीएम का उपयोग कर सकता हूँ?,hi-Deva,banking77_nllb200_translation,atm_support,supported_cards_and_currencies,,,,,,intent,15,55
transformer,banking77mt-kn-Knda-6971-q0,ನನಗೆ 100 ಡಾಲರ್ ಬೇಕಿತ್ತು ಆದರೆ ಅದು ನನಗೆ ಕೇವಲ 20 ಡಾಲರ್ ನೀಡಿತು.,kn-Knda,banking77_nllb200_translation,wrong_amount_of_cash_received,cash_withdrawal_charge,,,,,,intent,16,59
transformer,banking77-en-Latn-6995-q0,My passcode doesn't seem to be working,en-Latn,banking77_english,passcode_forgotten,get_physical_card,,,,,,intent,12,38
transformer,banking77mt-hi-Deva-7008-q0,स्थानांतरण के लिए कितना समय लगेगा? मैं कुछ समय से इंतजार कर रहा हूँ।,hi-Deva,banking77_nllb200_translation,transfer_not_received_by_recipient,pending_transfer,,,,,,intent,18,68
transformer,banking77mt-te-Telu-7116-q0,అప్లికేషన్ నా బదిలీ విఫలమైంది చెప్పారు,te-Telu,banking77_nllb200_translation,failed_transfer,balance_not_updated_after_bank_transfer,,,,,,intent,12,38
transformer,banking77mt-kn-Knda-7121-q0,ನಗದು ಪಡೆಯಲು ನನಗೆ ಶುಲ್ಕ ವಿಧಿಸಲಾಗಿದೆ,kn-Knda,banking77_nllb200_translation,cash_withdrawal_charge,card_payment_fee_charged,,,,,,intent,8,34
transformer,banking77mt-kn-Knda-7152-q0,"ನನ್ನ ಕಾರ್ಡು ವರ್ಗಾವಣೆಯನ್ನು ಪೂರ್ಣಗೊಳಿಸಲಿಲ್ಲ, ಏಕೆ?",kn-Knda,banking77_nllb200_translation,failed_transfer,declined_transfer,,,,,,intent,14,47
transformer,banking77-en-Latn-7169-q0,I topped up but it isn't in my account,en-Latn,banking77_english,pending_top_up,top_up_failed,,,,,,intent,13,38
transformer,banking77mt-kn-Knda-7240-q0,ಯೂರೋಗೆ ವಿನಿಮಯ ಮಾಡಬಹುದೇ?,kn-Knda,banking77_nllb200_translation,fiat_currency_support,exchange_rate,,,,,,intent,12,23
transformer,banking77mt-hi-Deva-7305-q0,ऑनलाइन खरीदारी करने की कोशिश करते समय मुझे अस्वीकृति क्यों मिल रही है?,hi-Deva,banking77_nllb200_translation,declined_transfer,top_up_failed,,,,,,intent,17,70
transformer,banking77mt-te-Telu-7364-q0,గత రెండు నెలలుగా నా లావాదేవీలను సమీక్షించిన తరువాత నేను చాలా పెద్ద ఛార్జీని గమనించాను. నేను చేయలేదని నాకు తెలుసు. కొంత సమయం గడిచిందని నాకు తెలుసు. కానీ నేను ఇప్పటికీ ఈ ఛార్జీని వివాదం చేయవచ్చా?,te-Telu,banking77_nllb200_translation,direct_debit_payment_not_recognised,transaction_charged_twice,,,,,,intent,56,193
transformer,banking77-en-Latn-7370-q0,Will I be fined for topping up by transfer?,en-Latn,banking77_english,top_up_by_bank_transfer_charge,transfer_fee_charged,,,,,,intent,13,43
transformer,banking77mt-te-Telu-7383-q0,అప్లికేషన్ నేను ఎప్పుడూ చేసిన ఒక చెల్లింపు చూపిస్తుంది.,te-Telu,banking77_nllb200_translation,card_payment_not_recognised,transaction_charged_twice,,,,,,intent,14,55
transformer,banking77mt-hi-Deva-7431-q0,क्या आज मेरे कार्ड पर कोई गतिविधि हुई है?,hi-Deva,banking77_nllb200_translation,lost_or_stolen_card,card_not_working,,,,,,intent,12,41
transformer,banking77mt-ml-Mlym-7434-q0,ഞാന് യുകെയില് ഇല്ലെങ്കിലും എനിക്ക് ഒരു കാർഡ് ലഭിക്കുമോ?,ml-Mlym,banking77_nllb200_translation,country_support,getting_spare_card,,,,,,intent,15,55
transformer,banking77mt-hi-Deva-7500-q0,मुझे बताया गया था कि मुझे धनवापसी मिल जाएगी लेकिन मैंने अभी तक इसे नहीं देखा है।,hi-Deva,banking77_nllb200_translation,Refund_not_showing_up,transaction_charged_twice,,,,,,intent,23,80
transformer,banking77mt-ta-Taml-7616-q0,எனது அட்டையை விரைவில் முடக்க வேண்டும். நான் எனது கணக்கைச் சரிபார்த்தேன் மற்றும் சில நாட்களில் நான் அடையாளம் காணாத பல கொடுப்பனவுகள் இருப்பதைக் கண்டேன். நாங்கள் விசாரணை செய்து எனது பணத்தை திரும்பப் பெற முடியுமா?,ta-Taml,banking77_nllb200_translation,card_payment_not_recognised,balance_not_updated_after_cheque_or_cash_deposit,,,,,,intent,43,209
transformer,banking77mt-ml-Mlym-7717-q0,എടിഎമ്മിൽ നിന്നും വ്യത്യസ്തമായ തുക കിട്ടി.,ml-Mlym,banking77_nllb200_translation,wrong_amount_of_cash_received,balance_not_updated_after_cheque_or_cash_deposit,,,,,,intent,12,42
transformer,banking77mt-te-Telu-7743-q0,నా టాప్ అప్ యొక్క స్థితి ఏమిటి?,te-Telu,banking77_nllb200_translation,top_up_reverted,pending_top_up,,,,,,intent,9,31
transformer,banking77mt-ml-Mlym-7772-q0,മറ്റേതെങ്കിലും കറൻസിയിൽ എനിക്ക് പണം ലഭിക്കുമോ?,ml-Mlym,banking77_nllb200_translation,receiving_money,exchange_rate,,,,,,intent,13,46
transformer,banking77mt-te-Telu-7883-q0,ఒకసారి వాడుకునే కార్డుతో ఎన్ని లావాదేవీలు చేయవచ్చు?,te-Telu,banking77_nllb200_translation,disposable_card_limits,activate_my_card,,,,,,intent,16,51
transformer,banking77mt-te-Telu-7933-q0,నేను రెండవ కార్డు ఎక్కడ పొందవచ్చు?,te-Telu,banking77_nllb200_translation,getting_spare_card,activate_my_card,,,,,,intent,8,34
transformer,banking77-en-Latn-8062-q0,Do you know why my card payment was reverted?,en-Latn,banking77_english,reverted_card_payment?,transaction_charged_twice,,,,,,intent,13,45
transformer,banking77mt-te-Telu-8071-q0,నా కార్డులో చాలా ఛార్జీలు ఉన్నాయి నేను దాన్ని ఎలా పరిష్కరించగలను?,te-Telu,banking77_nllb200_translation,transaction_charged_twice,card_payment_fee_charged,,,,,,intent,21,65
transformer,banking77mt-te-Telu-8122-q0,దయచేసి నాకు సహాయం చేయండి! నా కార్డు దొంగిలించబడింది!,te-Telu,banking77_nllb200_translation,lost_or_stolen_card,card_not_working,,,,,,intent,15,52
transformer,banking77mt-bn-Beng-8175-q0,আমি এটিএম থেকে টাকা তুলতে চেষ্টা করেছি কিন্তু এটা আমাকে যেতে দেয়নি।,bn-Beng,banking77_nllb200_translation,declined_cash_withdrawal,balance_not_updated_after_cheque_or_cash_deposit,,,,,,intent,16,68
transformer,banking77-en-Latn-8286-q0,Can I exchange currencies with my account?,en-Latn,banking77_english,exchange_via_app,exchange_rate,,,,,,intent,10,42
transformer,banking77mt-ta-Taml-8312-q0,எந்த ஏடிஎம்களில் எனது PIN எண்ணை மாற்ற முடியும் என்று சொல்லுங்கள்.,ta-Taml,banking77_nllb200_translation,change_pin,get_physical_card,,,,,,intent,15,65
transformer,banking77mt-bn-Beng-8354-q0,আমি যে চেক পেয়েছি তা দিয়ে কি আমি রিপল করতে পারবো?,bn-Beng,banking77_nllb200_translation,top_up_by_cash_or_cheque,wrong_exchange_rate_for_cash_withdrawal,,,,,,intent,16,51
transformer,banking77-en-Latn-8443-q0,Do you know why my card payment did not work?,en-Latn,banking77_english,declined_card_payment,card_payment_not_recognised,,,,,,intent,13,45
transformer,banking77mt-ml-Mlym-8453-q0,എന്റെ അക്കൌണ്ടിലേക്ക് ഏതു വിദേശ നാണയമാണ് എനിക്ക് ട്രാൻസ്ഫർ ചെയ്യാൻ കഴിയുക?,ml-Mlym,banking77_nllb200_translation,receiving_money,exchange_rate,,,,,,intent,20,74
transformer,banking77mt-hi-Deva-8457-q0,मुझे अपना पासवर्ड याद नहीं है,hi-Deva,banking77_nllb200_translation,passcode_forgotten,get_physical_card,,,,,,intent,8,29
transformer,banking77mt-te-Telu-8464-q0,సరైన మొత్తంలో నగదు రాలేదు.,te-Telu,banking77_nllb200_translation,wrong_amount_of_cash_received,balance_not_updated_after_cheque_or_cash_deposit,,,,,,intent,7,26
transformer,banking77mt-hi-Deva-8507-q0,मेरे खाते में धनवापसी कब आएगी?,hi-Deva,banking77_nllb200_translation,Refund_not_showing_up,transaction_charged_twice,,,,,,intent,12,30
transformer,banking77mt-ta-Taml-8713-q0,வங்கி பரிமாற்றம் மறுக்கப்பட்டது,ta-Taml,banking77_nllb200_translation,declined_transfer,balance_not_updated_after_bank_transfer,,,,,,intent,6,31
transformer,banking77-en-Latn-8742-q0,"I made a rent payment from the wrong account yesterday. It absolutely has to go through tomorrow, so can you please reroute the payment to the right account?",en-Latn,banking77_english,cancel_transfer,transaction_charged_twice,,,,,,intent,35,157
transformer,banking77-en-Latn-8813-q0,I tried to top up and suddenly my money disappeared,en-Latn,banking77_english,topping_up_by_card,top_up_reverted,,,,,,intent,12,51
transformer,banking77-en-Latn-8817-q0,Can you tell me when my money transfer will go through,en-Latn,banking77_english,pending_transfer,balance_not_updated_after_bank_transfer,,,,,,intent,13,54
transformer,banking77-en-Latn-9061-q0,My card payment was reverted. Why?,en-Latn,banking77_english,reverted_card_payment?,transaction_charged_twice,,,,,,intent,11,34
transformer,banking77mt-hi-Deva-9096-q0,आप मेरे नकदी निकासी के लिए विनिमय दर गलत है,hi-Deva,banking77_nllb200_translation,wrong_exchange_rate_for_cash_withdrawal,card_payment_wrong_exchange_rate,,,,,,intent,12,43
transformer,banking77mt-kn-Knda-9101-q0,ಟಾಪ್ ಅಪ್ ಗಾಗಿ ಒಂದು ಮಿತಿ ಇದೆಯೇ?,kn-Knda,banking77_nllb200_translation,top_up_limits,automatic_top_up,,,,,,intent,10,30
transformer,banking77-en-Latn-9205-q0,My card payment did not complete.,en-Latn,banking77_english,declined_card_payment,card_payment_not_recognised,,,,,,intent,9,33
transformer,banking77mt-bn-Beng-9227-q0,"আমার একটা ডাইরেক্ট ডেবিট আছে, যা আমি করিনি।",bn-Beng,banking77_nllb200_translation,direct_debit_payment_not_recognised,balance_not_updated_after_cheque_or_cash_deposit,,,,,,intent,15,43
transformer,banking77mt-kn-Knda-9268-q0,ನಗದು ಹಿಂಪಡೆಯಲು ನನಗೆ ಏಕೆ ಶುಲ್ಕ ವಿಧಿಸಲಾಗಿದೆ?,kn-Knda,banking77_nllb200_translation,cash_withdrawal_charge,card_payment_fee_charged,,,,,,intent,13,42
transformer,banking77mt-te-Telu-9457-q0,నేను ఇప్పుడు నా కార్డు స్తంభింప చేయవచ్చు?,te-Telu,banking77_nllb200_translation,compromised_card,card_not_working,,,,,,intent,12,41
transformer,banking77mt-hi-Deva-9521-q0,"क्या आप मेरा क्रेडिट कार्ड स्वीकार करेंगे, यह मेरा एकमात्र है।",hi-Deva,banking77_nllb200_translation,supported_cards_and_currencies,activate_my_card,,,,,,intent,15,62
transformer,banking77mt-te-Telu-9618-q0,దయచేసి నా నగదు ఉపసంహరణ ఇంకా ఎందుకు పెండింగ్లో ఉందో మీరు నాకు చెప్పగలరా?,te-Telu,banking77_nllb200_translation,pending_cash_withdrawal,balance_not_updated_after_cheque_or_cash_deposit,,,,,,intent,26,71
transformer,banking77mt-hi-Deva-9631-q0,क्या आप रिफंड देते हैं?,hi-Deva,banking77_nllb200_translation,request_refund,declined_transfer,,,,,,intent,10,23
transformer,banking77mt-te-Telu-9633-q0,"నేను కొన్ని రోజుల క్రితం మరొక దేశానికి డబ్బును బదిలీ చేశాను, కాని నా లావాదేవీ ఇంకా పెండింగ్లో ఉంది. ఖాతాలు సరిగ్గా నమోదు చేయబడిందో లేదో నేను తనిఖీ చేసాను. సమస్య ఏమిటి?",te-Telu,banking77_nllb200_translation,pending_transfer,balance_not_updated_after_bank_transfer,,,,,,intent,45,167
transformer,banking77mt-bn-Beng-9675-q0,আমি কিভাবে আপনার অ্যাপ ব্যবহার করে আমার কার্ড রিচার্জ করব? আমি এই বিষয়ে নতুন।,bn-Beng,banking77_nllb200_translation,topping_up_by_card,activate_my_card,,,,,,intent,19,78
transformer,banking77mt-kn-Knda-9804-q0,ನನ್ನ ಹೊಸ ಕಾರ್ಡನ್ನು ತೋರಿಸುವುದಕ್ಕಾಗಿ ನಾನು ಅಪ್ಲಿಕೇಶನ್ನಲ್ಲಿ ಎಲ್ಲಿಗೆ ಹೋಗಬೇಕು?,kn-Knda,banking77_nllb200_translation,card_linking,activate_my_card,,,,,,intent,16,72
transformer,banking77mt-bn-Beng-9826-q0,রিপল-আপের পরিমাণের কোন সীমা আছে কি?,bn-Beng,banking77_nllb200_translation,top_up_limits,automatic_top_up,,,,,,intent,13,35
transformer,banking77mt-kn-Knda-9882-q0,ಟಾಪ್-ಅಪ್ಗೆ ಏಕೆ ಪರಿಶೀಲನೆ ಬೇಕು?,kn-Knda,banking77_nllb200_translation,verify_top_up,edit_personal_details,,,,,,intent,10,29
transformer,banking77mt-kn-Knda-10058-q0,ವರ್ಚುವಲ್ ಕಾರ್ಡುಗಳು ಲಭ್ಯವಿದೆಯೇ?,kn-Knda,banking77_nllb200_translation,getting_virtual_card,activate_my_card,,,,,,intent,11,30
transformer,banking77mt-kn-Knda-10098-q0,ಟಾಪ್ ಅಪ್ ಕಾರ್ಡ್ನ ಪರಿಶೀಲನಾ ಕೋಡ್ ಎಲ್ಲಿದೆ?,kn-Knda,banking77_nllb200_translation,verify_top_up,apple_pay_or_google_pay,,,,,,intent,14,39
transformer,banking77mt-ta-Taml-10139-q0,நான் எங்கும் ஒரு சரிபார்ப்பு குறியீடு பார்க்க முடியாது,ta-Taml,banking77_nllb200_translation,verify_top_up,why_verify_identity,,,,,,intent,11,54
transformer,banking77mt-ta-Taml-10166-q0,நாணயத்தை மாற்றுவதற்கு எவ்வளவு செலவாகும்,ta-Taml,banking77_nllb200_translation,exchange_charge,card_payment_wrong_exchange_rate,,,,,,intent,10,39
transformer,banking77mt-bn-Beng-10174-q0,"আমার পিন নম্বরটি ভুল ছিল, এবং আমি এটি অ্যাক্সেস করতে পারি না।",bn-Beng,banking77_nllb200_translation,pin_blocked,get_physical_card,,,,,,intent,17,61
transformer,banking77mt-ml-Mlym-10208-q0,ഞാൻ റീഫണ്ടിനായി കാത്തിരിക്കുകയാണ്.,ml-Mlym,banking77_nllb200_translation,Refund_not_showing_up,pending_card_payment,,,,,,intent,11,34
transformer,banking77mt-kn-Knda-10219-q0,ನನ್ನ ಪಾಸ್ವರ್ಡ್ ನನಗೆ ಗೊತ್ತಿಲ್ಲದಿದ್ದರೆ ನಾನು ಏನು ಮಾಡಬೇಕು?,kn-Knda,banking77_nllb200_translation,passcode_forgotten,get_physical_card,,,,,,intent,12,54
transformer,banking77mt-te-Telu-10298-q0,నా కార్డు చెల్లింపు రద్దు కావడానికి కారణాలు ఏమిటి?,te-Telu,banking77_nllb200_translation,reverted_card_payment?,card_payment_not_recognised,,,,,,intent,12,50
transformer,banking77mt-te-Telu-10369-q0,మీరు నా ప్రకటనలో ఒక డాలర్ చార్జ్ గమనించాము ఎందుకు నాకు చెప్పగలరా?,te-Telu,banking77_nllb200_translation,extra_charge_on_statement,card_payment_fee_charged,,,,,,intent,23,65
transformer,banking77mt-ml-Mlym-10441-q0,ഞാനെങ്ങനെ ഐഡന്റിറ്റി പരിശോധന പൂരിപ്പിക്കും?,ml-Mlym,banking77_nllb200_translation,verify_my_identity,why_verify_identity,,,,,,intent,14,43
transformer,banking77-en-Latn-10626-q0,Why was my cash withdrawal given the wrong exchange rate?,en-Latn,banking77_english,wrong_exchange_rate_for_cash_withdrawal,card_payment_wrong_exchange_rate,,,,,,intent,13,57
transformer,banking77mt-ta-Taml-10780-q0,நான் ஏன் பணத்தை எடுத்ததற்காக குற்றம் சாட்டப்பட்டேன்?,ta-Taml,banking77_nllb200_translation,cash_withdrawal_charge,balance_not_updated_after_cheque_or_cash_deposit,,,,,,intent,12,52
transformer,banking77mt-bn-Beng-10848-q0,আমি অ্যাপ্লিকেশন চেক এবং আমি অনুমোদন না যে অতিরিক্ত নগদ উত্তোলন দেখেছি,bn-Beng,banking77_nllb200_translation,cash_withdrawal_not_recognised,balance_not_updated_after_cheque_or_cash_deposit,,,,,,intent,14,70
transformer,banking77mt-ta-Taml-10850-q0,நான் செய்யாத ஒரு நேரடி டெபிட் பரிவர்த்தனையை எனது செயலியில் காண்கிறேன்.,ta-Taml,banking77_nllb200_translation,direct_debit_payment_not_recognised,balance_not_updated_after_cheque_or_cash_deposit,,,,,,intent,16,70
transformer,banking77-en-Latn-11046-q0,My refund is still pending,en-Latn,banking77_english,Refund_not_showing_up,pending_card_payment,,,,,,intent,7,26
transformer,banking77mt-kn-Knda-11092-q0,ನನ್ನ ಖಾತೆಯನ್ನು ಬೇರೆ ಯಾರು ತುಂಬಬಹುದು?,kn-Knda,banking77_nllb200_translation,topping_up_by_card,edit_personal_details,,,,,,intent,9,35
transformer,banking77mt-ta-Taml-11094-q0,நான் என் பயன்பாட்டை அணுக என் கடவுச்சொல்லை மீட்டமைக்க உதவி தேவை.,ta-Taml,banking77_nllb200_translation,passcode_forgotten,edit_personal_details,,,,,,intent,17,63
transformer,banking77mt-te-Telu-11149-q0,నేను దేశం వెలుపల ప్రయాణిస్తున్నప్పుడు మీరు తప్పు మార్పిడి రేటును వర్తింపజేశారు.,te-Telu,banking77_nllb200_translation,wrong_exchange_rate_for_cash_withdrawal,card_payment_wrong_exchange_rate,,,,,,intent,18,79
transformer,banking77mt-hi-Deva-11173-q0,यदि मैंने आपसे कोई वस्तु खरीदी है तो आपकी धनवापसी नीति क्या है?,hi-Deva,banking77_nllb200_translation,request_refund,transaction_charged_twice,,,,,,intent,19,63
transformer,banking77mt-te-Telu-11265-q0,నేను ఏ కార్డు రకాలను ఎంచుకోగలను?,te-Telu,banking77_nllb200_translation,visa_or_mastercard,getting_spare_card,,,,,,intent,13,32
transformer,banking77mt-ml-Mlym-11323-q0,എന്റെ കറൻസി യൂറോയിലേക്ക് മാറ്റാമോ?,ml-Mlym,banking77_nllb200_translation,fiat_currency_support,exchange_rate,,,,,,intent,11,34
transformer,banking77mt-hi-Deva-11384-q0,मेरे लाभार्थी को क्यों मना कर दिया गया है?,hi-Deva,banking77_nllb200_translation,beneficiary_not_allowed,declined_transfer,,,,,,intent,12,42
transformer,banking77-en-Latn-11388-q0,My top up is not showing up in my wallet!,en-Latn,banking77_english,topping_up_by_card,top_up_failed,,,,,,intent,13,41
transformer,banking77mt-ta-Taml-11416-q0,நான் யார் என்பதை உறுதிப்படுத்த எனக்கு என்ன ஆவணங்கள் தேவை,ta-Taml,banking77_nllb200_translation,verify_my_identity,why_verify_identity,,,,,,intent,11,56
transformer,banking77mt-kn-Knda-11448-q0,ವರ್ಚುವಲ್ ಕಾರ್ಡ್ ಅನ್ನು ಹೇಗೆ ಆರ್ಡರ್ ಮಾಡಬೇಕೆಂದು ನೀವು ನನಗೆ ಹೇಳಬಲ್ಲಿರಾ?,kn-Knda,banking77_nllb200_translation,getting_virtual_card,activate_my_card,,,,,,intent,19,66
transformer,banking77-en-Latn-11572-q0,My payment came back for something i'm trying to buy online? it's been doing it for two weeks. do you know what the issue is?,en-Latn,banking77_english,reverted_card_payment?,transaction_charged_twice,,,,,,intent,34,125
transformer,banking77mt-kn-Knda-11598-q0,ನನ್ನ ಎಟಿಎಂ ವಾಪಸಾತಿ ಏಕೆ ನಿರಾಕರಿಸಲ್ಪಟ್ಟಿತು?,kn-Knda,banking77_nllb200_translation,declined_cash_withdrawal,transaction_charged_twice,,,,,,intent,16,41
transformer,banking77-en-Latn-11654-q0,"I need to exchange my GBP to AUD, how would I do this?",en-Latn,banking77_english,exchange_via_app,exchange_rate,,,,,,intent,19,54
transformer,banking77mt-bn-Beng-11692-q0,আমার একটা অভিযোগ আছে যা আমি করিনি।,bn-Beng,banking77_nllb200_translation,card_payment_not_recognised,transaction_charged_twice,,,,,,intent,10,34
transformer,banking77mt-kn-Knda-11701-q0,ನಾನು ನನ್ನ ಕಾರ್ಡ್ ಅನ್ನು ಬಳಸಲು ಪ್ರಯತ್ನಿಸಿದೆ ಆದರೆ ಎಲ್ಲಾ ಹಣವು ಕಣ್ಮರೆಯಾಗಿದೆ.,kn-Knda,banking77_nllb200_translation,topping_up_by_card,activate_my_card,,,,,,intent,18,71
transformer,banking77mt-hi-Deva-11704-q0,अमेरिकी गंतव्य तक पहुंचने में शिपिंग में कितना समय लगता है?,hi-Deva,banking77_nllb200_translation,card_delivery_estimate,transfer_timing,,,,,,intent,14,59
transformer,banking77-en-Latn-11709-q0,There's a direct debit on my account that I didn't authorize,en-Latn,banking77_english,direct_debit_payment_not_recognised,transaction_charged_twice,,,,,,intent,18,60
transformer,banking77-en-Latn-11722-q0,Transferring money in 2018 to another country shouldn't take this long. My transfer has been pending for too long. I verified my account details are correct.,en-Latn,banking77_english,pending_transfer,balance_not_updated_after_bank_transfer,,,,,,intent,34,157
transformer,banking77mt-bn-Beng-11730-q0,"হ্যালো, আমি শুধু জানতে পেরেছি যে আমি গতকাল ভুল লেনদেন করেছি। আপনি কি দয়া করে এটি সংশোধন করবেন? আমার এটা কালকের মধ্যে দরকার।",bn-Beng,banking77_nllb200_translation,cancel_transfer,transaction_charged_twice,,,,,,intent,32,124
transformer,banking77mt-ta-Taml-11744-q0,நான் என் டெபிட் அறிக்கை மீது மோசடி மூலம் குற்றம் சாட்டப்பட்டிருக்கலாம்.,ta-Taml,banking77_nllb200_translation,direct_debit_payment_not_recognised,balance_not_updated_after_cheque_or_cash_deposit,,,,,,intent,15,71
transformer,banking77mt-kn-Knda-11757-q0,ನಾನು ಹೇಗೆ ನಗದು ತುಂಬಲು ಮಾಡಬಹುದು?,kn-Knda,banking77_nllb200_translation,top_up_by_cash_or_cheque,transfer_into_account,,,,,,intent,8,31
transformer,banking77mt-bn-Beng-11974-q0,আমার কাছে বৈদেশিক মুদ্রা আছে আমি এটি পরিবর্তন করতে চাই এটি আমার কত খরচ করবে?,bn-Beng,banking77_nllb200_translation,exchange_charge,exchange_rate,,,,,,intent,18,76
transformer,banking77mt-hi-Deva-12031-q0,एटीएम ने मेरा कार्ड क्यों ले लिया और उसे क्यों रखा?,hi-Deva,banking77_nllb200_translation,card_swallowed,cash_withdrawal_not_recognised,,,,,,intent,14,51
transformer,banking77mt-ta-Taml-12037-q0,நான் ஏதாவது வாங்கி ஏற்கனவே அதை பணம் ஆனால் இப்போது நான் அதை பார்க்க முடியாது.,ta-Taml,banking77_nllb200_translation,reverted_card_payment?,card_payment_not_recognised,,,,,,intent,15,76
transformer,banking77mt-te-Telu-12106-q0,"నేను అనేక సార్లు ఒక చెల్లింపు చేయడానికి ప్రయత్నించారు, కానీ అది ద్వారా వెళ్ళడం లేదు. సమస్య ఏమిటి?",te-Telu,banking77_nllb200_translation,declined_card_payment,transaction_charged_twice,,,,,,intent,23,97
transformer,banking77mt-bn-Beng-12133-q0,"হ্যালো, আমার একটি অজানা ফি সম্পর্কে একটি প্রশ্ন আছে যা আমি আমার অ্যাকাউন্টে লক্ষ্য করেছি। আমি দেখতে পাচ্ছি যে আপনারা এটিএম প্রত্যাহারের জন্য চার্জ নিচ্ছেন। এখন পর্যন্ত এই ফিটি কখনও লক্ষ্য করেননি। আপনি দয়া করে ব্যাখ্যা করতে পারেন?",bn-Beng,banking77_nllb200_translation,cash_withdrawal_charge,transaction_charged_twice,,,,,,intent,49,230
transformer,banking77mt-bn-Beng-12145-q0,আমার কার্ডের মেয়াদ শেষ হওয়ার তারিখ আসছে,bn-Beng,banking77_nllb200_translation,card_about_to_expire,card_arrival,,,,,,intent,9,41
transformer,banking77mt-ml-Mlym-12156-q0,ഓട്ടോ റീപ് അപ്പ് ലഭ്യമാണോ?,ml-Mlym,banking77_nllb200_translation,automatic_top_up,apple_pay_or_google_pay,,,,,,intent,11,26
transformer,banking77mt-kn-Knda-12164-q0,"ನನ್ನ ಕಾರ್ಡ್ ಪಾವತಿಯನ್ನು ತಿರಸ್ಕರಿಸಲಾಗಿದೆ, ಏಕೆ ಗೊತ್ತಾ?",kn-Knda,banking77_nllb200_translation,declined_card_payment,card_payment_not_recognised,,,,,,intent,16,51
transformer,banking77mt-hi-Deva-12167-q0,क्रेडिट कार्ड से पैसे ट्रांसफर करने के लिए मुझे क्या करना चाहिए?,hi-Deva,banking77_nllb200_translation,topping_up_by_card,fiat_currency_support,,,,,,intent,15,64
transformer,banking77mt-bn-Beng-12168-q0,"হ্যালো, আমি দেখতে পাচ্ছি যে আমার অ্যাপের জন্য আমাকে অতিরিক্ত ১ ডলার চার্জ করা হয়েছে। আপনি কি দয়া করে আমাকে এই চার্জের কারণ জানাবেন?",bn-Beng,banking77_nllb200_translation,extra_charge_on_statement,card_payment_fee_charged,,,,,,intent,34,133
transformer,banking77mt-kn-Knda-12194-q0,ನಾನು ಕ್ರೆಡಿಟ್ ಕಾರ್ಡ್ ಬ್ರ್ಯಾಂಡ್ ಆಯ್ಕೆ ಮಾಡಬೇಕೇ?,kn-Knda,banking77_nllb200_translation,visa_or_mastercard,getting_spare_card,,,,,,intent,13,45
transformer,banking77mt-bn-Beng-12198-q0,কেন আমার অ্যাকাউন্টে এখনও এটিএম থেকে নগদ উত্তোলন দেখানো হচ্ছে না?,bn-Beng,banking77_nllb200_translation,pending_cash_withdrawal,balance_not_updated_after_cheque_or_cash_deposit,,,,,,intent,15,65
transformer,banking77mt-ta-Taml-12219-q0,எந்த ஏடிஎம்கள் இந்த அட்டையை ஏற்றுக்கொள்ளும் என்று எனக்கு எப்படி தெரியும்?,ta-Taml,banking77_nllb200_translation,atm_support,supported_cards_and_currencies,,,,,,intent,17,73
transformer,banking77mt-ta-Taml-12355-q0,நான் என் கணக்கில் பணம் இல்லை மற்றும் நான் ஒரு வங்கி பரிமாற்றத்தை செய்ய முடியும் என்றால் எனக்கு ஆச்சரியமாக இருந்தது இன்னும் அதை வைத்து?,ta-Taml,banking77_nllb200_translation,transfer_into_account,wrong_exchange_rate_for_cash_withdrawal,,,,,,intent,25,134
transformer,banking77mt-ml-Mlym-12380-q0,ഇന്ന് ഒരു റെസ്റ്റോറന്റിൽ എന്റെ കാർഡ് നിരസിച്ചു. എന്താണ് പ്രശ്നം എന്ന് എനിക്കറിയില്ല.,ml-Mlym,banking77_nllb200_translation,card_not_working,card_payment_not_recognised,,,,,,intent,21,84
transformer,banking77mt-ta-Taml-12451-q0,"நான் ஒரு இடமாற்றம் முயற்சி, ஆனால் அது தோல்வியடைந்தது.",ta-Taml,banking77_nllb200_translation,failed_transfer,balance_not_updated_after_bank_transfer,,,,,,intent,11,53
transformer,banking77mt-bn-Beng-12496-q0,আমার কার্ড সব জায়গায় বৈধ?,bn-Beng,banking77_nllb200_translation,card_acceptance,activate_my_card,,,,,,intent,8,27
transformer,banking77mt-kn-Knda-12569-q0,ನನ್ನ ಗೆಳೆಯ ನನಗೆ ಹಣ ಕಳುಹಿಸಲು ಯಾವ ಕ್ರಮಗಳನ್ನು ತೆಗೆದುಕೊಳ್ಳಬೇಕು?,kn-Knda,banking77_nllb200_translation,receiving_money,verify_source_of_funds,,,,,,intent,14,59
transformer,banking77-en-Latn-12572-q0,A transaction on my card shows as pending.,en-Latn,banking77_english,pending_card_payment,transaction_charged_twice,,,,,,intent,11,42
transformer,banking77mt-kn-Knda-12621-q0,ನನಗೆ ಒಂದು ಬಾರಿ ಬಳಸಬಹುದಾದ ವರ್ಚುವಲ್ ಕಾರ್ಡ್ ಬೇಕು. ದಯವಿಟ್ಟು ಒಂದನ್ನು ಹೇಗೆ ಆರ್ಡರ್ ಮಾಡಬೇಕೆಂದು ಹೇಳಿ.,kn-Knda,banking77_nllb200_translation,get_disposable_virtual_card,activate_my_card,,,,,,intent,25,92
transformer,banking77mt-hi-Deva-12701-q0,"नमस्ते, मुझे क्रिप्टो मुद्रा खरीदने में दिलचस्पी है लेकिन एप्लिकेशन के माध्यम से इसे खरीदने में असमर्थ हूं. मैं विनिमय करना चाहता हूं, क्या आप कृपया मुझे बता सकते हैं कि समस्या क्या है?",hi-Deva,banking77_nllb200_translation,beneficiary_not_allowed,card_payment_wrong_exchange_rate,,,,,,intent,41,185
transformer,banking77mt-kn-Knda-12752-q0,ನಾನು ಇಂದು ಬಸ್ ನಲ್ಲಿ ಪಾವತಿಸಲು ಪ್ರಯತ್ನಿಸಿದಾಗ ಸಂಪರ್ಕವಿಲ್ಲದ ಪಾವತಿ ಏಕೆ ಕೆಲಸ ಮಾಡಲಿಲ್ಲ?,kn-Knda,banking77_nllb200_translation,contactless_not_working,card_payment_not_recognised,,,,,,intent,17,80
transformer,banking77-en-Latn-12757-q0,I want to know how many different currencies my money can be in,en-Latn,banking77_english,fiat_currency_support,exchange_rate,,,,,,intent,15,63
transformer,banking77mt-hi-Deva-12846-q0,डिस्पोजेबल वर्चुअल कार्ड क्या करता है?,hi-Deva,banking77_nllb200_translation,get_disposable_virtual_card,activate_my_card,,,,,,intent,13,38
transformer,banking77-en-Latn-12907-q0,Is my top up not working?,en-Latn,banking77_english,pending_top_up,apple_pay_or_google_pay,,,,,,intent,9,25
transformer,banking77mt-ta-Taml-12967-q0,என் கார்டு PIN ஐ எப்படி மாற்றுவது என்று உங்களுக்குத் தெரியுமா?,ta-Taml,banking77_nllb200_translation,change_pin,get_physical_card,,,,,,intent,14,62
transformer,banking77mt-te-Telu-12980-q0,ఎందుకు నా కార్డు ఒక అదనపు 1 పౌండ్ ఛార్జ్ ఉంది?,te-Telu,banking77_nllb200_translation,extra_charge_on_statement,card_payment_fee_charged,,,,,,intent,14,46
transformer,banking77mt-bn-Beng-13004-q0,রিপল-আপে কেন ভেরিফিকেশন দরকার?,bn-Beng,banking77_nllb200_translation,verify_top_up,why_verify_identity,,,,,,intent,14,30
transformer,banking77mt-hi-Deva-13138-q0,मेरी आभासी कार काम नहीं कर रही है।,hi-Deva,banking77_nllb200_translation,virtual_card_not_working,apple_pay_or_google_pay,,,,,,intent,11,34
transformer,banking77mt-bn-Beng-13199-q0,আমার নগদ লেনদেন আমার রসিদে দেখা যাচ্ছে না,bn-Beng,banking77_nllb200_translation,transfer_not_received_by_recipient,balance_not_updated_after_cheque_or_cash_deposit,,,,,,intent,12,41
transformer,banking77mt-kn-Knda-13214-q0,"ನನಗೆ ಇಲ್ಲಿ ಒಂದು ಕೈ ಬೇಕು, ನಾನು ನಗದು ತುಂಬಲು ಅಗತ್ಯವಿದೆ.",kn-Knda,banking77_nllb200_translation,top_up_by_cash_or_cheque,wrong_exchange_rate_for_cash_withdrawal,,,,,,intent,13,52
transformer,banking77mt-kn-Knda-13294-q0,ನಾನು ಹೇಗೆ ಸ್ವಯಂಚಾಲಿತವಾಗಿ ಟಾಪ್ ಅಪ್ ಮಾಡುತ್ತೇನೆ?,kn-Knda,banking77_nllb200_translation,automatic_top_up,apple_pay_or_google_pay,,,,,,intent,11,45
transformer,banking77mt-ml-Mlym-13304-q0,"ഹായ്, ഇത് അടിയന്തിരമാണ്, ദയവായി എന്റെ കാർഡ് മരവിപ്പിക്കുക. ആരെങ്കിലും എന്റെ കാർഡ് ഉപയോഗിച്ച് വിദൂര പട്ടണത്തിൽ പണം പിൻവലിച്ചു. ഞാൻ ഈ പിൻവലിക്കൽ ചെയ്തിട്ടില്ലാത്തതിനാൽ. വേഗം ചെയ്യുക.",ml-Mlym,banking77_nllb200_translation,cash_withdrawal_not_recognised,balance_not_updated_after_cheque_or_cash_deposit,,,,,,intent,44,180
transformer,banking77mt-bn-Beng-13343-q0,অ্যাপটি আমি যা রিপল করেছি তা ফিরিয়ে দিয়েছে।,bn-Beng,banking77_nllb200_translation,top_up_reverted,top_up_failed,,,,,,intent,13,45
transformer,banking77mt-kn-Knda-13369-q0,ನನ್ನ ವರ್ಗಾವಣೆಗೆ ಹೆಚ್ಚುವರಿ ಶುಲ್ಕವನ್ನು ಏಕೆ ವಿಧಿಸಲಾಗಿದೆ ಎಂದು ದಯವಿಟ್ಟು ಹೇಳಬಲ್ಲಿರಾ?,kn-Knda,banking77_nllb200_translation,transfer_fee_charged,card_payment_fee_charged,,,,,,intent,21,78
transformer,banking77mt-te-Telu-13416-q0,నేను అధికారం లేని అనువర్తనం లో ఒక చెల్లింపు ఉంది.,te-Telu,banking77_nllb200_translation,card_payment_not_recognised,transaction_charged_twice,,,,,,intent,15,49
transformer,banking77mt-kn-Knda-13629-q0,ಯಾವ ಎಟಿಎಂ ಮಾಸ್ಟರ್ ಕಾರ್ಡ್ ಸ್ವೀಕರಿಸುತ್ತದೆ?,kn-Knda,banking77_nllb200_translation,atm_support,getting_spare_card,,,,,,intent,11,40
transformer,banking77mt-te-Telu-13637-q0,ఎందుకు మీరు నాకు చాలా తక్కువ కరెన్సీ ఇచ్చింది?,te-Telu,banking77_nllb200_translation,wrong_exchange_rate_for_cash_withdrawal,card_payment_wrong_exchange_rate,,,,,,intent,13,46
transformer,banking77mt-bn-Beng-13715-q0,আমার একটি কার্ড পেমেন্ট আটকে গেছে বলে মনে হচ্ছে কিন্তু আমি কয়েকদিন আগে পেমেন্ট করেছি। পেমেন্ট আমার অ্যাকাউন্টে প্রয়োগ হতে কতক্ষণ লাগবে?,bn-Beng,banking77_nllb200_translation,pending_card_payment,card_payment_not_recognised,,,,,,intent,28,137
transformer,banking77mt-te-Telu-13859-q0,నేను ఒక బదిలీ చేసినప్పుడు అదనపు ఛార్జ్ ఉంది.,te-Telu,banking77_nllb200_translation,transfer_fee_charged,card_payment_fee_charged,,,,,,intent,11,44
transformer,banking77-en-Latn-13867-q0,My card hasn't been working when I try to use it.,en-Latn,banking77_english,card_not_working,card_arrival,,,,,,intent,16,49
transformer,banking77mt-te-Telu-13884-q0,"నేను కోల్పోయినట్లు భావించిన నా కార్డును నేను కనుగొన్నాను, నేను దానిని తిరిగి సక్రియం చేయాలి, దయచేసి సహాయం చేయండి.",te-Telu,banking77_nllb200_translation,card_linking,activate_my_card,,,,,,intent,27,113
transformer,banking77-en-Latn-13886-q0,There is a fee I don't recognize on my statement.,en-Latn,banking77_english,extra_charge_on_statement,card_payment_fee_charged,,,,,,intent,15,49
transformer,banking77mt-te-Telu-13967-q0,నేను ఆటో-పూర అప్ ఫంక్షన్ సక్రియం చేయడానికి ప్రయత్నిస్తున్నారు. అది ఎక్కడ ఉంది?,te-Telu,banking77_nllb200_translation,automatic_top_up,apple_pay_or_google_pay,,,,,,intent,24,78
transformer,banking77-en-Latn-13993-q0,My card is being used online to make a bunch of purchases! Someone else is using it fraudulently. Can you help me freeze it?,en-Latn,banking77_english,compromised_card,cash_withdrawal_not_recognised,,,,,,intent,30,124
transformer,banking77mt-bn-Beng-14024-q0,"গতকাল আমার ব্যাগ চুরি হয়ে গেছে, তাই আমি কোনো অ্যাপ ব্যবহার করতে পারছি না। আমার একটু সাহায্য দরকার।",bn-Beng,banking77_nllb200_translation,lost_or_stolen_phone,card_not_working,,,,,,intent,23,99
transformer,banking77-en-Latn-14061-q0,I've been waiting for a refund to show up and I don't see it on my statement yet.,en-Latn,banking77_english,Refund_not_showing_up,pending_card_payment,,,,,,intent,25,81
transformer,banking77mt-kn-Knda-14072-q0,ನಾನು ಯಾವ ಕಾರ್ಡನ್ನು ಬಳಸುತ್ತೇನೋ ಅದು ಮುಖ್ಯವೇ?,kn-Knda,banking77_nllb200_translation,visa_or_mastercard,getting_spare_card,,,,,,intent,15,42
transformer,banking77mt-kn-Knda-14102-q0,ಎಟಿಎಂ ನಲ್ಲಿ ನಾನು ಕೇಳಿದ್ದಕ್ಕಿಂತ ಕಡಿಮೆ ನಗದು ಯಾಕೆ ಸಿಕ್ಕಿತು?,kn-Knda,banking77_nllb200_translation,wrong_amount_of_cash_received,balance_not_updated_after_cheque_or_cash_deposit,,,,,,intent,15,56
transformer,banking77mt-bn-Beng-14245-q0,কোন এটিএম এই কার্ড গ্রহণ করে?,bn-Beng,banking77_nllb200_translation,atm_support,supported_cards_and_currencies,,,,,,intent,9,29
transformer,banking77mt-te-Telu-14323-q0,ఇతరులు నా ఖాతాను పూరించగలరా?,te-Telu,banking77_nllb200_translation,topping_up_by_card,edit_personal_details,,,,,,intent,12,28
transformer,banking77mt-ml-Mlym-14399-q0,ആപ്ലിക്കേഷന് അത് ഞാനാണെന്ന് വിശ്വസിക്കുന്നില്ല.,ml-Mlym,banking77_nllb200_translation,unable_to_verify_identity,top_up_failed,,,,,,intent,13,47
transformer,banking77mt-bn-Beng-14470-q0,"আমি শুধু একটি স্থানান্তর করা, কিন্তু আমার অ্যাকাউন্টে টাকা দেখতে না.",bn-Beng,banking77_nllb200_translation,transfer_timing,balance_not_updated_after_bank_transfer,,,,,,intent,16,68
transformer,banking77mt-bn-Beng-14525-q0,আমার নিজের কার্ড পাওয়ার জন্য কি টাকা দিতে হবে?,bn-Beng,banking77_nllb200_translation,order_physical_card,getting_spare_card,,,,,,intent,12,47
transformer,banking77mt-bn-Beng-14526-q0,আমার ব্যর্থ স্থানান্তরের কারণ কি হতে পারে?,bn-Beng,banking77_nllb200_translation,failed_transfer,balance_not_updated_after_bank_transfer,,,,,,intent,10,42
transformer,banking77mt-te-Telu-14540-q0,నేను నా కరెన్సీ చాలా మార్పిడి. నేను మార్పిడి ధర తగ్గింపు పొందుతారు?,te-Telu,banking77_nllb200_translation,exchange_charge,card_payment_wrong_exchange_rate,,,,,,intent,18,67
transformer,banking77-en-Latn-14573-q0,My virtual card won't work.,en-Latn,banking77_english,virtual_card_not_working,activate_my_card,,,,,,intent,10,27
transformer,banking77mt-ml-Mlym-14623-q0,പൂരിപ്പിക്കൽ പരിശോധിക്കേണ്ടി വരുമോ?,ml-Mlym,banking77_nllb200_translation,verify_top_up,automatic_top_up,,,,,,intent,15,35
transformer,banking77-en-Latn-14636-q0,A wrong amount of cash we sent to me.,en-Latn,banking77_english,wrong_amount_of_cash_received,balance_not_updated_after_cheque_or_cash_deposit,,,,,,intent,12,37
transformer,banking77mt-bn-Beng-14656-q0,আমার কি শারীরিক কার্ডের জন্য টাকা দিতে হবে?,bn-Beng,banking77_nllb200_translation,order_physical_card,getting_spare_card,,,,,,intent,11,43
transformer,banking77-en-Latn-14748-q0,"I've been waiting for something that i've ordered for months now and it still hasn't arrived. I genuinely don't know what this company is doing, but put plainly, i've had enough. Please issue a refund immediately, i would not like to waste anymore of my time on these people.",en-Latn,banking77_english,request_refund,pending_card_payment,,,,,,intent,68,275
transformer,banking77mt-ta-Taml-14750-q0,நான் என் கடவுச்சொல்லை தெரியாது.,ta-Taml,banking77_nllb200_translation,passcode_forgotten,get_physical_card,,,,,,intent,10,31
transformer,banking77mt-te-Telu-15022-q0,ATM నాకు నగదు తీసుకోనివ్వలేదు,te-Telu,banking77_nllb200_translation,declined_cash_withdrawal,balance_not_updated_after_cheque_or_cash_deposit,,,,,,intent,11,29
transformer,banking77mt-ta-Taml-15049-q0,தயவு செய்து எனக்கு பணத்தைத் திரும்பப் பெற உதவுங்கள்?,ta-Taml,banking77_nllb200_translation,request_refund,balance_not_updated_after_cheque_or_cash_deposit,,,,,,intent,13,52
transformer,banking77mt-te-Telu-15169-q0,నేను డబ్బు పంపించాల్సి వచ్చింది ఎవరో నాకు చెప్పారు వారు నేను వాటిని పంపిన మొత్తం మొత్తం రాలేదు - మీరు ఈ చూడండి చేయవచ్చు?,te-Telu,banking77_nllb200_translation,transfer_fee_charged,balance_not_updated_after_bank_transfer,,,,,,intent,24,120
transformer,banking77mt-bn-Beng-15371-q0,"আমার বন্ধু আমাকে টাকা পাঠাতে চায়, তাই না?",bn-Beng,banking77_nllb200_translation,receiving_money,transfer_into_account,,,,,,intent,12,42
transformer,banking77mt-kn-Knda-15423-q0,ಒಮ್ಮೆ ಬಳಸುವ ಕಾರ್ಡುಗಳು ಯಾವುದಕ್ಕೆ ಬಳಸಲ್ಪಡುತ್ತವೆ ಎಂದು ನೀವು ನನಗೆ ಹೇಳಬಲ್ಲಿರಾ?,kn-Knda,banking77_nllb200_translation,get_disposable_virtual_card,getting_spare_card,,,,,,intent,20,72
transformer,banking77-en-Latn-15451-q0,When will money be available in my account?,en-Latn,banking77_english,transfer_timing,verify_source_of_funds,,,,,,intent,11,43
transformer,banking77mt-ta-Taml-15490-q0,"நான் எனது அமெரிக்க டாலரை GBP க்கு மாற்ற வேண்டியிருக்கலாம், உங்கள் செயலி அதைச் செய்ய முடியுமா?",ta-Taml,banking77_nllb200_translation,exchange_via_app,exchange_rate,,,,,,intent,20,93
transformer,banking77-en-Latn-15532-q0,I would like to change my card PIN.,en-Latn,banking77_english,change_pin,get_physical_card,,,,,,intent,11,35
transformer,banking77mt-hi-Deva-15548-q0,जब मेरा कार्ड समाप्त होने वाला है तो मुझे क्या करना चाहिए?,hi-Deva,banking77_nllb200_translation,card_about_to_expire,card_arrival,,,,,,intent,15,58
transformer,banking77mt-bn-Beng-15581-q0,"আমার একটা নতুন কার্ড দরকার, আমার পুরনো কার্ডের মেয়াদ শেষ হয়ে যাচ্ছে।",bn-Beng,banking77_nllb200_translation,card_about_to_expire,card_arrival,,,,,,intent,16,70
transformer,banking77mt-hi-Deva-15600-q0,यह समझाइए कि मेरा टॉप-अप वापस क्यों किया जाएगा।,hi-Deva,banking77_nllb200_translation,top_up_reverted,top_up_failed,,,,,,intent,15,47
transformer,banking77mt-bn-Beng-15635-q0,আমি একই লেনদেনের জন্য ডাবল চার্জ আছে,bn-Beng,banking77_nllb200_translation,transaction_charged_twice,card_payment_fee_charged,,,,,,intent,9,36
transformer,banking77mt-hi-Deva-15665-q0,मेरे पास एक भुगतान है जिसे मंजूरी नहीं दी गई है।,hi-Deva,banking77_nllb200_translation,pending_card_payment,transaction_charged_twice,,,,,,intent,14,48
transformer,banking77mt-bn-Beng-15677-q0,রিপল করার জন্য কি আমাকে চার্জ করা হবে?,bn-Beng,banking77_nllb200_translation,top_up_by_card_charge,card_payment_fee_charged,,,,,,intent,12,38
transformer,banking77-en-Latn-15688-q0,What kind of money can I hold?,en-Latn,banking77_english,fiat_currency_support,verify_source_of_funds,,,,,,intent,10,30
transformer,banking77-en-Latn-15728-q0,How can I report that my card was stolen? I made a police report first.,en-Latn,banking77_english,lost_or_stolen_card,card_not_working,,,,,,intent,19,71
transformer,banking77mt-bn-Beng-15763-q0,আমি কিছু কিনেছি এবং টাকা আমার অ্যাকাউন্টে ফিরে এসেছে?,bn-Beng,banking77_nllb200_translation,reverted_card_payment?,balance_not_updated_after_cheque_or_cash_deposit,,,,,,intent,14,53
transformer,banking77mt-te-Telu-15822-q0,ఎటిఎమ్ లో నా విదేశీ కరెన్సీకి వర్తించే రేటు తప్పు.,te-Telu,banking77_nllb200_translation,wrong_exchange_rate_for_cash_withdrawal,card_payment_wrong_exchange_rate,,,,,,intent,20,50
transformer,banking77mt-te-Telu-15854-q0,"నేను సెలవుల కోసం డబ్బు ఉంచారు మరియు అది చూపించు లేదు. నేను నేడు ఆ డబ్బు అవసరం, ఎంత సమయం పడుతుంది",te-Telu,banking77_nllb200_translation,pending_transfer,balance_not_updated_after_bank_transfer,,,,,,intent,24,96
transformer,banking77-en-Latn-15857-q0,How can I dispute a direct debit charge on my account?,en-Latn,banking77_english,direct_debit_payment_not_recognised,transaction_charged_twice,,,,,,intent,14,54
transformer,banking77mt-te-Telu-15880-q0,నేను నా అనువర్తనం పాస్వర్డ్ను పూర్తిగా మర్చిపోయాను.,te-Telu,banking77_nllb200_translation,passcode_forgotten,get_physical_card,,,,,,intent,16,51
transformer,banking77mt-bn-Beng-16069-q0,আমি কিছু কিনেছি এবং ফেরত দিয়েছি এবং ফেরতের টাকা আমার অ্যাকাউন্টে নেই।,bn-Beng,banking77_nllb200_translation,Refund_not_showing_up,transaction_charged_twice,,,,,,intent,19,70
transformer,banking77mt-bn-Beng-16141-q0,অটো রিপল-আপের কোন গোপন সীমা আছে কি?,bn-Beng,banking77_nllb200_translation,automatic_top_up,apple_pay_or_google_pay,,,,,,intent,14,35
transformer,banking77mt-ml-Mlym-16215-q0,"ഹൈ സെന്റ് കെൻസിംഗ്ടണിലെ മെട്രോ ബാങ്കിലെ എടിഎം എന്റെ കാർഡ് തിരികെ തന്നില്ല, ബാങ്ക് ഇപ്പോൾ അടച്ചിരിക്കുകയാണ്. എടിഎം വിഴുങ്ങിയ കാർഡ് എങ്ങനെ തിരികെ കിട്ടും?",ml-Mlym,banking77_nllb200_translation,card_swallowed,card_payment_not_recognised,,,,,,intent,41,152
transformer,banking77-en-Latn-16245-q0,I want to reverse a transaction I did this morning,en-Latn,banking77_english,cancel_transfer,transaction_charged_twice,,,,,,intent,12,50
transformer,banking77-en-Latn-16302-q0,Why were there additional charges when I transferred funds?,en-Latn,banking77_english,transfer_fee_charged,card_payment_fee_charged,,,,,,intent,12,59
transformer,banking77mt-bn-Beng-16306-q0,আমি কোথায় আমার কার্ড পেতে পারি?,bn-Beng,banking77_nllb200_translation,order_physical_card,activate_my_card,,,,,,intent,9,32
transformer,banking77mt-te-Telu-16414-q0,కార్డుల కోసం మీ షిప్పింగ్ విధానాలు ఏమిటి?,te-Telu,banking77_nllb200_translation,card_delivery_estimate,country_support,,,,,,intent,12,41
transformer,banking77mt-hi-Deva-16489-q0,ऐसा लगता है कि मेरे कार्ड का भुगतान वापस कर दिया गया हो सकता है.,hi-Deva,banking77_nllb200_translation,reverted_card_payment?,transaction_charged_twice,,,,,,intent,18,64
transformer,banking77mt-ta-Taml-16584-q0,நான் என் கணக்கை நிரப்ப ஒரு காசோலை அனுப்புவேன்,ta-Taml,banking77_nllb200_translation,top_up_by_cash_or_cheque,wrong_exchange_rate_for_cash_withdrawal,,,,,,intent,15,45
transformer,banking77mt-bn-Beng-16793-q0,"আমার দুইটা কার্ড লাগবে, এটা কি সম্ভব?",bn-Beng,banking77_nllb200_translation,getting_spare_card,activate_my_card,,,,,,intent,11,37
transformer,banking77mt-ml-Mlym-16924-q0,"നിങ്ങളുടെ സുപ്രധാന പരിശോധനാ ഫലങ്ങളെക്കുറിച്ച് ഞങ്ങളിൽ നിന്ന് കേൾക്കാൻ 10 മിനിറ്റ് മുതൽ ഒരു മണിക്കൂർ വരെ സമയമെടുത്തേക്കാം. പരിശോധനാ ഫലങ്ങൾ പരാജയപ്പെട്ടാൽ, നിങ്ങളുടെ എല്ലാ ചിത്രങ്ങളും വ്യക്തമാണെന്ന് ഉറപ്പുവരുത്താൻ ഇരട്ട പരിശോധന നടത്തുക - നിങ്ങളുടെ ഫോട്ടോകളിൽ മിന്നൽ അല്ലെങ്കിൽ മങ്ങൽ ഇല്ലെന്ന് ഉറപ്പാക്കുക. കുറിപ്പ്: ഈ ഫോട്ടോകളും വായിക്കാൻ കഴിയണം. നിങ്ങൾക്ക് 18 വയസോ അതിൽ കൂടുതലോ പ്രായമുണ്ടായിരിക്കണം. ഒരു പുതിയ അക്കൌണ്ട് തുറക്കാൻ നിങ്ങൾ സ്വിറ്റ്സർലൻഡിലോ യൂറോപ്യൻ ഇക്കണോമിക് ഏരിയയിലോ താമസിക്കണം.",ml-Mlym,banking77_nllb200_translation,unable_to_verify_identity,top_up_failed,,,,,,intent,112,492
transformer,banking77mt-kn-Knda-16937-q0,ನನ್ನ ಖಾತೆಯಲ್ಲಿ ಸಾಕಷ್ಟು ಹಣವಿದೆ ಎಂದು ನನಗೆ ತಿಳಿದಿದೆ ಆದರೆ ನನ್ನ ಕಾರ್ಡ್ ಪಾವತಿಯು ಕೆಲವು ಕಾರಣಕ್ಕಾಗಿ ಕೆಲಸ ಮಾಡಿಲ್ಲ. ನಾನು ಏನು ಮಾಡಬೇಕು?,kn-Knda,banking77_nllb200_translation,declined_card_payment,card_payment_not_recognised,,,,,,intent,25,122
transformer,banking77mt-ta-Taml-16955-q0,எந்த இடத்தில் மாஸ்டர்கார்டு ஏற்று நன்றாக இருக்கும்.,ta-Taml,banking77_nllb200_translation,card_acceptance,activate_my_card,,,,,,intent,11,51
transformer,banking77-en-Latn-16959-q0,can i use both visa and mastercard,en-Latn,banking77_english,visa_or_mastercard,activate_my_card,,,,,,intent,10,34
transformer,banking77mt-bn-Beng-16978-q0,"আমার অর্ডার এখনো আসেনি, আমি কি করতে পারি?",bn-Beng,banking77_nllb200_translation,request_refund,declined_transfer,,,,,,intent,12,41
transformer,banking77mt-kn-Knda-16997-q0,ಏಕೆ ನಾನು ತುಂಬಲು ಸಾಧ್ಯವಿಲ್ಲ?,kn-Knda,banking77_nllb200_translation,top_up_failed,edit_personal_details,,,,,,intent,7,27
transformer,banking77mt-bn-Beng-17084-q0,"আমার নতুন কার্ড আমার অ্যাপে নেই, আমি কিভাবে এটা সেখানে পেতে পারি?",bn-Beng,banking77_nllb200_translation,card_linking,activate_my_card,,,,,,intent,17,65
transformer,banking77mt-ml-Mlym-17115-q0,"എനിക്ക് എന്റെ പുതിയ കാർഡ് ലിങ്ക് ചെയ്യണം, സഹായിക്കാമോ?",ml-Mlym,banking77_nllb200_translation,card_linking,activate_my_card,,,,,,intent,13,54
transformer,banking77-en-Latn-17125-q0,I cannot get my card out of the ATM.,en-Latn,banking77_english,card_swallowed,cash_withdrawal_not_recognised,,,,,,intent,12,36
transformer,banking77mt-ml-Mlym-17155-q0,ഒരു കാർഡ് ഉപയോഗിച്ച് എനിക്ക് പരമാവധി എത്ര ഇടപാടുകൾ നടത്താം?,ml-Mlym,banking77_nllb200_translation,disposable_card_limits,getting_spare_card,,,,,,intent,12,59
transformer,banking77mt-te-Telu-17189-q0,నా డబ్బును ఉపసంహరించుకోవడంలో అదనపు రుసుము ఎందుకు ఉంది?,te-Telu,banking77_nllb200_translation,cash_withdrawal_charge,card_payment_fee_charged,,,,,,intent,17,54
transformer,banking77mt-ml-Mlym-17235-q0,"കാഷ് പിൻവലിക്കലിന് ഫീസ് ഈടാക്കാൻ തുടങ്ങിയോ? ഇതുവരെ ഇത് സൌജന്യമാണെന്ന് കരുതിയിരുന്നു, പക്ഷേ പെട്ടെന്ന് ഒരു ഫീസ് ഉണ്ടെന്ന് ശ്രദ്ധിച്ചു. എനിക്ക് എത്ര പണം നൽകണം?",ml-Mlym,banking77_nllb200_translation,cash_withdrawal_charge,card_payment_fee_charged,,,,,,intent,36,157
transformer,banking77mt-kn-Knda-17246-q0,ಕೆಲವು ಕಾರಣಕ್ಕಾಗಿ ನನ್ನ ಗುರುತನ್ನು ಪರಿಶೀಲಿಸುವಲ್ಲಿ ನನಗೆ ಸಮಸ್ಯೆ ಇದೆ.,kn-Knda,banking77_nllb200_translation,unable_to_verify_identity,why_verify_identity,,,,,,intent,15,63
transformer,banking77-en-Latn-17280-q0,Will I be charged for a top off transfer?,en-Latn,banking77_english,top_up_by_bank_transfer_charge,transfer_fee_charged,,,,,,intent,12,41
transformer,banking77mt-ml-Mlym-17288-q0,"ഒരു മണിക്കൂറായി എന്റെ റീഫിൽ കാത്തിരിക്കുകയാണ്, എത്രയും വേഗം ഇത് പൂർത്തിയാക്കണം.",ml-Mlym,banking77_nllb200_translation,pending_top_up,top_up_failed,,,,,,intent,21,79
transformer,banking77mt-bn-Beng-17289-q0,আমি কিভাবে আমার নতুন কার্ড যাচাই করব?,bn-Beng,banking77_nllb200_translation,activate_my_card,card_arrival,,,,,,intent,10,37
transformer,banking77mt-bn-Beng-17349-q0,আমি কার্ড পেমেন্ট চিনতে পারছি না।,bn-Beng,banking77_nllb200_translation,card_payment_not_recognised,declined_card_payment,,,,,,intent,9,33
transformer,banking77-en-Latn-17367-q0,I did a transfer earlier but see that it failed to go through.,en-Latn,banking77_english,failed_transfer,balance_not_updated_after_bank_transfer,,,,,,intent,16,62
transformer,banking77mt-hi-Deva-17386-q0,"मैं बैंक हस्तांतरण सुविधा का उपयोग करना चाहूंगा, लेकिन मैं इसे नहीं ढूंढ सकता। क्या आप कृपया मुझे विवरण दे सकते हैं?",hi-Deva,banking77_nllb200_translation,transfer_into_account,transfer_timing,,,,,,intent,28,116
transformer,banking77mt-ta-Taml-17433-q0,எனது வங்கிக் கணக்கிற்கான சர்வதேச பணப் பரிமாற்றம் எவ்வளவு நேரம் எடுக்கும்?,ta-Taml,banking77_nllb200_translation,balance_not_updated_after_bank_transfer,card_payment_wrong_exchange_rate,,,,,,intent,17,73
transformer,banking77-en-Latn-17588-q0,When I was drunk I got my card stuck in your machine because i mis-typed my PIN. What do I need to do to get it restored?,en-Latn,banking77_english,pin_blocked,get_physical_card,,,,,,intent,35,121
transformer,banking77mt-bn-Beng-17612-q0,"আমার একটি নতুন কার্ড অর্ডার করতে হবে, আমার কার্ডের মেয়াদ শেষ হতে চলেছে এবং আমাকে জানতে হবে এর দাম কত হবে এবং আমি এটি পেতে কত সময় লাগবে।",bn-Beng,banking77_nllb200_translation,card_about_to_expire,getting_spare_card,,,,,,intent,32,137
transformer,banking77-en-Latn-17672-q0,What are the top-up fees?,en-Latn,banking77_english,top_up_by_card_charge,card_payment_fee_charged,,,,,,intent,10,25
transformer,banking77mt-ml-Mlym-17801-q0,എനിക്ക് ഒരു ഫിസിക്കൽ കാർഡ് ഉണ്ടെങ്കിൽ എനിക്ക് അത് ലിങ്ക് ചെയ്യാമോ?,ml-Mlym,banking77_nllb200_translation,card_linking,activate_my_card,,,,,,intent,14,66
transformer,banking77mt-ml-Mlym-17822-q0,"ഞാന് ഇന്ന് എന്റെ പുതിയ കാർഡ് ഉപയോഗിക്കാന് പോയി, അത് പലതവണ നിരസിക്കപ്പെട്ടു. എനിക്ക് ഈ കാർഡ് ഉപയോഗിക്കാന് വളരെ ഇഷ്ടമാണ്, അതിനെക്കുറിച്ച് എന്തുചെയ്യണമെന്ന് എനിക്ക് അറിയണം.",ml-Mlym,banking77_nllb200_translation,declined_card_payment,card_payment_not_recognised,,,,,,intent,39,169
transformer,banking77mt-ta-Taml-17881-q0,நான் என் மெய்நிகர் அட்டை வேலை செய்ய முடியாது.,ta-Taml,banking77_nllb200_translation,virtual_card_not_working,activate_my_card,,,,,,intent,10,45
transformer,banking77mt-kn-Knda-17974-q0,ನನ್ನ ಗುರುತನ್ನು ನಾನು ಎಲ್ಲಿ ಪರಿಶೀಲಿಸಬಹುದು?,kn-Knda,banking77_nllb200_translation,verify_my_identity,why_verify_identity,,,,,,intent,11,40
transformer,banking77mt-ta-Taml-18017-q0,நான் என் கடவுச்சொல்லை நினைவில் இல்லை?,ta-Taml,banking77_nllb200_translation,passcode_forgotten,get_physical_card,,,,,,intent,11,37
transformer,banking77mt-kn-Knda-18064-q0,ನಿಮ್ಮ ಕಾರ್ಡುಗಳು ಯುರೋಪ್ನಲ್ಲಿ ಲಭ್ಯವಿದೆಯೇ?,kn-Knda,banking77_nllb200_translation,country_support,getting_spare_card,,,,,,intent,10,39
transformer,banking77mt-ta-Taml-18162-q0,நான் செய்யாத செயலியில் 2 கட்டணங்கள் உள்ளன என்று சத்தியம் செய்கிறேன். எனது அட்டை திருடப்பட்டதா? நான் என்ன செய்ய வேண்டும் என்று தயவுசெய்து ஆலோசனை கூறுங்கள்.,ta-Taml,banking77_nllb200_translation,card_payment_not_recognised,transaction_charged_twice,,,,,,intent,33,154
transformer,banking77mt-kn-Knda-18214-q0,ನಾನು ಅನುಮತಿ ನೀಡದ ನಗದು ಹಿಂಪಡೆಯುವಿಕೆಯನ್ನು ನನ್ನ ಖಾತೆಯಲ್ಲಿ ತೋರಿಸಲಾಗಿದೆ - ದಯವಿಟ್ಟು ನನ್ನ ಕಾರ್ಡ್ ಅನ್ನು ಸಾಧ್ಯವಾದಷ್ಟು ಬೇಗ ರದ್ದುಗೊಳಿಸಬಹುದೇ?,kn-Knda,banking77_nllb200_translation,cash_withdrawal_not_recognised,balance_not_updated_after_cheque_or_cash_deposit,,,,,,intent,34,129
transformer,banking77mt-bn-Beng-18242-q0,অ্যাপটি আমার অ্যাকাউন্টে করা একটি জালিয়াতিমূলক পেমেন্ট দেখায়।,bn-Beng,banking77_nllb200_translation,card_payment_not_recognised,balance_not_updated_after_cheque_or_cash_deposit,,,,,,intent,16,63
transformer,banking77mt-te-Telu-18261-q0,"హే నేను ఇప్పటికే సరైన ఖాతా వివరాలను కలిగి ఉన్నానని రెట్టింపు తనిఖీ చేసాను, అవి ఖచ్చితంగా సరైనవి. బదిలీ ఎప్పటికీ పెండింగ్లో ఉంది. 2018 లో మరొక దేశానికి డబ్బు బదిలీ చేయడం అంత కష్టం కాదు.",te-Telu,banking77_nllb200_translation,pending_transfer,balance_not_updated_after_bank_transfer,,,,,,intent,48,184
transformer,banking77mt-hi-Deva-18299-q0,यह क्यों कह रहा है कि मेरा कार्ड भुगतान अस्वीकार कर दिया गया है जब मैं इसे बनाया?,hi-Deva,banking77_nllb200_translation,declined_card_payment,card_payment_not_recognised,,,,,,intent,21,81
transformer,banking77mt-hi-Deva-18364-q0,मैं कितनी बार अपना खाता भर सकता हूँ?,hi-Deva,banking77_nllb200_translation,top_up_limits,automatic_top_up,,,,,,intent,11,36
transformer,banking77mt-ml-Mlym-18421-q0,ടോപ്പ് അപ്പ് കാർഡ് സ്ഥിരീകരിക്കാനുള്ള കോഡ് എങ്ങിനെ കിട്ടും?,ml-Mlym,banking77_nllb200_translation,verify_top_up,apple_pay_or_google_pay,,,,,,intent,14,59
transformer,banking77-en-Latn-18484-q0,Are my friends able to add funds to my account?,en-Latn,banking77_english,topping_up_by_card,receiving_money,,,,,,intent,13,47
transformer,banking77mt-bn-Beng-18485-q0,আমার শেষ লেনদেনে মনে হচ্ছে আমার রিপল-আপ সফল হয়নি।,bn-Beng,banking77_nllb200_translation,top_up_reverted,top_up_failed,,,,,,intent,16,50
transformer,banking77mt-hi-Deva-18497-q0,मैं ऐप में मौजूदा कार्ड कैसे जोड़ूं?,hi-Deva,banking77_nllb200_translation,card_linking,activate_my_card,,,,,,intent,11,36
transformer,banking77mt-ta-Taml-18651-q0,உங்கள் நாணய மாற்று கட்டணங்கள் என்ன?,ta-Taml,banking77_nllb200_translation,exchange_charge,card_payment_wrong_exchange_rate,,,,,,intent,9,35
transformer,banking77mt-ta-Taml-18652-q0,நான் தானியங்கி நிரப்புதல் தொடங்க எப்படி?,ta-Taml,banking77_nllb200_translation,automatic_top_up,apple_pay_or_google_pay,,,,,,intent,10,40
transformer,banking77mt-hi-Deva-18657-q0,क्या कोई कारण है कि मेरा स्थानांतरण विफल रहा है?,hi-Deva,banking77_nllb200_translation,failed_transfer,balance_not_updated_after_bank_transfer,,,,,,intent,13,48
transformer,banking77-en-Latn-18714-q0,I am under the impression that my top up is still pending,en-Latn,banking77_english,pending_top_up,top_up_failed,,,,,,intent,14,57
transformer,banking77mt-ml-Mlym-18740-q0,"ഒരു ട്രാൻസ്ഫർ പൂർത്തിയാക്കാൻ എന്നെ സഹായിക്കാമോ? ഞാൻ ശ്രമിക്കുന്നു, എനിക്ക് ഒരു പിശക് ലഭിക്കുന്നു. ഞാൻ ഒരു ഫ്ളാറ്റ് വാങ്ങാനും വായ്പാ പേയ്മെന്റ് അടയ്ക്കാനും ശ്രമിക്കുന്നു. എനിക്ക് ഒരു പിശക് മാത്രമേ ലഭിക്കുന്നുള്ളൂ. ഇവിടെ എന്താണ് സംഭവിക്കുന്നതെന്ന് നിങ്ങൾക്ക് കണ്ടെത്താൻ കഴിയുമോ?",ml-Mlym,banking77_nllb200_translation,failed_transfer,balance_not_updated_after_bank_transfer,,,,,,intent,59,276
transformer,banking77mt-kn-Knda-18767-q0,ನನ್ನ ಅನುಮತಿಯಿಲ್ಲದೆ ಯಾರಾದರೂ ನನ್ನ ಕಾರ್ಡ್ ಬಳಸುತ್ತಿದ್ದಾರೆಂದು ನಾನು ಭಾವಿಸುತ್ತೇನೆ!,kn-Knda,banking77_nllb200_translation,compromised_card,card_not_working,,,,,,intent,15,75
transformer,banking77mt-ta-Taml-18838-q0,"தயவுசெய்து இந்த இடமாற்றத்தில் எனக்கு உதவுங்கள், சில காரணங்களால் என்னால் கிரிப்டோகரன்சி கணக்கிற்கு இடமாற்றம் செய்ய முடியவில்லை",ta-Taml,banking77_nllb200_translation,declined_transfer,balance_not_updated_after_bank_transfer,,,,,,intent,28,125
transformer,banking77mt-kn-Knda-18864-q0,ನನ್ನ ಹೇಳಿಕೆಯಲ್ಲಿ ಈ ನಗದು ಹಿಂಪಡೆಯುವಿಕೆ ಏನು?,kn-Knda,banking77_nllb200_translation,cash_withdrawal_not_recognised,balance_not_updated_after_cheque_or_cash_deposit,,,,,,intent,13,41
transformer,banking77mt-te-Telu-18869-q0,నేను అనుమతించిన గరిష్ట మొత్తంలో ఒకసారి ఉపయోగించే కార్డులు ఏమిటి.,te-Telu,banking77_nllb200_translation,disposable_card_limits,getting_spare_card,,,,,,intent,15,64
transformer,banking77mt-kn-Knda-18915-q0,ದಯವಿಟ್ಟು ನನಗೆ ಸಹಾಯ ಮಾಡಬಹುದೇ? ನಾನು ನನ್ನ ಬಾಡಿಗೆ ಪಾವತಿಯನ್ನು ಮಾಡಿದ್ದೇನೆ ಮತ್ತು ನಾನು ಅದನ್ನು ಸರಿಯಾದ ಖಾತೆಗೆ ಕಳುಹಿಸಿದ್ದೇನೆ ಎಂದು ಎರಡು ಬಾರಿ ಪರಿಶೀಲಿಸಿದ್ದೇನೆ. ಅದನ್ನು ಸ್ವೀಕರಿಸುವ ವ್ಯಕ್ತಿಯು ಅದನ್ನು ಸ್ವೀಕರಿಸಿಲ್ಲ ಎಂದು ಹೇಳುತ್ತಾರೆ ಆದರೆ ಅದು ನನ್ನ ಕಡೆಯಿಂದ ಪೂರ್ಣಗೊಂಡಿದೆ ಎಂದು ತೋರಿಸುತ್ತದೆ.,kn-Knda,banking77_nllb200_translation,transfer_not_received_by_recipient,pending_card_payment,,,,,,intent,54,262
transformer,banking77mt-te-Telu-19030-q0,నేను GBP నుండి AUD కి ఎలా మారగలను?,te-Telu,banking77_nllb200_translation,exchange_via_app,exchange_rate,,,,,,intent,15,34
transformer,banking77mt-te-Telu-19074-q0,ఎందుకు నేను కేవలం బదిలీ కోసం ఒక అదనపు చార్జ్ కలిగి వివరాలు ఇవ్వగలరా?,te-Telu,banking77_nllb200_translation,transfer_fee_charged,card_payment_fee_charged,,,,,,intent,18,68
transformer,banking77mt-te-Telu-19091-q0,ఎందుకు ఆటో ట్యాప్ అప్ పరిమితులు ఉన్నాయి?,te-Telu,banking77_nllb200_translation,automatic_top_up,apple_pay_or_google_pay,,,,,,intent,14,40
transformer,banking77mt-te-Telu-19104-q0,నేను గుర్తింపు ధ్రువీకరణ కోసం అవసరం ఏమి మీరు నాకు చెప్పగలరా?,te-Telu,banking77_nllb200_translation,verify_my_identity,why_verify_identity,,,,,,intent,19,60
transformer,banking77mt-bn-Beng-19116-q0,কেন আমার কার্ড থেকে পেমেন্ট এখনও মুলতুবি আছে?,bn-Beng,banking77_nllb200_translation,pending_card_payment,card_payment_not_recognised,,,,,,intent,12,45
transformer,banking77-en-Latn-19133-q0,How is my ATM deposit not available yet?,en-Latn,banking77_english,pending_cash_withdrawal,balance_not_updated_after_cheque_or_cash_deposit,,,,,,intent,11,40
transformer,banking77mt-kn-Knda-19154-q0,ನನ್ನ ಕಾರ್ಡ್ ನನಗೆ ಯಾವಾಗ ಕಳುಹಿಸಲಾಗುವುದು?,kn-Knda,banking77_nllb200_translation,card_delivery_estimate,card_arrival,,,,,,intent,11,38
transformer,banking77mt-kn-Knda-19178-q0,ನನಗೆ ಅನುಮೋದನೆ ಇಲ್ಲದ ಪಾವತಿ ಇದೆ.,kn-Knda,banking77_nllb200_translation,pending_card_payment,transaction_charged_twice,,,,,,intent,8,30
transformer,banking77mt-te-Telu-19228-q0,నగదు ఉపసంహరణ కోసం నా కార్డును ఉపయోగించడానికి నేను మొదటిసారి నాటింగ్ హిల్ ఎటిఎంకు వెళ్ళాను కానీ అది పనిచేయలేదు. నా కార్డు ఇంకా పనిచేయడం లేదని దీని అర్థం?,te-Telu,banking77_nllb200_translation,declined_cash_withdrawal,balance_not_updated_after_cheque_or_cash_deposit,,,,,,intent,42,152
transformer,banking77mt-bn-Beng-19278-q0,আমি একটি ডিসপোজেবল ভার্চুয়াল কার্ড তৈরি করতে চাই। আমি কিভাবে এটি করতে পারি?,bn-Beng,banking77_nllb200_translation,get_disposable_virtual_card,activate_my_card,,,,,,intent,21,76
transformer,banking77mt-te-Telu-19310-q0,ఇది కొన్ని రోజుల నుండి నేను ఒక విక్రేత చెల్లించడానికి ప్రయత్నించారు కానీ నిధులు ద్వారా వెళ్ళడం లేదు ఉంది. ఏమి జరుగుతుందో?,te-Telu,banking77_nllb200_translation,pending_card_payment,transaction_charged_twice,,,,,,intent,29,121
transformer,banking77mt-kn-Knda-19403-q0,ಯುಎಸ್ ವಿತರಣೆ ಎಷ್ಟು ಸಮಯ ತೆಗೆದುಕೊಳ್ಳುತ್ತದೆ?,kn-Knda,banking77_nllb200_translation,card_delivery_estimate,country_support,,,,,,intent,9,41
transformer,banking77mt-te-Telu-19425-q0,నేను పాటించాల్సిన అదనపు పరిమితులు ఉన్నాయా?,te-Telu,banking77_nllb200_translation,top_up_limits,country_support,,,,,,intent,14,42
transformer,banking77mt-ml-Mlym-19465-q0,എടിഎമ്മിൽ നിന്ന് പണം പിൻവലിക്കാൻ ഞാൻ ഉപയോഗിച്ചു.,ml-Mlym,banking77_nllb200_translation,wrong_exchange_rate_for_cash_withdrawal,balance_not_updated_after_cheque_or_cash_deposit,,,,,,intent,15,48
transformer,banking77mt-hi-Deva-19495-q0,"मैं सिर्फ एक पैसे का लेनदेन किया है, लेकिन यह नहीं दिखा रहा है कि वे इसे प्राप्त किया",hi-Deva,banking77_nllb200_translation,transfer_not_received_by_recipient,transaction_charged_twice,,,,,,intent,22,85
transformer,banking77mt-ta-Taml-19546-q0,ஏன் பணம் திருப்பித் தரப்பட்டது?,ta-Taml,banking77_nllb200_translation,reverted_card_payment?,transaction_charged_twice,,,,,,intent,9,31
transformer,banking77mt-bn-Beng-19551-q0,নগদ টাকা তোলার ক্ষেত্রে 'অপেন্ডিং' বলতে কী বোঝায়?,bn-Beng,banking77_nllb200_translation,pending_cash_withdrawal,balance_not_updated_after_cheque_or_cash_deposit,,,,,,intent,15,50
transformer,banking77mt-hi-Deva-19593-q0,मेरे भुगतान को अस्वीकार करने का कारण क्या था? ऐसा लग रहा था कि सब कुछ ठीक चल रहा था और मेरा खाता अच्छा था।,hi-Deva,banking77_nllb200_translation,declined_card_payment,transaction_charged_twice,,,,,,intent,29,106
transformer,banking77mt-bn-Beng-19622-q0,আমি কিভাবে মুদ্রা বিনিময় করতে পারি?,bn-Beng,banking77_nllb200_translation,exchange_via_app,exchange_rate,,,,,,intent,9,36
transformer,banking77mt-bn-Beng-19632-q0,আমি একটা জিনিস কিনেছি যার জন্য টাকা ফেরত চাই।,bn-Beng,banking77_nllb200_translation,request_refund,transaction_charged_twice,,,,,,intent,13,45
transformer,banking77-en-Latn-19688-q0,What are all the currencies and cards supported to use this?,en-Latn,banking77_english,supported_cards_and_currencies,fiat_currency_support,,,,,,intent,14,60
transformer,banking77mt-te-Telu-19732-q0,"నేను చైనా లో విదేశాలలో ఉన్నాను, నేను ఒక భర్తీ కార్డు పొందవచ్చు?",te-Telu,banking77_nllb200_translation,card_about_to_expire,country_support,,,,,,intent,15,63
transformer,banking77-en-Latn-19780-q0,I tried to use the ATM with foreign currency. The conversion rate applied was wrong.,en-Latn,banking77_english,wrong_exchange_rate_for_cash_withdrawal,card_payment_wrong_exchange_rate,,,,,,intent,19,84
transformer,banking77mt-ml-Mlym-20148-q0,എടിഎം എന്റെ കാർഡ് വലിച്ചെടുത്തു.,ml-Mlym,banking77_nllb200_translation,card_swallowed,card_not_working,,,,,,intent,12,32
transformer,banking77mt-ta-Taml-20293-q0,என்னிடம் கடவுச்சொல் இல்லை.,ta-Taml,banking77_nllb200_translation,passcode_forgotten,get_physical_card,,,,,,intent,8,26
transformer,banking77-en-Latn-20303-q0,This stupid system is not letting me prove my identity.,en-Latn,banking77_english,unable_to_verify_identity,why_verify_identity,,,,,,intent,13,55
transformer,banking77mt-hi-Deva-20328-q0,मैंने अपने नकदी निकासी के लिए अधिक राशि का अनुरोध किया,hi-Deva,banking77_nllb200_translation,wrong_amount_of_cash_received,balance_not_updated_after_cheque_or_cash_deposit,,,,,,intent,13,54
transformer,banking77-en-Latn-20381-q0,"It has been a couple of hours but I do not see my balance updated, can you help?",en-Latn,banking77_english,balance_not_updated_after_bank_transfer,top_up_failed,,,,,,intent,22,80
transformer,banking77mt-bn-Beng-20403-q0,যদি এটিএম সঠিক পরিমাণ টাকা না দেয় তাহলে কি হবে?,bn-Beng,banking77_nllb200_translation,wrong_amount_of_cash_received,balance_not_updated_after_cheque_or_cash_deposit,,,,,,intent,13,48
transformer,banking77-en-Latn-20459-q0,I am having trouble verifying my identity.,en-Latn,banking77_english,unable_to_verify_identity,why_verify_identity,,,,,,intent,11,42
transformer,banking77mt-hi-Deva-20518-q0,प्राप्तकर्ता मेरे धन हस्तांतरण को नहीं देखता है।,hi-Deva,banking77_nllb200_translation,transfer_not_received_by_recipient,balance_not_updated_after_bank_transfer,,,,,,intent,11,48
transformer,banking77mt-bn-Beng-20520-q0,কতদিন পর টাকা আমার অ্যাকাউন্টে আসবে?,bn-Beng,banking77_nllb200_translation,transfer_timing,verify_source_of_funds,,,,,,intent,11,36
transformer,banking77mt-hi-Deva-20550-q0,ऐप में एक एटीएम निकासी है जिसे मैं पहचान नहीं पा रहा हूँ।,hi-Deva,banking77_nllb200_translation,cash_withdrawal_not_recognised,balance_not_updated_after_cheque_or_cash_deposit,,,,,,intent,16,57
transformer,banking77mt-hi-Deva-20558-q0,"मैंने एक अप-अप किया, लेकिन मैं इसे अपने बटुए में अभी तक नहीं देख रहा हूँ।",hi-Deva,banking77_nllb200_translation,topping_up_by_card,top_up_failed,,,,,,intent,23,73
transformer,banking77mt-te-Telu-20581-q0,నేను చెక్ లేదా నగదు చెల్లింపు సమర్పించవచ్చు?,te-Telu,banking77_nllb200_translation,top_up_by_cash_or_cheque,wrong_exchange_rate_for_cash_withdrawal,,,,,,intent,14,44
transformer,banking77-en-Latn-20597-q0,How long for money transfer to show?,en-Latn,banking77_english,pending_transfer,balance_not_updated_after_bank_transfer,,,,,,intent,10,36
transformer,banking77mt-bn-Beng-20626-q0,সেখানে একটি নগদ উত্তোলন লেনদেন আছে যা আমি নিশ্চিত নই।,bn-Beng,banking77_nllb200_translation,cash_withdrawal_not_recognised,balance_not_updated_after_cheque_or_cash_deposit,,,,,,intent,13,53
transformer,banking77mt-te-Telu-20677-q0,"నేను ఇప్పటికే ఒక బదిలీ చేసాను మరియు దాన్ని రద్దు చేయాలనుకుంటున్నాను, నేను ఎలా చేయగలను?",te-Telu,banking77_nllb200_translation,cancel_transfer,balance_not_updated_after_bank_transfer,,,,,,intent,23,86
transformer,banking77mt-hi-Deva-20713-q0,मैं जानना चाहता हूँ कि क्या अधिकतम है मैं भरने के लिए कर सकते हैं.,hi-Deva,banking77_nllb200_translation,top_up_limits,country_support,,,,,,intent,18,66
transformer,banking77mt-kn-Knda-20739-q0,ನನ್ನ ಕಾರ್ಡ್ ಕಳೆದುಹೋಗಿದೆ ನಾನು ಕದ್ದ ಎಂದು ಭಾವಿಸುತ್ತೇನೆ,kn-Knda,banking77_nllb200_translation,lost_or_stolen_card,card_not_working,,,,,,intent,13,51
transformer,banking77-en-Latn-20795-q0,Can I change my in at all ATM's?,en-Latn,banking77_english,change_pin,automatic_top_up,,,,,,intent,13,32
transformer,banking77-en-Latn-20814-q0,Can I revive a physical card.,en-Latn,banking77_english,order_physical_card,activate_my_card,,,,,,intent,9,29
transformer,banking77mt-te-Telu-20973-q0,చైనా లో ఉన్నప్పుడు ఒక కొత్త కార్డు ఆర్డర్ ఒక మార్గం ఉంది?,te-Telu,banking77_nllb200_translation,card_about_to_expire,getting_spare_card,,,,,,intent,13,57
transformer,banking77mt-ta-Taml-21007-q0,அடிக்கடி நாணயத்தை மாற்றுவதற்கு தள்ளுபடிகள் உண்டா?,ta-Taml,banking77_nllb200_translation,exchange_charge,card_payment_wrong_exchange_rate,,,,,,intent,12,49
transformer,banking77mt-ta-Taml-21069-q0,ATM-க்கு நான் கோரிய தொகையை நான் பெறவில்லை.,ta-Taml,banking77_nllb200_translation,wrong_amount_of_cash_received,balance_not_updated_after_cheque_or_cash_deposit,,,,,,intent,12,42
transformer,banking77mt-bn-Beng-21161-q0,আমার অ্যাকাউন্টে কিছু চার্জ আছে যা আমি অনুমোদন করিনি। গত কয়েকদিনের এই টাকাটা ফেরত পেতে পারি? আমার কার্ডও বন্ধ করতে হবে।,bn-Beng,banking77_nllb200_translation,card_payment_not_recognised,transaction_charged_twice,,,,,,intent,30,120
transformer,banking77mt-te-Telu-21226-q0,నేను నా కార్డు ఉపయోగించవచ్చు పేరు జాబితా ఉందా?,te-Telu,banking77_nllb200_translation,card_acceptance,activate_my_card,,,,,,intent,12,46
transformer,banking77mt-te-Telu-21287-q0,నేను నా కార్డును ఎక్కడ ఉపయోగించవచ్చో ఏవైనా పరిమితులు ఉన్నాయా?,te-Telu,banking77_nllb200_translation,card_acceptance,getting_spare_card,,,,,,intent,23,61
transformer,banking77mt-ta-Taml-21324-q0,டாப் அப்ஸ் மீது ஒரு வரம்பு இருக்கிறதா?,ta-Taml,banking77_nllb200_translation,top_up_limits,automatic_top_up,,,,,,intent,10,38
transformer,banking77mt-bn-Beng-21444-q0,আমি আমার ফোনের ট্র্যাক হারিয়ে ফেলেছি অথবা কেউ এটা চুরি করেছে।,bn-Beng,banking77_nllb200_translation,lost_or_stolen_phone,get_physical_card,,,,,,intent,15,62
transformer,banking77mt-kn-Knda-21473-q0,ಇದು ಒಂದು ನಿರ್ದಿಷ್ಟ ದಿನಾಂಕದಂದು ತಲುಪಿಸಬಹುದೇ?,kn-Knda,banking77_nllb200_translation,card_delivery_estimate,country_support,,,,,,intent,13,42
transformer,banking77mt-bn-Beng-21478-q0,কেন আমি যে লেনদেন করেছি তা এখনো আসেনি?,bn-Beng,banking77_nllb200_translation,transfer_not_received_by_recipient,transaction_charged_twice,,,,,,intent,11,38
transformer,banking77-en-Latn-21521-q0,I sent money. They haven't received it.,en-Latn,banking77_english,transfer_not_received_by_recipient,card_payment_not_recognised,,,,,,intent,13,39
transformer,banking77mt-ta-Taml-21522-q0,"வணக்கம், நான் எனது பரிவர்த்தனைகளை சரிபார்த்து உணவக வருகையின் போது இரண்டு முறை கட்டணம் வசூலிக்கப்பட்டதைக் கண்டேன். எனது பணத்தை திரும்பப் பெற விரும்புகிறேன்.",ta-Taml,banking77_nllb200_translation,transaction_charged_twice,card_payment_fee_charged,,,,,,intent,33,155
transformer,banking77mt-ta-Taml-21588-q0,"நான் பணத்தை பெற்ற போது, நான் என்னை அதிக கட்டணம் என்று ஒரு பிழை இருந்தது என்று மிகவும் உறுதியாக இருக்கிறேன்.",ta-Taml,banking77_nllb200_translation,cash_withdrawal_charge,card_payment_fee_charged,,,,,,intent,20,107
transformer,banking77mt-hi-Deva-21654-q0,कब तक मेरे नकदी बाहर के माध्यम से चला जाता है?,hi-Deva,banking77_nllb200_translation,pending_cash_withdrawal,wrong_exchange_rate_for_cash_withdrawal,,,,,,intent,14,46
transformer,banking77mt-te-Telu-21792-q0,నా డబ్బు పొందడానికి ఛార్జ్ ఉంది?,te-Telu,banking77_nllb200_translation,top_up_by_bank_transfer_charge,card_payment_fee_charged,,,,,,intent,9,32
transformer,banking77mt-te-Telu-21816-q0,నేను నా కార్డులో ఒక పునరావృత ట్రాన్సాక్షన్ వచ్చింది.,te-Telu,banking77_nllb200_translation,transaction_charged_twice,card_payment_not_recognised,,,,,,intent,18,52
transformer,banking77mt-kn-Knda-21819-q0,ನನ್ನ ಡಿಸ್ಪೋಸಬಲ್ ಕಾರ್ಡ್ ಕೆಲಸ ಮಾಡುತ್ತಿಲ್ಲವೆಂದು ತೋರುತ್ತದೆ ನಾನು ಏನಾದರೂ ತಪ್ಪು ಮಾಡುತ್ತಿದ್ದೇನೆಯೇ?,kn-Knda,banking77_nllb200_translation,virtual_card_not_working,activate_my_card,,,,,,intent,20,90
transformer,banking77mt-bn-Beng-21858-q0,কেন আমার রিফান্ড আমার বিবৃতিতে নেই?,bn-Beng,banking77_nllb200_translation,Refund_not_showing_up,transaction_charged_twice,,,,,,intent,11,35
transformer,banking77mt-bn-Beng-21898-q0,"হ্যালো, একটি আইটেমের রিফান্ড বা পেমেন্ট বাতিল করার জন্য আপনার সাহায্য দরকার, আমি অর্ডার করেছি কিন্তু এখনও তা পাইনি।",bn-Beng,banking77_nllb200_translation,request_refund,transaction_charged_twice,,,,,,intent,29,115
transformer,banking77mt-hi-Deva-21917-q0,टॉप अप को सत्यापित करने की आवश्यकता क्या है?,hi-Deva,banking77_nllb200_translation,verify_top_up,edit_personal_details,,,,,,intent,13,44
transformer,banking77mt-kn-Knda-21985-q0,ನನ್ನ ಹೇಳಿಕೆಯ ಶುಲ್ಕ ಎಷ್ಟು?,kn-Knda,banking77_nllb200_translation,extra_charge_on_statement,card_payment_fee_charged,,,,,,intent,8,25
transformer,banking77mt-ml-Mlym-22013-q0,ഒറ്റത്തവണ ഉപയോഗിക്കാവുന്ന കാർഡുകളുടെ കാര്യത്തിൽ എന്തെല്ലാം നിയന്ത്രണങ്ങളാണ് ഉള്ളത്?,ml-Mlym,banking77_nllb200_translation,disposable_card_limits,activate_my_card,,,,,,intent,15,83
transformer,banking77mt-hi-Deva-22021-q0,किस कारण से मुझे टॉप अप को प्रमाणित करना होगा?,hi-Deva,banking77_nllb200_translation,verify_top_up,apple_pay_or_google_pay,,,,,,intent,13,46
transformer,banking77mt-hi-Deva-22022-q0,"मैंने कल से पहले देश के भीतर एक स्थानान्तरण किया है, लेकिन यह अभी तक वहाँ नहीं है। क्या आप कृपया जाँच कर सकते हैं कि इसके साथ क्या हो रहा है, खाता संख्या निश्चित रूप से सही है, मैंने इसे कई बार पहले ही जांच लिया है।",hi-Deva,banking77_nllb200_translation,transfer_not_received_by_recipient,balance_not_updated_after_bank_transfer,,,,,,intent,55,215
transformer,banking77-en-Latn-22060-q0,What ATMs can I use this card?,en-Latn,banking77_english,atm_support,supported_cards_and_currencies,,,,,,intent,10,30
transformer,banking77-en-Latn-22072-q0,Are there any places that I can't use the disposable cards at?,en-Latn,banking77_english,disposable_card_limits,activate_my_card,,,,,,intent,20,62
transformer,banking77mt-ml-Mlym-22170-q0,"ട്രാൻസ്ഫറുകള് സൌജന്യമാണെന്ന് ഞാന് കരുതി, പിന്നെന്തിനാണ് എനിക്ക് ഫീസ് ഈടാക്കുന്നത്?",ml-Mlym,banking77_nllb200_translation,transfer_fee_charged,card_payment_fee_charged,,,,,,intent,21,82
transformer,banking77mt-kn-Knda-22201-q0,ನನಗೆ ದಿನಕ್ಕೆ ಹಲವಾರು ಕಾರ್ಡುಗಳು ಬೇಕಾಗುತ್ತವೆ. ಮತ್ತು ನಾನು ಮಾಡುವ ಎಲ್ಲಾ ಕಾರ್ಡುಗಳನ್ನು ಎಸೆಯಲು ನನಗೆ ಸಾಧ್ಯವಾಗುತ್ತದೆ.,kn-Knda,banking77_nllb200_translation,disposable_card_limits,getting_spare_card,,,,,,intent,24,106
transformer,banking77mt-hi-Deva-22239-q0,मेरे बयान में उन चीजों के लिए शुल्क दिखाया गया है जिन्हें मैंने कभी नहीं खरीदा। क्या मेरे खाते की जानकारी चुराई गई थी?,hi-Deva,banking77_nllb200_translation,compromised_card,transaction_charged_twice,,,,,,intent,29,118
transformer,banking77mt-hi-Deva-22286-q0,मैं अचानक एक त्रुटि प्राप्त कर रहा हूँ एक स्थानांतरण का प्रयास कर रहा है कि यह संभव नहीं है. क्यों? मैं इसे पहले किया है.,hi-Deva,banking77_nllb200_translation,beneficiary_not_allowed,balance_not_updated_after_bank_transfer,,,,,,intent,31,121
transformer,banking77mt-hi-Deva-22322-q0,कृपया मेरा खाता और व्यक्तिगत जानकारी मिटा दें।,hi-Deva,banking77_nllb200_translation,terminate_account,edit_personal_details,,,,,,intent,11,46
transformer,banking77mt-ml-Mlym-22327-q0,എന്തിന് എന്റെ ഫിസിക്കൽ കാർഡ് പ്രവർത്തിക്കുന്നില്ല?,ml-Mlym,banking77_nllb200_translation,card_not_working,activate_my_card,,,,,,intent,10,50
transformer,banking77mt-kn-Knda-22363-q0,ನನ್ನ ಗುರುತನ್ನು ಪರಿಶೀಲಿಸಲು ನೀವು ಹೇಗೆ ಸಹಾಯ ಮಾಡಬಹುದು?,kn-Knda,banking77_nllb200_translation,verify_my_identity,why_verify_identity,,,,,,intent,13,50
transformer,banking77mt-ml-Mlym-22420-q0,"എന്റെ കയ്യില് കാഷ് പിൻവലിക്കല് ഉണ്ട്, അത് കാത്തിരിക്കുകയാണെന്ന് പറയുന്നു, എന്തിന്?",ml-Mlym,banking77_nllb200_translation,pending_cash_withdrawal,balance_not_updated_after_cheque_or_cash_deposit,,,,,,intent,23,82
transformer,banking77mt-kn-Knda-22429-q0,ನನ್ನ ಕಾರ್ಡ್ ಕೆಲಸ ಮಾಡುವುದಿಲ್ಲ. ನಾನು ಎಟಿಎಂ ನಲ್ಲಿ ನಗದು ಹಿಂಪಡೆಯಲು ಸಾಧ್ಯವಿಲ್ಲ,kn-Knda,banking77_nllb200_translation,declined_cash_withdrawal,balance_not_updated_after_cheque_or_cash_deposit,,,,,,intent,18,72
transformer,banking77mt-ta-Taml-22431-q0,நான் தானியங்கி நிரப்புதல் அமைக்க முடியுமா?,ta-Taml,banking77_nllb200_translation,automatic_top_up,apple_pay_or_google_pay,,,,,,intent,10,42
transformer,banking77mt-ml-Mlym-22506-q0,ഞാനെങ്ങനെ ഒരു യഥാർത്ഥ കാർഡ് കിട്ടും?,ml-Mlym,banking77_nllb200_translation,order_physical_card,activate_my_card,,,,,,intent,10,36
transformer,banking77mt-bn-Beng-22584-q0,আপনার অর্ডার করা ভার্চুয়াল কার্ড দেখার জন্য কতক্ষণ অপেক্ষা করতে হবে?,bn-Beng,banking77_nllb200_translation,getting_virtual_card,activate_my_card,,,,,,intent,15,69
transformer,banking77mt-ta-Taml-22596-q0,நான் இன்று காலை செய்ததை மீண்டும் செய்ய விரும்புகிறேன்,ta-Taml,banking77_nllb200_translation,cancel_transfer,top_up_reverted,,,,,,intent,10,53
transformer,banking77mt-hi-Deva-22638-q0,मैं डेबिट लेनदेन पर कैसे विवाद कर सकता हूँ?,hi-Deva,banking77_nllb200_translation,direct_debit_payment_not_recognised,balance_not_updated_after_cheque_or_cash_deposit,,,,,,intent,12,43
transformer,banking77mt-ta-Taml-22649-q0,நான் சில பணம் அனுப்பியது மற்றும் கணக்கு நான் செய்த பரிமாற்றம் பெறவில்லை.,ta-Taml,banking77_nllb200_translation,transfer_not_received_by_recipient,transaction_charged_twice,,,,,,intent,13,72
transformer,banking77mt-ml-Mlym-22735-q0,ഒരു ചെക്ക് കൊണ്ട് പൂരിപ്പിക്കാനുള്ള ഓപ്ഷൻ ഇല്ലേ ?,ml-Mlym,banking77_nllb200_translation,top_up_by_cash_or_cheque,wrong_exchange_rate_for_cash_withdrawal,,,,,,intent,13,49
transformer,banking77mt-ta-Taml-22838-q0,தயவுசெய்து ஒற்றை பயன்பாட்டு அட்டைகளுடன் வரும் எந்தவொரு வரம்புகளையும் குறிப்பிடவும்.,ta-Taml,banking77_nllb200_translation,disposable_card_limits,getting_spare_card,,,,,,intent,16,83
transformer,banking77-en-Latn-22855-q0,I didn't set up a direct debit payment on my account.,en-Latn,banking77_english,direct_debit_payment_not_recognised,transaction_charged_twice,,,,,,intent,16,53
transformer,banking77mt-ml-Mlym-22922-q0,എന്തുകൊണ്ടാണ് എനിക്ക് ഇതുവരെ ഒരു വെർച്വൽ കാർഡ് ലഭിക്കാത്തത്?,ml-Mlym,banking77_nllb200_translation,getting_virtual_card,activate_my_card,,,,,,intent,15,60
transformer,banking77mt-bn-Beng-22958-q0,"আমি নগদ টাকা তুলতে চেষ্টা করেছি কিন্তু পরিমাণ ঠিক নয়, তাই আমি কি করব?",bn-Beng,banking77_nllb200_translation,wrong_amount_of_cash_received,balance_not_updated_after_cheque_or_cash_deposit,,,,,,intent,18,70
transformer,banking77-en-Latn-22962-q0,Earlier today I took money out the ATM. After checking the app the amount is so much higher than the amount I received.,en-Latn,banking77_english,wrong_amount_of_cash_received,balance_not_updated_after_cheque_or_cash_deposit,,,,,,intent,27,119
transformer,banking77mt-ml-Mlym-22987-q0,എന്റെ അക്കൌണ്ട് ട്രാൻസ്ഫർ അംഗീകരിക്കപ്പെട്ടില്ല.,ml-Mlym,banking77_nllb200_translation,beneficiary_not_allowed,balance_not_updated_after_bank_transfer,,,,,,intent,14,48
transformer,banking77mt-hi-Deva-23078-q0,मुझे एक संदेश मिला है कि मेरा स्थानांतरण संभव नहीं है। क्या हो रहा है? मुझे इसे पारित करने की आवश्यकता है कृपया।,hi-Deva,banking77_nllb200_translation,beneficiary_not_allowed,balance_not_updated_after_bank_transfer,,,,,,intent,28,112
transformer,banking77mt-kn-Knda-23317-q0,ನನ್ನ ಕಾರ್ಡನ್ನು ಅನ್ಬ್ಲಾಕ್ ಮಾಡಲು ನಾನು ಅಪ್ಲಿಕೇಶನ್ ಬಳಸಬಹುದೇ?,kn-Knda,banking77_nllb200_translation,pin_blocked,activate_my_card,,,,,,intent,19,56
transformer,banking77mt-ta-Taml-23475-q0,நான் யாராவது என் அட்டை பயன்படுத்தி இருக்கலாம் என்று நினைக்கிறேன்.,ta-Taml,banking77_nllb200_translation,compromised_card,activate_my_card,,,,,,intent,11,65
transformer,banking77mt-kn-Knda-23496-q0,ನಾನು ಕೇಳಿದ ವರ್ಚುವಲ್ ಕಾರ್ಡುಗಳಲ್ಲಿ ಒಂದನ್ನು ಹೊಂದಬಹುದೇ?,kn-Knda,banking77_nllb200_translation,getting_virtual_card,activate_my_card,,,,,,intent,19,51
transformer,banking77mt-te-Telu-23597-q0,నేను నా గుర్తింపును ధృవీకరించలేను,te-Telu,banking77_nllb200_translation,unable_to_verify_identity,why_verify_identity,,,,,,intent,13,33
transformer,banking77mt-te-Telu-23696-q0,అప్లికేషన్ లో నేను నాది కాదని ఒక చెల్లింపు చూడండి.,te-Telu,banking77_nllb200_translation,card_payment_not_recognised,transaction_charged_twice,,,,,,intent,16,50
transformer,banking77-en-Latn-23739-q0,how do I ask for a physical card?,en-Latn,banking77_english,order_physical_card,getting_spare_card,,,,,,intent,11,33
transformer,banking77mt-kn-Knda-23783-q0,ನಾನು ಭವಿಷ್ಯದ ಪುನರ್ಭರ್ತಿಗಳನ್ನು ನಿಗದಿಪಡಿಸಬಹುದೇ?,kn-Knda,banking77_nllb200_translation,automatic_top_up,top_up_by_bank_transfer_charge,,,,,,intent,16,45
transformer,banking77mt-te-Telu-23784-q0,నేను ఒక క్రెడిట్ కార్డ్ బ్రాండ్ ఎంచుకోవాలి?,te-Telu,banking77_nllb200_translation,visa_or_mastercard,activate_my_card,,,,,,intent,15,43
transformer,banking77-en-Latn-23789-q0,I'm cancelling this charge. I still have not received what I bought from these people a while ago.,en-Latn,banking77_english,request_refund,transaction_charged_twice,,,,,,intent,25,98
transformer,banking77-en-Latn-23845-q0,I need to report a stolen card,en-Latn,banking77_english,lost_or_stolen_card,card_not_working,,,,,,intent,9,30
transformer,banking77mt-ml-Mlym-23854-q0,എന്റെ പി. ഐ. എൻ എങ്ങനെ പുനഃസജ്ജമാക്കാം?,ml-Mlym,banking77_nllb200_translation,pin_blocked,get_physical_card,,,,,,intent,16,39
transformer,banking77mt-hi-Deva-23860-q0,मैं खरीदारी नहीं कर पा रहा हूँ क्योंकि मेरे कार्ड के साथ कोई समस्या है,hi-Deva,banking77_nllb200_translation,reverted_card_payment?,card_not_working,,,,,,intent,17,70
transformer,banking77-en-Latn-23895-q0,Why is there an extra fee on my statement?,en-Latn,banking77_english,extra_charge_on_statement,card_payment_fee_charged,,,,,,intent,12,42
transformer,banking77-en-Latn-24031-q0,I went to top up my card and it was cancelled.,en-Latn,banking77_english,top_up_reverted,top_up_failed,,,,,,intent,14,46
transformer,banking77mt-ml-Mlym-24033-q0,കറൻസി കൈമാറ്റം ചെയ്യുന്നതിന് എന്തെങ്കിലും വിലയുണ്ടോ?,ml-Mlym,banking77_nllb200_translation,exchange_charge,exchange_rate,,,,,,intent,11,52
transformer,banking77mt-ta-Taml-24048-q0,தயவுசெய்து எனது வங்கி அட்டையில் உள்ள பிரச்சினையை அடையாளம் காண முடியுமா?,ta-Taml,banking77_nllb200_translation,card_not_working,activate_my_card,,,,,,intent,15,71
transformer,banking77mt-ta-Taml-24051-q0,நான் எப்படி அடையாள சரிபார்ப்பை முடிக்க முடியும்?,ta-Taml,banking77_nllb200_translation,verify_my_identity,why_verify_identity,,,,,,intent,11,48
transformer,banking77mt-hi-Deva-24110-q0,क्या भौतिक कार्ड उपलब्ध हैं?,hi-Deva,banking77_nllb200_translation,order_physical_card,getting_spare_card,,,,,,intent,8,28
transformer,banking77mt-kn-Knda-24153-q0,ನನ್ನ ಕಾರ್ಡ್ ವರ್ಗಾವಣೆಯ ಪರಿಶೀಲನಾ ಕೋಡ್ ಅನ್ನು ನಾನು ನೋಡುತ್ತಿಲ್ಲ.,kn-Knda,banking77_nllb200_translation,verify_top_up,edit_personal_details,,,,,,intent,16,59
transformer,banking77mt-bn-Beng-24291-q0,আমি কিভাবে টাকা ফেরত চাইতে পারি? এটিএম আমাকে ভুল পরিমাণ দিয়েছে যেটা আমাকে চার্জ করা হয়েছে যদিও...,bn-Beng,banking77_nllb200_translation,wrong_amount_of_cash_received,card_payment_fee_charged,,,,,,intent,23,99
transformer,banking77mt-ta-Taml-24350-q0,நான் பணத்தை எடுத்தேன் மற்றும் நான் மாற்று விகிதம் தவறு என்று நினைக்கிறேன்.,ta-Taml,banking77_nllb200_translation,wrong_exchange_rate_for_cash_withdrawal,card_payment_wrong_exchange_rate,,,,,,intent,14,74
transformer,banking77mt-kn-Knda-24405-q0,ಒಂದು ವಂಚನೆಯ ಪಾವತಿ ಇದೆ!,kn-Knda,banking77_nllb200_translation,card_payment_not_recognised,balance_not_updated_after_cheque_or_cash_deposit,,,,,,intent,9,22
transformer,banking77-en-Latn-24569-q0,Can someone please assist me with finding my nearest ATM?,en-Latn,banking77_english,atm_support,top_up_by_cash_or_cheque,,,,,,intent,13,57
transformer,banking77mt-kn-Knda-24629-q0,"ನಾನು ನನ್ನ ಕಾರ್ಡ್ ಕಳೆದುಕೊಂಡೆ ಎಂದು ಭಾವಿಸಿದೆ ಆದರೆ ನಾನು ಇಂದು ಅದನ್ನು ಕಂಡುಕೊಂಡೆ, ಆದ್ದರಿಂದ ನಾನು ಅದನ್ನು ಪುನಃ ಸಕ್ರಿಯಗೊಳಿಸಲು ಬಯಸುತ್ತೇನೆ.",kn-Knda,banking77_nllb200_translation,card_linking,activate_my_card,,,,,,intent,27,126
transformer,banking77mt-kn-Knda-24752-q0,ವರ್ಗಾವಣೆಯನ್ನು ರದ್ದುಗೊಳಿಸಲು ನನಗೆ ಸಹಾಯ ಮಾಡಿ.,kn-Knda,banking77_nllb200_translation,cancel_transfer,balance_not_updated_after_bank_transfer,,,,,,intent,10,42
transformer,banking77mt-ml-Mlym-24838-q0,കാശ് കിട്ടിയപ്പോൾ വിനിമയ നിരക്ക് തെറ്റായിരുന്നു.,ml-Mlym,banking77_nllb200_translation,wrong_exchange_rate_for_cash_withdrawal,card_payment_wrong_exchange_rate,,,,,,intent,11,48
transformer,banking77-en-Latn-24847-q0,I believe my card has been compromised because of a strange withdrawal,en-Latn,banking77_english,cash_withdrawal_not_recognised,card_payment_not_recognised,,,,,,intent,14,70
transformer,banking77mt-kn-Knda-24895-q0,ಯಾವ ಎಟಿಎಂಗಳಲ್ಲಿ ನಾನು ನನ್ನ ಕಾರ್ಡ್ ಬಳಸಬಹುದು?,kn-Knda,banking77_nllb200_translation,atm_support,supported_cards_and_currencies,,,,,,intent,12,42
transformer,banking77mt-ml-Mlym-24920-q0,എനിക്ക് എന്റെ ടോപ്പ്-അപ്പ് പരമാവധി വർദ്ധിപ്പിക്കാമോ?,ml-Mlym,banking77_nllb200_translation,top_up_limits,apple_pay_or_google_pay,,,,,,intent,14,52
transformer,banking77-en-Latn-24926-q0,Is there a strict timeline regarding disputing transactions made on my account? I just noticed a fraudulent charge on a statement from a couple months ago.,en-Latn,banking77_english,direct_debit_payment_not_recognised,transaction_charged_twice,,,,,,intent,32,155
transformer,banking77-en-Latn-24946-q0,My payment has been returned.,en-Latn,banking77_english,reverted_card_payment?,transaction_charged_twice,,,,,,intent,8,29
transformer,banking77mt-hi-Deva-24958-q0,"मैंने विदेश में बैंकिंग करते समय एक शुल्क देखा, जो कि इससे पहले मुझसे लिया गया किसी भी शुल्क से अलग लगता है। इस शुल्क का क्या अर्थ है?",hi-Deva,banking77_nllb200_translation,transfer_fee_charged,card_payment_fee_charged,,,,,,intent,34,134
transformer,banking77mt-te-Telu-25047-q0,నా పిన్ నంబర్ను ఎలా అన్బ్లాక్ చేయాలో నేను గుర్తించలేను. మీరు నాకు సహాయం చేయగలరా?,te-Telu,banking77_nllb200_translation,pin_blocked,get_physical_card,,,,,,intent,28,80
transformer,banking77mt-kn-Knda-25107-q0,ನಾನು ಪ್ರತಿದಿನ ಹಲವಾರು ಡಿಸ್ಪೋಸಬಲ್ ಕಾರ್ಡುಗಳನ್ನು ತಯಾರಿಸುವ ಅಗತ್ಯವಿದೆ.,kn-Knda,banking77_nllb200_translation,disposable_card_limits,activate_my_card,,,,,,intent,15,64
transformer,banking77mt-hi-Deva-25173-q0,एप्लिकेशन विश्वास नहीं करता कि यह मैं हूँ।,hi-Deva,banking77_nllb200_translation,unable_to_verify_identity,top_up_failed,,,,,,intent,11,42
transformer,banking77mt-kn-Knda-25303-q0,ನನ್ನ ಹಣ ಎಲ್ಲಿಗೆ ಹೋಯಿತು ಎಂದು ಕಂಡುಹಿಡಿಯಲು ನನಗೆ ಯಾರನ್ನಾದರೂ ಬೇಕು? ಅದು ಕಣ್ಮರೆಯಾಗಿದೆ. ನಾನು ಮೊದಲು ಟಾಪ್ ಅಪ್ ಅನ್ನು ಪೂರ್ಣಗೊಳಿಸಿದೆ ಮತ್ತು ಅದು ಹಾದುಹೋಗಿದೆ ಎಂದು ನೋಡಿದೆ. ಅದು ಈಗ ಕಣ್ಮರೆಯಾಗಿರುವುದರಿಂದ ನಾನು ಏನು ನಡೆಯುತ್ತಿದೆ ಎಂದು ತಿಳಿದುಕೊಳ್ಳಬೇಕು.,kn-Knda,banking77_nllb200_translation,top_up_reverted,top_up_failed,,,,,,intent,50,223
transformer,banking77-en-Latn-25378-q0,How long do transfers take? I sent money to a friend who needs it urgently. It's been hours and has not gone through.,en-Latn,banking77_english,transfer_not_received_by_recipient,balance_not_updated_after_bank_transfer,,,,,,intent,31,117
transformer,banking77mt-ta-Taml-25446-q0,என் கணக்கில் ஒரே கட்டணத்தில் இரண்டு இருந்தன,ta-Taml,banking77_nllb200_translation,transaction_charged_twice,card_payment_fee_charged,,,,,,intent,9,43
transformer,banking77mt-hi-Deva-25466-q0,मेरे खाते में एक डायरेक्ट डेबिट भुगतान है जो मैंने नहीं किया,hi-Deva,banking77_nllb200_translation,direct_debit_payment_not_recognised,transaction_charged_twice,,,,,,intent,14,60
transformer,banking77mt-te-Telu-25487-q0,మీరు ఉపసంహరణ కనిపిస్తుంది ఉన్నప్పుడు తెలుసా?,te-Telu,banking77_nllb200_translation,pending_cash_withdrawal,balance_not_updated_after_cheque_or_cash_deposit,,,,,,intent,13,44
transformer,banking77mt-te-Telu-25502-q0,నా పిన్ ఏ క్యాష్ ఆటోమేట్లోనైనా మార్చవచ్చా?,te-Telu,banking77_nllb200_translation,change_pin,get_physical_card,,,,,,intent,19,42
transformer,banking77mt-ta-Taml-25583-q0,எனது அறிக்கையில் ஏன் ஒரு யூரோ கட்டணம் உள்ளது?,ta-Taml,banking77_nllb200_translation,extra_charge_on_statement,card_payment_fee_charged,,,,,,intent,10,45
transformer,banking77-en-Latn-25618-q0,I made a card payment but it didn't work. Why not?,en-Latn,banking77_english,declined_card_payment,card_payment_not_recognised,,,,,,intent,17,50
transformer,banking77mt-ta-Taml-25647-q0,நான் ஏன் இன்னும் பணம் பெறவில்லை?,ta-Taml,banking77_nllb200_translation,pending_card_payment,card_payment_not_recognised,,,,,,intent,8,32
transformer,banking77mt-kn-Knda-25657-q0,ನಾನು ಹಣ ಪಡೆದರೆ ನನಗೆ ಶುಲ್ಕ ವಿಧಿಸಲಾಗುತ್ತದೆಯೇ?,kn-Knda,banking77_nllb200_translation,top_up_by_bank_transfer_charge,card_payment_fee_charged,,,,,,intent,12,43
transformer,banking77mt-te-Telu-25779-q0,నేను ఒక నకిలీ రెండవ కార్డు పొందవచ్చు?,te-Telu,banking77_nllb200_translation,getting_spare_card,activate_my_card,,,,,,intent,11,37
transformer,banking77mt-kn-Knda-25798-q0,"ನನಗೆ ಹೊಸ ಪಿನ್ ಬೇಕು, ನಾನು ಹೇಗೆ ಮಾಡಲಿ?",kn-Knda,banking77_nllb200_translation,change_pin,get_physical_card,,,,,,intent,12,36
transformer,banking77mt-ml-Mlym-25810-q0,പണം കിട്ടിയപ്പോൾ എന്റെ വിനിമയ നിരക്ക് തെറ്റാണെന്ന് ഞാൻ ശ്രദ്ധിച്ചു.,ml-Mlym,banking77_nllb200_translation,wrong_exchange_rate_for_cash_withdrawal,card_payment_wrong_exchange_rate,,,,,,intent,15,67
transformer,banking77mt-ml-Mlym-25900-q0,എന്റെ കോൺടാക്റ്റ്ലെസ്സ് എവിടെയാണ് പ്രവർത്തിക്കുന്നതെന്ന് എനിക്ക് എങ്ങനെ അറിയാനാകും?,ml-Mlym,banking77_nllb200_translation,contactless_not_working,apple_pay_or_google_pay,,,,,,intent,19,83
transformer,banking77mt-kn-Knda-25935-q0,"ಕೆಲವು ವಾರಗಳ ಹಿಂದೆ, ನನಗೆ ಗೊತ್ತಿಲ್ಲದ ಮಾರಾಟಗಾರರಿಂದ ನನ್ನ ಖಾತೆಯಲ್ಲಿ ಒಂದು ವಿಚಿತ್ರ ವಹಿವಾಟು ಮಾಡಲಾಯಿತು. ನಾನು ಅದನ್ನು ಮಾಡಲಿಲ್ಲವೆಂದು ನನಗೆ ಖಚಿತವಾಗಿದೆ ಮತ್ತು ನೀವು ಅದನ್ನು ನನಗೆ ಪರಿಶೀಲಿಸಲು ಬಯಸುತ್ತೇನೆ.",kn-Knda,banking77_nllb200_translation,direct_debit_payment_not_recognised,transaction_charged_twice,,,,,,intent,39,182
transformer,banking77mt-ta-Taml-25947-q0,கூடுதல் தொகைக்கு ஒரு வரம்பு இருக்கிறதா?,ta-Taml,banking77_nllb200_translation,top_up_limits,exchange_charge,,,,,,intent,9,39
transformer,banking77mt-kn-Knda-25964-q0,"ಓ ದೇವರೇ, ನನ್ನ ಕಾರ್ಡನ್ನು ಎಟಿಎಂನಲ್ಲಿ ಎರಡು ಬಾರಿ ತಿರಸ್ಕರಿಸಲಾಗಿದೆ! ನಾನು ಎರಡು ವಿಭಿನ್ನ ಎಟಿಎಂಗಳನ್ನು ಪ್ರಯತ್ನಿಸಿದೆ, ಆದರೆ ಪ್ರತಿಯೊಂದೂ ನನ್ನ ಕಾರ್ಡನ್ನು ತಿರಸ್ಕರಿಸಿದೆ! ನನ್ನ ಖಾತೆಯೊಂದಿಗೆ ಏನಾಗುತ್ತಿದೆ ಎಂದು ನೀವು ನನಗೆ ಹೇಳಬಲ್ಲಿರಾ?",kn-Knda,banking77_nllb200_translation,declined_cash_withdrawal,transaction_charged_twice,,,,,,intent,55,206
transformer,banking77-en-Latn-25970-q0,Why hasn't my top-up gone through?,en-Latn,banking77_english,pending_top_up,top_up_failed,,,,,,intent,13,34
transformer,banking77mt-te-Telu-25989-q0,నేను నా ఖాతా నుండి డబ్బు బదిలీ కాలేదు.,te-Telu,banking77_nllb200_translation,failed_transfer,balance_not_updated_after_bank_transfer,,,,,,intent,12,38
transformer,banking77-en-Latn-26004-q0,What was the extra charge for withdrawing money?,en-Latn,banking77_english,cash_withdrawal_charge,card_payment_fee_charged,,,,,,intent,12,48
transformer,banking77-en-Latn-26030-q0,My card is lost! What can I do?,en-Latn,banking77_english,lost_or_stolen_card,card_not_working,,,,,,intent,12,31
transformer,banking77mt-kn-Knda-26035-q0,"ವರ್ಗಾವಣೆಯಲ್ಲಿ ನನ್ನ ""ನಿರಾಶೆ"" ಸಂದೇಶದೊಂದಿಗೆ ನಾನು ಏನು ಮಾಡಬೇಕು?",kn-Knda,banking77_nllb200_translation,declined_transfer,balance_not_updated_after_bank_transfer,,,,,,intent,16,58
transformer,banking77mt-bn-Beng-26083-q0,কোন ডিসপোজেবল ভার্চুয়াল কার্ড আছে?,bn-Beng,banking77_nllb200_translation,get_disposable_virtual_card,activate_my_card,,,,,,intent,12,35
transformer,banking77mt-ta-Taml-26091-q0,எனது சுயவிவரத்தின் விவரங்கள் எனது ஆவணங்களுடன் பொருந்துமா?,ta-Taml,banking77_nllb200_translation,verify_my_identity,why_verify_identity,,,,,,intent,14,57
transformer,banking77-en-Latn-26155-q0,I need assistance with understanding which fiat currencies that you support.,en-Latn,banking77_english,fiat_currency_support,exchange_rate,,,,,,intent,15,76
transformer,banking77mt-kn-Knda-26234-q0,"ನಾನು ಇನ್ನೂ ನನ್ನ ವರ್ಚುವಲ್ ಕಾರ್ಡ್ ಪಡೆದಿಲ್ಲ, ಏಕೆ?",kn-Knda,banking77_nllb200_translation,getting_virtual_card,activate_my_card,,,,,,intent,15,46
transformer,banking77mt-bn-Beng-26316-q0,এখানে কেন আইডি চেক আছে?,bn-Beng,banking77_nllb200_translation,why_verify_identity,balance_not_updated_after_cheque_or_cash_deposit,,,,,,intent,8,23
transformer,banking77-en-Latn-26400-q0,How to access my virtual card,en-Latn,banking77_english,getting_virtual_card,activate_my_card,,,,,,intent,8,29
transformer,banking77mt-kn-Knda-26540-q0,ನನ್ನ ವಹಿವಾಟು ಮುಗಿಯುವವರೆಗೆ ಕಾಯುತ್ತಿದ್ದೇನೆ.,kn-Knda,banking77_nllb200_translation,transfer_not_received_by_recipient,balance_not_updated_after_bank_transfer,,,,,,intent,12,41
transformer,banking77mt-ml-Mlym-26583-q0,ഞാന് തെറ്റായ അക്കൌണ്ട് നമ്പര് ഉപയോഗിച്ചു!,ml-Mlym,banking77_nllb200_translation,cancel_transfer,pin_blocked,,,,,,intent,10,41
transformer,banking77mt-ta-Taml-26647-q0,எவ்வளவு நேரம் டெலிவரி எடுக்கும்?,ta-Taml,banking77_nllb200_translation,card_delivery_estimate,pending_transfer,,,,,,intent,9,32
transformer,banking77mt-ml-Mlym-26804-q0,"ഈ ആപ്ലിക്കേഷന് അമേരിക്കൻ, ഇംഗ്ലീഷ് കറൻസി മാറ്റാൻ കഴിയുമോ?",ml-Mlym,banking77_nllb200_translation,exchange_via_app,exchange_rate,,,,,,intent,18,57
transformer,banking77mt-hi-Deva-26848-q0,क्या मैं चेक या नकद भुगतान प्रस्तुत कर सकता हूँ?,hi-Deva,banking77_nllb200_translation,top_up_by_cash_or_cheque,wrong_exchange_rate_for_cash_withdrawal,,,,,,intent,13,48
transformer,banking77-en-Latn-26854-q0,"After a transfer, I see an extra fee. Why?",en-Latn,banking77_english,transfer_fee_charged,card_payment_fee_charged,,,,,,intent,14,42
transformer,banking77mt-bn-Beng-26902-q0,"আমার বিবৃতিতে অতিরিক্ত ১ ডলার চার্জ আছে, কেন?",bn-Beng,banking77_nllb200_translation,extra_charge_on_statement,card_payment_fee_charged,,,,,,intent,12,45
transformer,banking77mt-ml-Mlym-26981-q0,"ഞാൻ എന്റെ അക്കൌണ്ടിനായി ആപ്ലിക്കേഷൻ പരിശോധിക്കുകയായിരുന്നു, അതിൽ ഒരു അംഗീകൃത ചാർജ്ജ് ഉണ്ടെന്ന് ഞാൻ ശ്രദ്ധിച്ചു. ഞാൻ ഇന്ന് എന്റെ കാർഡ് ഉപയോഗിച്ചിട്ടില്ല, അതിനാൽ ഞാൻ അത് ചെയ്തിട്ടില്ലെന്ന് എനിക്കറിയാം. ഇടപാട് പിൻവലിക്കാനും പണം മാറ്റിസ്ഥാപിക്കാനും ഞാൻ ആഗ്രഹിക്കുന്നു.",ml-Mlym,banking77_nllb200_translation,direct_debit_payment_not_recognised,transaction_charged_twice,,,,,,intent,60,264
transformer,banking77mt-ml-Mlym-27022-q0,ആപ്പ് അത് ഞാനാണെന്ന് കരുതുന്നില്ല.,ml-Mlym,banking77_nllb200_translation,unable_to_verify_identity,top_up_failed,,,,,,intent,10,34
transformer,banking77-en-Latn-27063-q0,What fees are charged when I top up,en-Latn,banking77_english,top_up_by_card_charge,card_payment_fee_charged,,,,,,intent,10,35
transformer,banking77mt-hi-Deva-27168-q0,मुझे जितना पैसा चाहिए था उससे कम दिया गया।,hi-Deva,banking77_nllb200_translation,wrong_amount_of_cash_received,cash_withdrawal_charge,,,,,,intent,12,42
transformer,banking77mt-te-Telu-27194-q0,నా వర్చువల్ కార్డును ఎలా యాక్సెస్ చేయాలి,te-Telu,banking77_nllb200_translation,getting_virtual_card,activate_my_card,,,,,,intent,14,40
transformer,banking77mt-bn-Beng-27254-q0,ভার্চুয়াল কার্ড কোথায় পাবো?,bn-Beng,banking77_nllb200_translation,getting_virtual_card,activate_my_card,,,,,,intent,8,29
transformer,banking77mt-te-Telu-27303-q0,నేను US నుండి మరొక క్రెడిట్ కార్డు కలిగి. మీరు ఆ పడుతుంది?,te-Telu,banking77_nllb200_translation,supported_cards_and_currencies,getting_spare_card,,,,,,intent,17,58
transformer,banking77mt-hi-Deva-27336-q0,क्या अंतरराष्ट्रीय कार्ड में पैसे जोड़ने के लिए अतिरिक्त लागत लगेगी?,hi-Deva,banking77_nllb200_translation,top_up_by_card_charge,supported_cards_and_currencies,,,,,,intent,14,68
transformer,banking77mt-kn-Knda-27408-q0,ನನ್ನ ಅಪ್ಲಿಕೇಶನ್ ಹೇಳಿಕೆಯು ನಾನು ಎಟಿಎಂನಿಂದ ನಗದು ತೆಗೆದುಕೊಂಡಿದ್ದೇನೆ ಎಂದು ತೋರಿಸುತ್ತದೆ ಆದರೆ ನಾನು ಮಾಡಲಿಲ್ಲ. ನಾನು ಏನು ಮಾಡಬಹುದು?,kn-Knda,banking77_nllb200_translation,cash_withdrawal_not_recognised,balance_not_updated_after_cheque_or_cash_deposit,,,,,,intent,25,118
transformer,banking77-en-Latn-27428-q0,I ordered my card and it isn't here yet. I need it ASAP. When can I expect to get it?,en-Latn,banking77_english,card_delivery_estimate,card_arrival,,,,,,intent,28,85
transformer,banking77mt-te-Telu-27431-q0,నేను USD ను GBP కి ఎలా మార్చగలను?,te-Telu,banking77_nllb200_translation,exchange_via_app,exchange_rate,,,,,,intent,15,33
transformer,banking77mt-kn-Knda-27460-q0,ಸಾಧ್ಯವಾದಷ್ಟು ಬೇಗ ನನ್ನ ಕಾರ್ಡ್ ವಿತರಿಸಬೇಕು.,kn-Knda,banking77_nllb200_translation,card_delivery_estimate,card_arrival,,,,,,intent,10,40
transformer,banking77mt-hi-Deva-27595-q0,मैं यूरोपीय संघ के लिए मुद्रा विनिमय करना चाहता हूँ।,hi-Deva,banking77_nllb200_translation,fiat_currency_support,exchange_rate,,,,,,intent,13,52
transformer,banking77-en-Latn-27684-q0,How long until my transfer goes through?,en-Latn,banking77_english,transfer_timing,pending_transfer,,,,,,intent,10,40
transformer,banking77mt-ta-Taml-27713-q0,எனது PIN எண்ணை மாற்ற நான் வங்கிக்குச் செல்ல வேண்டுமா?,ta-Taml,banking77_nllb200_translation,change_pin,get_physical_card,,,,,,intent,13,53
transformer,banking77mt-kn-Knda-27803-q0,ಒಂದು ವಾರದಿಂದ ನಾನು ನನ್ನ ಕಾರ್ಡನ್ನು ಬಳಸಲು ಪ್ರಯತ್ನಿಸುತ್ತಿದ್ದೇನೆ ಮತ್ತು ಅದು ಇನ್ನೂ ಕೆಲಸ ಮಾಡುತ್ತಿಲ್ಲ.,kn-Knda,banking77_nllb200_translation,card_not_working,activate_my_card,,,,,,intent,20,93
transformer,banking77-en-Latn-27818-q0,"Transfers may show up as pending for up to one day while they are processed by one of our payment processors. Then, they will depart for the beneficiary accounts. Please also double-check that you have entered the correct account details. SEPA transfers can take up to two business days, and SWIFT transfers can take up to five business days.",en-Latn,banking77_english,pending_transfer,balance_not_updated_after_bank_transfer,,,,,,intent,76,342
transformer,banking77mt-ta-Taml-27878-q0,ஏன் என் டாப் அப் இன்னும் செல்லவில்லை,ta-Taml,banking77_nllb200_translation,pending_top_up,top_up_failed,,,,,,intent,9,36
transformer,banking77mt-kn-Knda-27975-q0,ನನ್ನ ಕಾರ್ಡ್ ಪಾವತಿಗಳಲ್ಲಿ ಒಂದು ಅದು ಅಂಟಿಕೊಂಡಿದೆ ಎಂದು ತೋರುತ್ತದೆ ಆದರೆ ನಾನು ಪಾವತಿಯನ್ನು ಕೆಲವು ದಿನಗಳ ಹಿಂದೆ ಮಾಡಿದ್ದೇನೆ. ನನ್ನ ಖಾತೆಗೆ ಪಾವತಿಯನ್ನು ಅನ್ವಯಿಸಲು ಎಷ್ಟು ಸಮಯ ತೆಗೆದುಕೊಳ್ಳುತ್ತದೆ?,kn-Knda,banking77_nllb200_translation,pending_card_payment,transaction_charged_twice,,,,,,intent,35,172
transformer,banking77-en-Latn-28097-q0,What do I do if I forgot my PIN?,en-Latn,banking77_english,pin_blocked,get_physical_card,,,,,,intent,12,32
transformer,banking77mt-ml-Mlym-28133-q0,എന്റെ ടോപ്പ് അപ്പ് ഇപ്പോഴും കാത്തിരിക്കുകയാണെന്ന് പറയുമ്പോൾ അതിന്റെ അർത്ഥമെന്താണ്?,ml-Mlym,banking77_nllb200_translation,pending_top_up,top_up_failed,,,,,,intent,19,82
transformer,banking77mt-ml-Mlym-28236-q0,എന്തിന് എനിക്ക് പണം കൈമാറിയതിന് ഒരു ഫീസ് ഈടാക്കുന്നു?,ml-Mlym,banking77_nllb200_translation,transfer_fee_charged,card_payment_fee_charged,,,,,,intent,15,53
transformer,banking77-en-Latn-28238-q0,I got a message that I need to verify my identity; what do I do?,en-Latn,banking77_english,verify_my_identity,why_verify_identity,,,,,,intent,19,64
transformer,banking77mt-ml-Mlym-28545-q0,ഏത് ക്രെഡിറ്റ് കാർഡാണ് നിങ്ങൾ സ്വീകരിക്കുന്നത്?,ml-Mlym,banking77_nllb200_translation,supported_cards_and_currencies,getting_spare_card,,,,,,intent,10,47
transformer,banking77mt-kn-Knda-28566-q0,ನನ್ನ ಕಾರ್ಡ್ ಅನ್ನು ಆನ್ಲೈನ್ನಲ್ಲಿ ಖರೀದಿ ಮಾಡಲು ಬಳಸಲಾಗುತ್ತಿದೆ! ಬೇರೊಬ್ಬರು ಅದನ್ನು ವಂಚನೆಯಿಂದ ಬಳಸುತ್ತಿದ್ದಾರೆ. ನೀವು ಅದನ್ನು ಫ್ರೀಜ್ ಮಾಡಲು ನನಗೆ ಸಹಾಯ ಮಾಡಬಹುದೇ?,kn-Knda,banking77_nllb200_translation,compromised_card,card_payment_not_recognised,,,,,,intent,34,145
transformer,banking77mt-hi-Deva-28631-q0,कार्ड और मुद्राओं के संबंध में क्या स्वीकार किया जाता है?,hi-Deva,banking77_nllb200_translation,supported_cards_and_currencies,exchange_rate,,,,,,intent,14,57
transformer,banking77-en-Latn-28760-q0,"Even though it's late, I wanted to see about disputing a charge. I was just looking through my transactions over the past couple of months and noticed a pretty large amount that was not completed by me. Is this possibly something I can still do.",en-Latn,banking77_english,direct_debit_payment_not_recognised,transaction_charged_twice,,,,,,intent,55,245
transformer,banking77mt-ml-Mlym-28769-q0,"ഇത് ശരിയല്ല, എനിക്ക് എടിഎമ്മിൽ നിന്ന് സൌജന്യമായി പണം പിൻവലിക്കാം എന്ന് പറഞ്ഞിട്ടുണ്ടോ?",ml-Mlym,banking77_nllb200_translation,cash_withdrawal_charge,wrong_exchange_rate_for_cash_withdrawal,,,,,,intent,26,86
transformer,banking77-en-Latn-28771-q0,"How long does it typically take a transfer to go through? I sent some money to a friend earlier today, and she really needs it. It still is a pending transfer, even though I sent it a few hours ago.",en-Latn,banking77_english,transfer_not_received_by_recipient,balance_not_updated_after_bank_transfer,,,,,,intent,47,198
transformer,banking77mt-kn-Knda-28791-q0,ನಿಮ್ಮ ಕಾರ್ಡುಗಳು EUಯಲ್ಲಿ ಲಭ್ಯವಿದೆಯೇ?,kn-Knda,banking77_nllb200_translation,country_support,getting_spare_card,,,,,,intent,10,35
transformer,banking77mt-hi-Deva-28878-q0,मुझे नकदी लेने के लिए क्यों चार्ज किया जा रहा है?,hi-Deva,banking77_nllb200_translation,cash_withdrawal_charge,card_payment_fee_charged,,,,,,intent,14,49
transformer,banking77mt-ml-Mlym-29026-q0,എന്റെ പണം പിൻവലിക്കാന് എത്ര സമയമെടുക്കും?,ml-Mlym,banking77_nllb200_translation,pending_cash_withdrawal,balance_not_updated_after_cheque_or_cash_deposit,,,,,,intent,12,41
transformer,banking77mt-hi-Deva-29122-q0,ऐसा प्रतीत होता है कि मेरा पूरक-अप रद्द कर दिया गया है,hi-Deva,banking77_nllb200_translation,top_up_reverted,top_up_failed,,,,,,intent,16,54
transformer,banking77mt-ml-Mlym-29124-q0,എനിക്ക് എങ്ങനെ ഒരു ഗുണഭോക്താവിന് പണം കൈമാറാനാകും?,ml-Mlym,banking77_nllb200_translation,beneficiary_not_allowed,receiving_money,,,,,,intent,16,49
transformer,banking77mt-hi-Deva-29149-q0,मैंने अपने प्लग-इन को सक्रिय करने की कोशिश की और यह काम नहीं किया,hi-Deva,banking77_nllb200_translation,activate_my_card,top_up_failed,,,,,,intent,18,65
transformer,banking77mt-ta-Taml-29168-q0,நான் இங்கிலாந்திற்கு வெளியே வசித்தாலும் எனக்கு அட்டை கிடைக்குமா?,ta-Taml,banking77_nllb200_translation,country_support,getting_spare_card,,,,,,intent,15,64
transformer,banking77mt-ta-Taml-29191-q0,"விடுமுறை நாட்களில் ஏடிஎம்மில் இருந்து சில பணத்தை எடுத்தேன், மேலும் எனக்கு அதிக கட்டணம் வசூலிக்கப்பட்டதாக தெரிகிறது. இந்த மோசமான கட்டணங்களை அறிந்திருந்தால் நான் அதை செய்திருக்க மாட்டேன்!",ta-Taml,banking77_nllb200_translation,wrong_exchange_rate_for_cash_withdrawal,card_payment_fee_charged,,,,,,intent,37,185
transformer,banking77mt-ta-Taml-29203-q0,நான் மற்றொரு கார்டு ஆர்டர் செய்ய விரும்புகிறேன்,ta-Taml,banking77_nllb200_translation,getting_spare_card,card_about_to_expire,,,,,,intent,8,47
transformer,banking77mt-ta-Taml-29228-q0,"ஒரு இடமாற்றத்தின் போது நான் ஒரு தட்டச்சு பிழையைச் செய்தேன், இப்போது நான் தவறான கணக்கிற்கு பணத்தை அனுப்பியுள்ளேன் என்பதால் நான் மிகவும் வருத்தப்படுகிறேன். இதை பயன்பாட்டில் சரிசெய்ய முடியாது. தயவுசெய்து எனக்கு உடனடியாக உதவுங்கள்!",ta-Taml,banking77_nllb200_translation,cancel_transfer,balance_not_updated_after_bank_transfer,,,,,,intent,46,227
transformer,banking77mt-ml-Mlym-29237-q0,പണം പിൻവലിക്കാനുള്ള വിനിമയ നിരക്ക് ശരിയല്ല.,ml-Mlym,banking77_nllb200_translation,wrong_exchange_rate_for_cash_withdrawal,card_payment_wrong_exchange_rate,,,,,,intent,11,43
transformer,banking77mt-kn-Knda-29344-q0,ಸರಿಯಾದ ನಗದು ಮೊತ್ತವನ್ನು ಸ್ವೀಕರಿಸಲಾಗಿಲ್ಲ.,kn-Knda,banking77_nllb200_translation,wrong_amount_of_cash_received,balance_not_updated_after_cheque_or_cash_deposit,,,,,,intent,11,39
transformer,banking77mt-te-Telu-29381-q0,"నా డబ్బు పోయింది. నేను ఇటీవల అప్ నింపి మరియు అది అక్కడ చూసింది, కానీ ఇప్పుడు అది అదృశ్యమైంది, ఏమి జరుగుతుందో?",te-Telu,banking77_nllb200_translation,top_up_reverted,top_up_failed,,,,,,intent,30,109
transformer,banking77mt-ta-Taml-29392-q0,எனது கடைசி பரிமாற்றம் எவ்வளவு நேரம் எடுக்கும்? பெறுநருக்கு அவசரமாக பணம் தேவை.,ta-Taml,banking77_nllb200_translation,transfer_not_received_by_recipient,balance_not_updated_after_bank_transfer,,,,,,intent,17,77
transformer,banking77mt-te-Telu-29559-q0,"నేను నిన్ననే దేశం లోపల ఒక బదిలీ చేసాను, కానీ అది ఇంకా అక్కడ లేదు. దయచేసి దానితో ఏమి జరుగుతుందో మీరు తనిఖీ చేయగలరా, ఖాతా సంఖ్య సరైనది, నేను ఇప్పటికే చాలాసార్లు తనిఖీ చేసాను.",te-Telu,banking77_nllb200_translation,transfer_not_received_by_recipient,balance_not_updated_after_bank_transfer,,,,,,intent,51,172
transformer,banking77mt-te-Telu-29603-q0,నా ఖాతాలో ఏ కరెన్సీలు మరియు కార్డులకు మద్దతు ఉంది?,te-Telu,banking77_nllb200_translation,supported_cards_and_currencies,fiat_currency_support,,,,,,intent,17,50
transformer,banking77mt-ml-Mlym-29620-q0,എന്റെ ബാഗ് എന്റെ എല്ലാ കാർഡുകളുമൊത്ത് മോഷ്ടിക്കപ്പെട്ടു. ദയവായി എന്റെ കാർഡ് റദ്ദാക്കി പുതിയത് അയയ്ക്കാമോ?,ml-Mlym,banking77_nllb200_translation,lost_or_stolen_card,card_not_working,,,,,,intent,31,105
transformer,banking77mt-hi-Deva-29635-q0,मैं किन कार्डों और मुद्राओं का उपयोग कर सकता हूँ?,hi-Deva,banking77_nllb200_translation,supported_cards_and_currencies,fiat_currency_support,,,,,,intent,14,49
transformer,banking77mt-ml-Mlym-29683-q0,ഒരു ട്രാൻസ്ഫര് ചെയ്യാൻ എനിക്ക് പണം നല് കേണ്ടിവന്നു.,ml-Mlym,banking77_nllb200_translation,transfer_fee_charged,balance_not_updated_after_bank_transfer,,,,,,intent,14,51
transformer,banking77mt-te-Telu-29708-q0,ఒక కార్డును ఆర్డర్ చేయడం సాధ్యమేనా?,te-Telu,banking77_nllb200_translation,order_physical_card,getting_spare_card,,,,,,intent,12,35
transformer,banking77mt-hi-Deva-29727-q0,"मुझे लगता है कि किसी के पास मेरे कार्ड की एक प्रति हो सकती है क्योंकि 500 डॉलर की निकासी की गई थी, और यह मैं नहीं था। क्या आप कृपया मदद कर सकते हैं?",hi-Deva,banking77_nllb200_translation,cash_withdrawal_not_recognised,balance_not_updated_after_cheque_or_cash_deposit,,,,,,intent,40,148
transformer,banking77mt-ml-Mlym-29815-q0,എവിടെയാണ് എനിക്ക് GBP നും USD നും ഇടയിലുള്ള വിനിമയം നടത്താൻ കഴിയുക?,ml-Mlym,banking77_nllb200_translation,exchange_via_app,exchange_rate,,,,,,intent,17,67
transformer,banking77mt-ta-Taml-29904-q0,"நீங்கள் தயவு செய்து என் முள் திறக்க முடியுமா? நான் ஏன் தெரியாது, ஆனால் அது தடுக்கப்பட்டுள்ளது.",ta-Taml,banking77_nllb200_translation,pin_blocked,get_physical_card,,,,,,intent,20,94
transformer,banking77mt-te-Telu-29912-q0,నేను ఇటీవల పూర్తి చేసిన రిటర్న్ కోసం ఒక వాపసు చూడలేరు.,te-Telu,banking77_nllb200_translation,Refund_not_showing_up,transaction_charged_twice,,,,,,intent,18,54
transformer,banking77-en-Latn-29933-q0,What kind of security protects my money?,en-Latn,banking77_english,verify_source_of_funds,transfer_into_account,,,,,,intent,10,40
transformer,banking77mt-bn-Beng-29980-q0,"যদি আমার বিদেশী ট্রান্সফার নগদীকরণ করতে হয়, তাহলে এটা কিভাবে কাজ করবে?",bn-Beng,banking77_nllb200_translation,exchange_rate,transfer_into_account,,,,,,intent,17,71
transformer,banking77mt-hi-Deva-29999-q0,"एप्लिकेशन कहता है कि मैंने नकद निकासी की है, भले ही मैंने ऐसा नहीं किया हो।",hi-Deva,banking77_nllb200_translation,cash_withdrawal_not_recognised,balance_not_updated_after_cheque_or_cash_deposit,,,,,,intent,20,75
transformer,banking77mt-ml-Mlym-30000-q0,എന്തുകൊണ്ടാണ് ഈ ഗുണഭോക്താവിനെ നിരസിക്കുന്നത്?,ml-Mlym,banking77_nllb200_translation,beneficiary_not_allowed,card_payment_not_recognised,,,,,,intent,15,45
transformer,banking77mt-ta-Taml-30006-q0,நான் பயன்படுத்தக்கூடிய அட்டைகளின் எண்ணிக்கையில் என்ன வரம்புகள் உள்ளன?,ta-Taml,banking77_nllb200_translation,disposable_card_limits,getting_spare_card,,,,,,intent,13,69
transformer,banking77mt-kn-Knda-30045-q0,ನನ್ನ ಕಾರ್ಡ್ ಪಾವತಿ ರಿಟರ್ನ್ ಎಂದು ನಾನು ಭಾವಿಸುತ್ತೇನೆ,kn-Knda,banking77_nllb200_translation,reverted_card_payment?,transaction_charged_twice,,,,,,intent,11,48
transformer,banking77-en-Latn-30091-q0,I don't see a refund in my account.,en-Latn,banking77_english,Refund_not_showing_up,transaction_charged_twice,,,,,,intent,13,35
transformer,banking77mt-ta-Taml-30114-q0,ஏன் நான் ஒரு ஏடிஎம் இருந்து பணம் எடுக்க முடியவில்லை?,ta-Taml,banking77_nllb200_translation,declined_cash_withdrawal,balance_not_updated_after_cheque_or_cash_deposit,,,,,,intent,13,52
transformer,banking77mt-te-Telu-30174-q0,వీసా మరియు మాస్టర్ కార్డ్ రెండూ నాకు అందుబాటులో ఉన్నాయా?,te-Telu,banking77_nllb200_translation,visa_or_mastercard,getting_spare_card,,,,,,intent,14,56
transformer,banking77mt-kn-Knda-30200-q0,"ನಾನು ಅಮೇರಿಕಾದಲ್ಲಿ ವಾಸಿಸುತ್ತಿದ್ದೇನೆ, ಆದರೆ ನನಗೆ ಕಾರ್ಡ್ ಬೇಕು.",kn-Knda,banking77_nllb200_translation,country_support,getting_spare_card,,,,,,intent,12,58
transformer,banking77mt-ml-Mlym-30380-q0,ഈ ആപ്ലിക്കേഷനിൽ കറൻസി മാറ്റാൻ പറ്റുമോ?,ml-Mlym,banking77_nllb200_translation,exchange_via_app,exchange_rate,,,,,,intent,15,38
transformer,banking77mt-kn-Knda-30397-q0,ಚೆಕ್ ನಿಮ್ಮ ಖಾತೆಗೆ ಪೋಸ್ಟ್ ಮಾಡಲು ಎಷ್ಟು ಸಮಯ ತೆಗೆದುಕೊಳ್ಳುತ್ತದೆ?,kn-Knda,banking77_nllb200_translation,balance_not_updated_after_cheque_or_cash_deposit,transfer_into_account,,,,,,intent,13,59
transformer,banking77mt-ml-Mlym-30504-q0,എനിക്ക് ഏറ്റവും അടുത്തുള്ള എടിഎം എവിടെയാണ്?,ml-Mlym,banking77_nllb200_translation,atm_support,exchange_rate,,,,,,intent,11,43
transformer,banking77mt-bn-Beng-30638-q0,সেখানে একটি ডাইরেক্ট ডেবিট লেনদেন ছিল আমি মনে করি সেখানে থাকা উচিত নয়।,bn-Beng,banking77_nllb200_translation,direct_debit_payment_not_recognised,balance_not_updated_after_cheque_or_cash_deposit,,,,,,intent,19,71
transformer,banking77mt-ta-Taml-30714-q0,நீங்கள் SWIFT பரிமாற்றங்களை ஏற்றுக்கொள்கிறீர்களா?,ta-Taml,banking77_nllb200_translation,top_up_by_bank_transfer_charge,exchange_rate,,,,,,intent,14,49
transformer,banking77mt-te-Telu-30793-q0,నా ప్రకటనలో నేను గుర్తించని చెల్లింపు ఉంది,te-Telu,banking77_nllb200_translation,card_payment_not_recognised,transaction_charged_twice,,,,,,intent,14,42
transformer,banking77-en-Latn-30838-q0,I transferred some cash and it has not arrived yet.,en-Latn,banking77_english,transfer_not_received_by_recipient,balance_not_updated_after_bank_transfer,,,,,,intent,13,51
transformer,banking77mt-te-Telu-30904-q0,నేను నా కార్డును ఛార్జ్ చేయడానికి ప్రయత్నించాను కానీ అది తిరస్కరించబడింది. రెండు రోజుల క్రితం నేను దానిని ఛార్జ్ చేయగలిగాను మరియు అది అంగీకరించబడింది. ఏదో తప్పు ఉందా? మీరు నా కోసం రెట్టింపు తనిఖీ చేస్తారా?,te-Telu,banking77_nllb200_translation,top_up_failed,transaction_charged_twice,,,,,,intent,57,205
transformer,banking77mt-ta-Taml-30985-q0,நான் எப்படி என் அட்டை வேலை செய்ய முடியும்?,ta-Taml,banking77_nllb200_translation,card_not_working,activate_my_card,,,,,,intent,10,42
transformer,banking77mt-hi-Deva-31142-q0,मैंने अपना कार्ड प्राप्त किया है तो अब मुझे यह जानने की जरूरत है कि इसे ऐप में कैसे सिंक किया जाए।,hi-Deva,banking77_nllb200_translation,card_linking,activate_my_card,,,,,,intent,26,98
transformer,banking77mt-te-Telu-31143-q0,క్రియాశీలతను నాకు సహాయం దయచేసి.,te-Telu,banking77_nllb200_translation,activate_my_card,apple_pay_or_google_pay,,,,,,intent,12,31
transformer,banking77mt-hi-Deva-31159-q0,क्या हो रहा है? मैंने पहले ही 5 बार पैसे ट्रांसफर करने की कोशिश की है। क्या सिस्टम डाउन है? ऐसा नहीं होना चाहिए क्योंकि यह एक बुनियादी ट्रांसफर है।,hi-Deva,banking77_nllb200_translation,failed_transfer,transaction_charged_twice,,,,,,intent,36,147
transformer,banking77mt-ml-Mlym-31175-q0,ഒരു കച്ചവടക്കാരന് പേയ്മെന്റ് നിരസിക്കുകയാണെങ്കില് പണത്തിന് എന്ത് സംഭവിക്കും?,ml-Mlym,banking77_nllb200_translation,reverted_card_payment?,transaction_charged_twice,,,,,,intent,20,76
transformer,banking77mt-te-Telu-31270-q0,నేను విదేశాలలో మార్పిడి చేసినప్పుడు నేను సరైన మొత్తంలో నగదును పొందలేదు.,te-Telu,banking77_nllb200_translation,wrong_exchange_rate_for_cash_withdrawal,card_payment_wrong_exchange_rate,,,,,,intent,16,71
transformer,banking77mt-te-Telu-31280-q0,ఎందుకు నా వాపసు నా ప్రకటనలో కనిపించడం లేదు?,te-Telu,banking77_nllb200_translation,Refund_not_showing_up,transaction_charged_twice,,,,,,intent,16,43
transformer,banking77mt-bn-Beng-31388-q0,"কেউ আমার কার্ড চুরি করেছে, আমি এটা চুরি হয়ে গেছে বলে রিপোর্ট করতে চাই। আমি পুলিশকে রিপোর্ট করেছি, কিন্তু তোমার সাথে কিভাবে রিপোর্ট করব?",bn-Beng,banking77_nllb200_translation,lost_or_stolen_card,card_payment_not_recognised,,,,,,intent,30,136
transformer,banking77mt-bn-Beng-31554-q0,আমার জন্য বর্তমান বিনিময় হার কত?,bn-Beng,banking77_nllb200_translation,exchange_rate,card_payment_wrong_exchange_rate,,,,,,intent,9,33
transformer,banking77mt-kn-Knda-31556-q0,ನನ್ನ ಕೊನೆಯ ವರ್ಗಾವಣೆಯನ್ನು ರದ್ದುಗೊಳಿಸಿ,kn-Knda,banking77_nllb200_translation,cancel_transfer,declined_transfer,,,,,,intent,8,36
transformer,banking77mt-hi-Deva-31586-q0,"मैं इस वापसी की प्रतीक्षा कर रहा हूँ, जल्दी करो.",hi-Deva,banking77_nllb200_translation,Refund_not_showing_up,transaction_charged_twice,,,,,,intent,14,48
transformer,banking77mt-te-Telu-31619-q0,నా కార్డును స్తంభింపజేయడానికి మరియు మోసాలను పరిష్కరించడానికి నేను అనువర్తనాన్ని ఉపయోగించవచ్చా?,te-Telu,banking77_nllb200_translation,compromised_card,card_not_working,,,,,,intent,31,94
transformer,banking77mt-kn-Knda-31686-q0,ನಾನು ನನ್ನ ಪಿನ್ ಸಂಖ್ಯೆಯನ್ನು ಹೇಗೆ ಮರುಹೊಂದಿಸಬಹುದು?,kn-Knda,banking77_nllb200_translation,pin_blocked,get_physical_card,,,,,,intent,13,47
transformer,banking77-en-Latn-31691-q0,I need someone to alert me as to what's going on. I had transferred an amount but the receiver is saying that the amount is somewhat less than what I sent over. I now have to make another transfer to make up the difference.,en-Latn,banking77_english,transfer_fee_charged,balance_not_updated_after_bank_transfer,,,,,,intent,51,223
transformer,banking77mt-hi-Deva-31704-q0,पहचान सत्यापन के लिए क्या प्रदान करने की आवश्यकता है?,hi-Deva,banking77_nllb200_translation,verify_my_identity,why_verify_identity,,,,,,intent,13,53
transformer,banking77mt-ta-Taml-31763-q0,எனது கணக்கிற்கு பணம் அனுமதிக்கப்படவில்லை.,ta-Taml,banking77_nllb200_translation,beneficiary_not_allowed,card_payment_not_recognised,,,,,,intent,10,41
transformer,banking77mt-ta-Taml-31764-q0,எந்த பத்திர நாணயங்கள் உரிமம் மற்றும் பரிமாற்றத்திற்காக ஆதரிக்கப்படுகின்றன?,ta-Taml,banking77_nllb200_translation,fiat_currency_support,exchange_rate,,,,,,intent,15,74
transformer,banking77mt-te-Telu-31782-q0,నా కార్డు చెల్లింపు పని చేయలేదు ఎందుకు మీకు తెలుసా?,te-Telu,banking77_nllb200_translation,declined_card_payment,card_payment_not_recognised,,,,,,intent,15,51
transformer,banking77mt-kn-Knda-31788-q0,ಎಟಿಎಂ ನನಗೆ ಯಾಕೆ ಹಣ ಕೊಡಲಿಲ್ಲ?,kn-Knda,banking77_nllb200_translation,declined_cash_withdrawal,balance_not_updated_after_cheque_or_cash_deposit,,,,,,intent,11,28
transformer,banking77mt-hi-Deva-31844-q0,क्या आप कृपया मुझे बता सकते हैं कि मेरे स्थानांतरण पर मुझे अतिरिक्त शुल्क क्यों लिया गया था?,hi-Deva,banking77_nllb200_translation,transfer_fee_charged,card_payment_fee_charged,,,,,,intent,21,92
transformer,banking77mt-hi-Deva-31866-q0,मुझे अपने भौतिक कार्ड के साथ समस्या हो रही है।,hi-Deva,banking77_nllb200_translation,card_not_working,activate_my_card,,,,,,intent,13,46
transformer,banking77mt-ml-Mlym-31867-q0,എന് റെ അക്കൌണ്ട് നിഷ്ഫലമാക്കുകയും ചെയ്യേണമേ.,ml-Mlym,banking77_nllb200_translation,terminate_account,transaction_charged_twice,,,,,,intent,16,44
transformer,banking77mt-kn-Knda-32019-q0,ಬ್ಯಾಂಕ್ ಕಾರ್ಡ್ ಬಳಸಿಕೊಂಡು ಟಾಪ್ ಅಪ್ ಮಾಡುವುದು ಸರಿಯೇ?,kn-Knda,banking77_nllb200_translation,top_up_by_card_charge,apple_pay_or_google_pay,,,,,,intent,11,49
transformer,banking77-en-Latn-32041-q0,"I need to add more funds to my card today because it keeps being declined, and I need to use it immediately. Can you fix this or tell me alternatives?",en-Latn,banking77_english,top_up_failed,card_payment_not_recognised,,,,,,intent,35,150
transformer,banking77mt-hi-Deva-32045-q0,मेरी पहचान सत्यापन प्रक्रिया काम क्यों नहीं कर रही है?,hi-Deva,banking77_nllb200_translation,unable_to_verify_identity,why_verify_identity,,,,,,intent,13,54
transformer,banking77mt-kn-Knda-32108-q0,ನಗದು ಠೇವಣಿಯೊಂದಿಗೆ ನಾನು ಹೇಗೆ ಟಾಪ್ ಅಪ್ ಪಡೆಯಬಹುದು,kn-Knda,banking77_nllb200_translation,top_up_by_cash_or_cheque,transfer_into_account,,,,,,intent,10,46
transformer,banking77mt-kn-Knda-32151-q0,ನನ್ನ ವರ್ಚುವಲ್ ಕಾರ್ಡ್ನಿಂದ ನಾನು ಖರೀದಿಗಳನ್ನು ಮಾಡಲು ಸಾಧ್ಯವಿಲ್ಲ.,kn-Knda,banking77_nllb200_translation,virtual_card_not_working,activate_my_card,,,,,,intent,15,59
transformer,banking77mt-hi-Deva-32238-q0,मुझे अपनी पहचान सत्यापित करने की आवश्यकता है,hi-Deva,banking77_nllb200_translation,verify_my_identity,why_verify_identity,,,,,,intent,11,44
transformer,banking77mt-kn-Knda-32359-q0,ನನ್ನ ಗೂಗಲ್ ಪೇ ಅಪ್ ಕೆಲಸ ಮಾಡುವುದಿಲ್ಲ.,kn-Knda,banking77_nllb200_translation,apple_pay_or_google_pay,top_up_failed,,,,,,intent,10,35
transformer,banking77mt-kn-Knda-32369-q0,ನನ್ನ ಕಾರ್ಡಿನ ಅವಧಿ ಮುಗಿಯುತ್ತಿದ್ದರೆ ಮುಂದಿನ ಹೆಜ್ಜೆ ಏನು?,kn-Knda,banking77_nllb200_translation,card_about_to_expire,card_arrival,,,,,,intent,15,52
transformer,banking77-en-Latn-32383-q0,"Why did the person I transferred money to not receive the correct amount? What should I do to get them the right amount, do I have to transfer more money to them?",en-Latn,banking77_english,transfer_fee_charged,balance_not_updated_after_bank_transfer,,,,,,intent,37,162
transformer,banking77mt-te-Telu-32406-q0,మాస్టర్ కార్డ్ నా ఇష్టమైన సంస్థ.,te-Telu,banking77_nllb200_translation,visa_or_mastercard,getting_spare_card,,,,,,intent,10,32
transformer,banking77mt-hi-Deva-32407-q0,किसी और ने मेरे खाते का उपयोग किया और भुगतान किया।,hi-Deva,banking77_nllb200_translation,card_payment_not_recognised,transaction_charged_twice,,,,,,intent,14,50
transformer,banking77mt-te-Telu-32425-q0,"హలో, నేను ప్రస్తుతం ఎదుర్కొంటున్న సమస్య గురించి మీకు తెలియజేయాలనుకుంటున్నాను. మీ వెబ్సైట్ నుండి నేను ఆర్డర్ చేసిన వస్తువులు ఇంకా రాలేదు; ఇది 3 వారాలకు పైగా ఉంది. నాకు త్వరగా వాపసు ఇవ్వాలని మరియు మరింత సమర్థులైన వ్యక్తుల వద్దకు మళ్ళించాలని నేను కోరుకుంటున్నాను. మీ సహాయం కోసం ధన్యవాదాలు.",te-Telu,banking77_nllb200_translation,request_refund,pending_card_payment,,,,,,intent,73,286
transformer,banking77-en-Latn-32446-q0,Why was I charged multiple times for the same thing?,en-Latn,banking77_english,transaction_charged_twice,card_payment_fee_charged,,,,,,intent,13,52
transformer,banking77mt-te-Telu-32587-q0,"నేను ఒక పునర్వినియోగ వర్చువల్ కార్డ్ ఏమి అర్థం లేదు, మీరు సహాయం చేయవచ్చు?",te-Telu,banking77_nllb200_translation,get_disposable_virtual_card,activate_my_card,,,,,,intent,22,73
transformer,banking77mt-ml-Mlym-32738-q0,"എനിക്ക് കിട്ടിയത് 20 ഡോളര് മാത്രമാണ്, പക്ഷെ ഞാന് 100 ഡോളര് ആവശ്യപ്പെട്ടു.",ml-Mlym,banking77_nllb200_translation,wrong_amount_of_cash_received,card_payment_fee_charged,,,,,,intent,16,73
transformer,banking77-en-Latn-32801-q0,I put money into my account for the minimum balance but the application didn't accept.,en-Latn,banking77_english,top_up_reverted,balance_not_updated_after_cheque_or_cash_deposit,,,,,,intent,20,86
transformer,banking77mt-hi-Deva-32827-q0,मेरा स्थानांतरण काम नहीं किया! मदद!,hi-Deva,banking77_nllb200_translation,failed_transfer,balance_not_updated_after_bank_transfer,,,,,,intent,10,35
transformer,banking77-en-Latn-32885-q0,Is there a fee for withdrawing cash?,en-Latn,banking77_english,cash_withdrawal_charge,card_payment_fee_charged,,,,,,intent,11,36
transformer,banking77mt-ta-Taml-32991-q0,"நான் முன்பு ஒரு ஏடிஎம் இருந்து சில பணம் கிடைத்தது ஆனால் இந்த பயன்பாட்டில் நிலுவையில் காண்பிக்கப்படுகிறது. எப்படி இது இன்னும் நிலுவையில் இருக்க முடியும், நான் ஏற்கனவே பணம் கிடைத்தது?",ta-Taml,banking77_nllb200_translation,pending_cash_withdrawal,balance_not_updated_after_cheque_or_cash_deposit,,,,,,intent,33,181
transformer,banking77mt-te-Telu-33029-q0,నా ఎటిఎం ఉపసంహరణ రద్దు చేయబడింది,te-Telu,banking77_nllb200_translation,declined_cash_withdrawal,balance_not_updated_after_cheque_or_cash_deposit,,,,,,intent,12,32
transformer,banking77mt-ml-Mlym-33148-q0,എന്തിന് എന്റെ റീപ്അപ്പ് പോയില്ല എന്ന് പറയൂ?,ml-Mlym,banking77_nllb200_translation,top_up_failed,top_up_reverted,,,,,,intent,15,43
transformer,banking77mt-ml-Mlym-33230-q0,എവിടെയാണ് എനിക്ക് ഒരു ചെക്ക് ഡെപ്പോസിറ്റ് ചെയ്യാനാവുക?,ml-Mlym,banking77_nllb200_translation,top_up_by_cash_or_cheque,wrong_exchange_rate_for_cash_withdrawal,,,,,,intent,15,54
transformer,banking77mt-te-Telu-33283-q0,ఎందుకు నా కార్డు ఏ లావాదేవీలు అంగీకరించదు?,te-Telu,banking77_nllb200_translation,card_not_working,card_payment_not_recognised,,,,,,intent,18,42
transformer,banking77-en-Latn-33324-q0,I was told I would be getting a refund but I have yet to see it,en-Latn,banking77_english,Refund_not_showing_up,request_refund,,,,,,intent,18,63
transformer,banking77-en-Latn-33497-q0,Where did my money go? I'm not able to withdraw it from my ATM.,en-Latn,banking77_english,declined_cash_withdrawal,balance_not_updated_after_cheque_or_cash_deposit,,,,,,intent,20,63
transformer,banking77mt-bn-Beng-33513-q0,আমি আমার কার্ড ব্যবহার করে রিচার্জ করার চেষ্টা করেছি কিন্তু সব টাকা অদৃশ্য হয়ে গেছে।,bn-Beng,banking77_nllb200_translation,topping_up_by_card,transaction_charged_twice,,,,,,intent,19,85
transformer,banking77mt-te-Telu-33561-q0,"నేను నిధులను నింపడానికి ప్రయత్నించాను కానీ నా నిధులు పెండింగ్లో ఉన్నట్లు అనిపిస్తున్నాయి. నేను ఇప్పుడు ఏదో కొనాలనుకుంటున్నాను, నేను ఏమి చేయాలి?",te-Telu,banking77_nllb200_translation,pending_top_up,balance_not_updated_after_bank_transfer,,,,,,intent,36,143
transformer,banking77mt-hi-Deva-33860-q0,क्या आप SWIFT ट्रांसफर करते हैं?,hi-Deva,banking77_nllb200_translation,top_up_by_bank_transfer_charge,receiving_money,,,,,,intent,11,32
transformer,banking77mt-hi-Deva-33866-q0,मेरा कार्ड अब काम क्यों नहीं कर रहा है?,hi-Deva,banking77_nllb200_translation,card_not_working,card_arrival,,,,,,intent,12,39
transformer,banking77mt-bn-Beng-33907-q0,গতকাল আমার কার্ড হারিয়ে যাওয়ার পর আমি কিভাবে কাউকে আমার কার্ড ব্যবহার করতে বাধা দিতে পারি?,bn-Beng,banking77_nllb200_translation,lost_or_stolen_phone,card_not_working,,,,,,intent,19,92
transformer,banking77mt-te-Telu-33911-q0,"నేను విదేశాలలో ఉంటే, నా పిన్ను ఎలా మార్చగలను?",te-Telu,banking77_nllb200_translation,change_pin,get_physical_card,,,,,,intent,16,45
transformer,banking77mt-te-Telu-34009-q0,నా టాప్ అప్ కార్డు కోసం ధృవీకరణ కోడ్ ఏమిటి?,te-Telu,banking77_nllb200_translation,verify_top_up,why_verify_identity,,,,,,intent,14,43
transformer,banking77mt-te-Telu-34035-q0,నేను నా టాప్ అప్ పూర్తి చేయడానికి ఎలా?,te-Telu,banking77_nllb200_translation,pending_top_up,top_up_failed,,,,,,intent,10,38
transformer,banking77mt-ml-Mlym-34107-q0,"ഞാന് ഒരു ട്രാൻസ്ഫര് ചെയ്യാന് ശ്രമിച്ചു, പക്ഷെ അത് നിരസിക്കപ്പെട്ടു.",ml-Mlym,banking77_nllb200_translation,declined_transfer,balance_not_updated_after_bank_transfer,,,,,,intent,16,67
transformer,banking77mt-ta-Taml-34140-q0,எனது அட்டை ஏன் நிராகரிக்கப்பட்டது என்பதை தயவுசெய்து விளக்குங்கள்.,ta-Taml,banking77_nllb200_translation,declined_card_payment,card_payment_not_recognised,,,,,,intent,16,65
transformer,banking77mt-bn-Beng-34193-q0,"ট্রান্সফার ব্যর্থ হচ্ছে - আমি আজ সকালে বন্ধুদের কাছে কিছু টাকা ট্রান্সফার করার চেষ্টা করেছি কিন্তু এটা কোন কারণে প্রত্যাখ্যান হচ্ছে, আমার কোন ধারণা নেই কেন",bn-Beng,banking77_nllb200_translation,failed_transfer,balance_not_updated_after_bank_transfer,,,,,,intent,29,155
transformer,banking77mt-kn-Knda-34197-q0,ನನ್ನ ಫಲಾನುಭವಿ ನನ್ನ ವರ್ಗಾವಣೆಯನ್ನು ಸ್ವೀಕರಿಸಲಿಲ್ಲ.,kn-Knda,banking77_nllb200_translation,beneficiary_not_allowed,balance_not_updated_after_bank_transfer,,,,,,intent,16,47
transformer,banking77mt-te-Telu-34223-q0,నేను ఒక కొత్త పిన్ నంబర్ అవసరం.,te-Telu,banking77_nllb200_translation,pin_blocked,get_physical_card,,,,,,intent,9,31
transformer,banking77mt-ta-Taml-34238-q0,வேறு கணக்கிற்கு மாற்ற முடியவில்லை.,ta-Taml,banking77_nllb200_translation,beneficiary_not_allowed,edit_personal_details,,,,,,intent,9,34
transformer,banking77mt-bn-Beng-34325-q0,অ্যাপ্লিকেশনে লেখা আছে যে আমি এটিএম থেকে নগদ নিয়েছি কিন্তু আমি তা করিনি।,bn-Beng,banking77_nllb200_translation,cash_withdrawal_not_recognised,balance_not_updated_after_cheque_or_cash_deposit,,,,,,intent,18,73
transformer,banking77mt-te-Telu-34349-q0,డబ్బు అందుకున్నందుకు ఎలాంటి ఛార్జీలు వస్తాయి?,te-Telu,banking77_nllb200_translation,top_up_by_bank_transfer_charge,card_payment_fee_charged,,,,,,intent,11,45
transformer,banking77mt-bn-Beng-34417-q0,"আমার মনে হয় কিছু একটা ভুল হয়েছে, আমি সঠিক পরিমাণ পাইনি।",bn-Beng,banking77_nllb200_translation,wrong_amount_of_cash_received,get_physical_card,,,,,,intent,15,57
transformer,banking77mt-ta-Taml-34482-q0,நான் ஒரு பயனாளிக்கு பணத்தை மாற்றுவதில் சிக்கல் உள்ளது.,ta-Taml,banking77_nllb200_translation,beneficiary_not_allowed,balance_not_updated_after_bank_transfer,,,,,,intent,14,54
transformer,banking77-en-Latn-34559-q0,What do you need for my identity check?,en-Latn,banking77_english,verify_my_identity,why_verify_identity,,,,,,intent,11,39
transformer,banking77mt-bn-Beng-34670-q0,এটিএম আমার কার্ড ফেরত দিতে চায় না,bn-Beng,banking77_nllb200_translation,card_swallowed,card_payment_not_recognised,,,,,,intent,9,34
transformer,banking77mt-kn-Knda-34732-q0,ದಯವಿಟ್ಟು ನನ್ನ ಟಾಪ್-ಅಪ್ ಪರಿಶೀಲನಾ ಕೋಡ್ ಅನ್ನು ಹುಡುಕಲು ನನಗೆ ಸಹಾಯ ಮಾಡಿ,kn-Knda,banking77_nllb200_translation,verify_top_up,edit_personal_details,,,,,,intent,20,65
transformer,banking77mt-bn-Beng-34746-q0,আমার মনে হয় আমার কার্ড নষ্ট হয়ে গেছে?,bn-Beng,banking77_nllb200_translation,card_not_working,card_arrival,,,,,,intent,11,39
transformer,banking77mt-ta-Taml-34747-q0,எனது அட்டையைப் பெற்ற பிறகு நான் எப்படி தொடங்குவது?,ta-Taml,banking77_nllb200_translation,get_physical_card,activate_my_card,,,,,,intent,12,50
transformer,banking77mt-ml-Mlym-34792-q0,"ഞാന് ഒരു സാധനം വാങ്ങിയിട്ടുണ്ട്, പേയ്മെന്റ് അവസാനിപ്പിക്കണമെന്നുണ്ട്, സാധനം അയച്ചിട്ടുണ്ടോ എന്ന് പറയാമോ?",ml-Mlym,banking77_nllb200_translation,request_refund,pending_card_payment,,,,,,intent,29,104
transformer,banking77mt-kn-Knda-34897-q0,"ನಾನು ಫಿಯಟ್ ಕರೆನ್ಸಿಗಳನ್ನು ಬಳಸಲು ಆಸಕ್ತಿ ಹೊಂದಿದ್ದೇನೆ, ನೀವು ಯಾವುದನ್ನು ಬೆಂಬಲಿಸುತ್ತೀರಿ?",kn-Knda,banking77_nllb200_translation,fiat_currency_support,exchange_rate,,,,,,intent,21,81
transformer,banking77mt-kn-Knda-34933-q0,ಬೇರೊಬ್ಬರು ನನ್ನ ಕಾರ್ಡ್ ಬಳಸಿದ್ದಾರೆ!,kn-Knda,banking77_nllb200_translation,compromised_card,card_arrival,,,,,,intent,10,33
transformer,banking77mt-te-Telu-34938-q0,చాలా సార్లు తప్పుగా నమోదు చేసిన తర్వాత నా పిన్ను ఎలా అన్బ్లాక్ చేయాలి?,te-Telu,banking77_nllb200_translation,pin_blocked,get_physical_card,,,,,,intent,19,70
transformer,banking77mt-kn-Knda-34961-q0,ಆಟೋ ಟಾಪ್ ಅಪ್ ಆಯ್ಕೆಯು ಎಲ್ಲಿದೆ?,kn-Knda,banking77_nllb200_translation,automatic_top_up,apple_pay_or_google_pay,,,,,,intent,10,29
transformer,banking77-en-Latn-35048-q0,Is it possible to have more than one disposable card?,en-Latn,banking77_english,disposable_card_limits,getting_spare_card,,,,,,intent,16,53
transformer,banking77mt-ta-Taml-35131-q0,எவ்வளவு நேரம் அது என் கணக்கில் பணம் தோன்றும் எடுக்கும்?,ta-Taml,banking77_nllb200_translation,transfer_timing,balance_not_updated_after_bank_transfer,,,,,,intent,11,55
transformer,banking77mt-kn-Knda-35137-q0,ನನ್ನ ಕಾರ್ಡನ್ನು ಕಂಡುಕೊಂಡಿದ್ದಾರೆ. ನಾನು ಅದನ್ನು ಮತ್ತೆ ಅಪ್ಲಿಕೇಶನ್ಗೆ ಹಾಕಲು ಯಾವುದೇ ಮಾರ್ಗವಿದೆಯೇ?,kn-Knda,banking77_nllb200_translation,card_linking,activate_my_card,,,,,,intent,19,88
transformer,banking77mt-te-Telu-35170-q0,నా జేబు దొంగిలించబడింది మరియు నేను నా ఖాతా ఇప్పటికే ఒక ఉపసంహరణ ఉంది చూడండి. మీరు నాకు సహాయం చెయ్యవచ్చు దయచేసి.,te-Telu,banking77_nllb200_translation,cash_withdrawal_not_recognised,balance_not_updated_after_cheque_or_cash_deposit,,,,,,intent,35,110
transformer,banking77mt-hi-Deva-35199-q0,मैं कार्ड भुगतान की पहचान नहीं कर रहा हूँ।,hi-Deva,banking77_nllb200_translation,card_payment_not_recognised,get_physical_card,,,,,,intent,12,42
transformer,banking77mt-bn-Beng-35203-q0,"আমার অ্যাকাউন্টে একটা অতিরিক্ত চার্জ আছে যা আমি অনুমোদন করিনি, এটা মাত্র ১ পাউন্ড, এটা কি?",bn-Beng,banking77_nllb200_translation,extra_charge_on_statement,card_payment_fee_charged,,,,,,intent,22,90
transformer,banking77mt-ml-Mlym-35228-q0,ഞാനൊരു തെറ്റായ തുകയാണ് അടച്ചത്. തെറ്റു തിരുത്താൻ എന്നെ സഹായിക്കാമോ?,ml-Mlym,banking77_nllb200_translation,cancel_transfer,balance_not_updated_after_cheque_or_cash_deposit,,,,,,intent,21,67
transformer,banking77mt-hi-Deva-35282-q0,यह मुझे अपनी पहचान सत्यापित करने की अनुमति नहीं देता है।,hi-Deva,banking77_nllb200_translation,unable_to_verify_identity,why_verify_identity,,,,,,intent,15,56
transformer,banking77mt-hi-Deva-35283-q0,"क्या मुझे एक कार्ड मिल सकता है, भले ही मैं यूके में नहीं हूँ?",hi-Deva,banking77_nllb200_translation,country_support,getting_spare_card,,,,,,intent,18,61
transformer,banking77mt-hi-Deva-35321-q0,"मैं अपने कार्ड का उपयोग करके एटीएम से कुछ नकदी निकालना चाहता हूँ लेकिन मैं कोई शुल्क नहीं लेना चाहता। मैंने पहले बिना शुल्क के कुछ पैसे निकाले हैं, लेकिन हाल ही में मुझे शुल्क लिया जा रहा है। क्यों?",hi-Deva,banking77_nllb200_translation,cash_withdrawal_charge,card_payment_fee_charged,,,,,,intent,46,198
transformer,banking77mt-hi-Deva-35352-q0,"जैसा कि मैंने दो बार जाँच की कि मेरे पास सही खाता विवरण है जो मैंने प्रस्तुत किया है, वे निश्चित रूप से सही हैं। स्थानांतरण अभी भी लंबित है।",hi-Deva,banking77_nllb200_translation,pending_transfer,balance_not_updated_after_bank_transfer,,,,,,intent,35,140
transformer,banking77mt-ml-Mlym-35354-q0,എന്തിന് എന്റെ പ്രസ്താവനയില് ഒരു പൌണ്ട് അധിക ചാർജ്ജ് കാണുന്നു?,ml-Mlym,banking77_nllb200_translation,extra_charge_on_statement,card_payment_fee_charged,,,,,,intent,14,61
transformer,banking77mt-kn-Knda-35375-q0,ವರ್ಗಾವಣೆ ಹೇಗೆ ಕೆಲಸ ಮಾಡುತ್ತದೆ?,kn-Knda,banking77_nllb200_translation,transfer_into_account,transfer_timing,,,,,,intent,7,29
transformer,banking77mt-hi-Deva-35439-q0,मुझे लगता है कि मेरा कार्ड किसी और ने इस्तेमाल किया है क्योंकि मैं उस छोटे से शहर में कभी नहीं था जहां से इस बिल पर कुछ लेनदेन आए हैं। कृपया इसे तुरंत रोकें।,hi-Deva,banking77_nllb200_translation,compromised_card,transaction_charged_twice,,,,,,intent,40,157
transformer,banking77mt-hi-Deva-35488-q0,मेरे ट्रांसफर में इतना समय क्यों लग रहा है. मुझे लगा कि अगर मैं किसी को ट्रांसफर कर दूं तो सिर्फ एक दिन लगेगा. क्या आप जानते हैं कि क्या गलत हुआ?,hi-Deva,banking77_nllb200_translation,transfer_not_received_by_recipient,balance_not_updated_after_bank_transfer,,,,,,intent,38,145
transformer,banking77mt-ml-Mlym-35622-q0,ഇന്ന് എടിഎമ്മിൽ നിന്നും തെറ്റായ തുക എടുത്തിരുന്നു. ആപ്ലിക്കേഷന് നോക്കിയപ്പോള് അത് കൂടുതല് കാണിക്കുന്നുണ്ടായിരുന്നു.,ml-Mlym,banking77_nllb200_translation,wrong_amount_of_cash_received,balance_not_updated_after_cheque_or_cash_deposit,,,,,,intent,26,115
transformer,banking77mt-ml-Mlym-35625-q0,"ഒരു വലിയ വാങ്ങലിന്റെ റീഫണ്ട് ഇപ്പോഴും എന്റെ അക്കൌണ്ടിൽ ക്രെഡിറ്റ് ചെയ്തിട്ടില്ലെന്ന് ഞാൻ ശ്രദ്ധിക്കുന്നു. കുറച്ച് ദിവസങ്ങൾക്ക് മുമ്പ് ഞാൻ വ്യാപാരിയുമായി ബന്ധപ്പെട്ടു, അത് ഉടൻ തന്നെ സമർപ്പിക്കുമെന്ന് അദ്ദേഹം എനിക്ക് ഉറപ്പ് നൽകി. ഒരു സ്റ്റാറ്റസ് അപ്ഡേറ്റ് ഉണ്ടോ?",ml-Mlym,banking77_nllb200_translation,Refund_not_showing_up,transaction_charged_twice,,,,,,intent,55,260
transformer,banking77mt-te-Telu-35787-q0,కరెన్సీ మార్పిడి ఎంత ఖర్చవుతుంది?,te-Telu,banking77_nllb200_translation,exchange_charge,exchange_rate,,,,,,intent,13,33
transformer,banking77-en-Latn-35796-q0,can i verify my identity i the app,en-Latn,banking77_english,verify_my_identity,why_verify_identity,,,,,,intent,10,34
transformer,banking77mt-ta-Taml-35939-q0,யூரோவின் மாற்று விகிதம் என்ன?,ta-Taml,banking77_nllb200_translation,exchange_rate,card_payment_wrong_exchange_rate,,,,,,intent,8,29
transformer,banking77mt-bn-Beng-36008-q0,আমার অ্যাকাউন্টে টাকা পৌঁছাতে কত সময় লাগবে?,bn-Beng,banking77_nllb200_translation,balance_not_updated_after_bank_transfer,transfer_into_account,,,,,,intent,11,44
transformer,banking77mt-hi-Deva-36025-q0,क्या आपने नकद निकासी के लिए शुल्क लेना शुरू कर दिया है? मैंने हमेशा सोचा था कि यह मुफ़्त है जब तक कि मैंने यह शुल्क नहीं देखा। शुल्क कितना है?,hi-Deva,banking77_nllb200_translation,cash_withdrawal_charge,card_payment_fee_charged,,,,,,intent,38,142
transformer,banking77-en-Latn-36093-q0,My transfer is pending too long.,en-Latn,banking77_english,balance_not_updated_after_bank_transfer,pending_transfer,,,,,,intent,9,32
transformer,banking77mt-ta-Taml-36116-q0,"வணக்கம், எனது பணம் எனது வாங்குதலுக்காக சென்றது ஆனால் இப்போது விற்பனையாளரிடமிருந்து அவர்கள் அதைப் பெறவில்லை என்று குறிப்பிட்டு தொடர்பு கொண்டேன். பின்னர் பணம் எனது கணக்கிற்கு திருப்பித் தரப்பட்டது, இது ஏன் நடந்தது என்று எனக்குத் தெரியவில்லை. எனவே நீங்கள் இந்த சிக்கலை தீர்க்க முடிந்தால் தயவுசெய்து.",ta-Taml,banking77_nllb200_translation,reverted_card_payment?,transaction_charged_twice,,,,,,intent,54,296
transformer,banking77mt-te-Telu-36129-q0,ఏ కార్డులు మరియు ఏ కరెన్సీ మద్దతు ఇస్తుందో నాకు చెప్పండి.,te-Telu,banking77_nllb200_translation,supported_cards_and_currencies,fiat_currency_support,,,,,,intent,21,57
transformer,banking77-en-Latn-36213-q0,The ATM machine ate my card.,en-Latn,banking77_english,card_swallowed,activate_my_card,,,,,,intent,9,28
transformer,banking77mt-ta-Taml-36243-q0,"சமீபத்திய இடமாற்றத்தை ரத்து செய்ய ஏதேனும் வழி இருக்கிறதா? நான் அதை செய்ய விரும்பவில்லை, அது செல்லாது என்பதை உறுதிப்படுத்த வேண்டும்.",ta-Taml,banking77_nllb200_translation,cancel_transfer,declined_transfer,,,,,,intent,25,131
transformer,banking77-en-Latn-36248-q0,Why is there a fee for cash withdrawal?,en-Latn,banking77_english,cash_withdrawal_charge,card_payment_fee_charged,,,,,,intent,11,39
transformer,banking77mt-te-Telu-36285-q0,"డబ్బును జోడించడానికి, మీరు ఏ కరెన్సీలను అంగీకరిస్తారు?",te-Telu,banking77_nllb200_translation,supported_cards_and_currencies,exchange_rate,,,,,,intent,21,54
transformer,banking77-en-Latn-36369-q0,"If my card payment is cancelled, what should I do?",en-Latn,banking77_english,reverted_card_payment?,card_payment_not_recognised,,,,,,intent,14,50
transformer,banking77mt-hi-Deva-36406-q0,यदि मैं कार्ड से भरता हूँ तो क्या तुम मुझसे शुल्क लेोगे?,hi-Deva,banking77_nllb200_translation,top_up_by_card_charge,card_payment_fee_charged,,,,,,intent,16,56
transformer,banking77mt-ml-Mlym-36497-q0,എന്റെ പ്രസ്താവനയില് ഒരു യൂറോയുടെ അധിക ഫീസ് ഉണ്ടായിരുന്നു.,ml-Mlym,banking77_nllb200_translation,extra_charge_on_statement,card_payment_fee_charged,,,,,,intent,12,57
transformer,banking77mt-ta-Taml-36566-q0,நான் முன்பு ஒரு இடமாற்றம் செய்தேன் ஆனால் அது செல்ல முடியவில்லை என்று பார்க்க.,ta-Taml,banking77_nllb200_translation,failed_transfer,balance_not_updated_after_bank_transfer,,,,,,intent,14,77
transformer,banking77mt-kn-Knda-36584-q0,ಯಾರೋ ನನ್ನ ಕಾರ್ಡ್ಗೆ ಪ್ರವೇಶವನ್ನು ಹೊಂದಿರಬಹುದು.,kn-Knda,banking77_nllb200_translation,compromised_card,activate_my_card,,,,,,intent,9,43
transformer,banking77mt-hi-Deva-36592-q0,मैं अभी कुछ टिकटों के लिए ऑनलाइन खरीदारी कर रहा था और आपके द्वारा भुगतान अस्वीकार कर दिया गया था। ऐसा क्यों हुआ है? मुझे यकीन है कि मेरे खाते में सही राशि है।,hi-Deva,banking77_nllb200_translation,declined_card_payment,transaction_charged_twice,,,,,,intent,40,158
transformer,banking77mt-te-Telu-36618-q0,"నేను ముందు ఎటిఎం నుండి తీసుకున్న నగదు కోసం లావాదేవీ అప్లికేషన్ లో పెండింగ్లో ఉంది, కానీ నేను ఇప్పటికే నగదు కలిగి ఉంటే?",te-Telu,banking77_nllb200_translation,pending_cash_withdrawal,balance_not_updated_after_cheque_or_cash_deposit,,,,,,intent,32,118
transformer,banking77-en-Latn-36668-q0,I was made to pay an additional pound!,en-Latn,banking77_english,extra_charge_on_statement,card_payment_fee_charged,,,,,,intent,11,38
transformer,banking77mt-ta-Taml-36700-q0,வெளிநாட்டில் விடுமுறையில் இருக்கும்போது எனது அட்டையைப் பயன்படுத்தலாமா?,ta-Taml,banking77_nllb200_translation,card_acceptance,getting_spare_card,,,,,,intent,12,70
transformer,banking77mt-te-Telu-36702-q0,నేను నా ప్రకటన చూసారు మరియు ఒక చెల్లింపు దొరకలేదు నేను మరియు ఒక తప్పు దొరకలేదు.,te-Telu,banking77_nllb200_translation,card_payment_not_recognised,transaction_charged_twice,,,,,,intent,24,79
transformer,banking77mt-te-Telu-36776-q0,నా ప్రకటన నా వాపసు చూపించలేదు.,te-Telu,banking77_nllb200_translation,Refund_not_showing_up,transaction_charged_twice,,,,,,intent,13,30
transformer,banking77mt-te-Telu-36873-q0,"నేను ఈ రోజు ఎటిఎం నుండి డబ్బును ఉపసంహరించుకున్నాను, ఇప్పుడు నా ఖాతా నేను ఉపసంహరించుకున్న దానికంటే భిన్నమైన మొత్తాన్ని చూపిస్తుంది. ఎటిఎం నాకు ఇచ్చిన మొత్తాన్ని నేను తనిఖీ చేసాను, మరియు అది నాకు తప్పు మొత్తాన్ని ఇచ్చింది. దీన్ని పరిష్కరించడానికి నేను చేయగలిగే ఉత్తమమైన పని ఏమిటి?",te-Telu,banking77_nllb200_translation,wrong_amount_of_cash_received,balance_not_updated_after_cheque_or_cash_deposit,,,,,,intent,68,278
transformer,banking77mt-ml-Mlym-36889-q0,എന്റെ സ്ഥലം മാറ്റം എപ്പോഴാണ് അവസാനിക്കുന്നത്?,ml-Mlym,banking77_nllb200_translation,pending_transfer,balance_not_updated_after_bank_transfer,,,,,,intent,9,45
transformer,banking77mt-bn-Beng-36893-q0,কেন আমি টাকা তুলতে পারছি না?,bn-Beng,banking77_nllb200_translation,declined_cash_withdrawal,transaction_charged_twice,,,,,,intent,9,28
transformer,banking77mt-kn-Knda-36894-q0,ನಾನು ವರ್ಗಾವಣೆ ಮಾಡಿದ್ದೇನೆ ಆದರೆ ಅದು ಇನ್ನೂ ಬಾಕಿಯಿದೆ,kn-Knda,banking77_nllb200_translation,pending_transfer,balance_not_updated_after_bank_transfer,,,,,,intent,11,48
transformer,banking77mt-kn-Knda-36922-q0,ನನ್ನ ಟಾಪ್ ಅಪ್ ಏಕೆ ಇನ್ನೂ ಬಾಕಿ ಇದೆ?,kn-Knda,banking77_nllb200_translation,pending_top_up,top_up_failed,,,,,,intent,10,33
transformer,banking77mt-bn-Beng-37063-q0,আমি একটি ডাইরেক্ট ডেবিট দেখছি যা আমি জানতাম না।,bn-Beng,banking77_nllb200_translation,direct_debit_payment_not_recognised,balance_not_updated_after_cheque_or_cash_deposit,,,,,,intent,16,47
transformer,banking77mt-te-Telu-37183-q0,నా కార్డు త్వరలోనే గడువు ముగియనుంది.,te-Telu,banking77_nllb200_translation,card_about_to_expire,card_arrival,,,,,,intent,13,36
transformer,banking77mt-bn-Beng-37220-q0,আমেরিকান কার্ডের জন্য কি সর্বোচ্চ চার্জ আছে?,bn-Beng,banking77_nllb200_translation,top_up_by_card_charge,card_payment_fee_charged,,,,,,intent,10,44
transformer,banking77-en-Latn-37239-q0,How long will it take to arrive?,en-Latn,banking77_english,card_delivery_estimate,country_support,,,,,,intent,10,32
transformer,banking77mt-ta-Taml-37242-q0,"என் கார்டு காலாவதியான தேதி உள்ளது, நீங்கள் தானாக ஒரு புதிய அனுப்ப வேண்டும்?",ta-Taml,banking77_nllb200_translation,card_about_to_expire,card_arrival,,,,,,intent,17,75
transformer,banking77mt-ml-Mlym-37323-q0,എവിടെയെങ്കിലും എന്റെ കാർഡ് കിട്ടുമോ?,ml-Mlym,banking77_nllb200_translation,order_physical_card,activate_my_card,,,,,,intent,10,36
transformer,banking77-en-Latn-37334-q0,How long before a check I send clears?,en-Latn,banking77_english,top_up_by_cash_or_cheque,balance_not_updated_after_cheque_or_cash_deposit,,,,,,intent,12,38
transformer,banking77mt-te-Telu-37471-q0,నా ఖాతాకు డబ్బు ఎప్పుడు తిరిగి వస్తుంది?,te-Telu,banking77_nllb200_translation,Refund_not_showing_up,balance_not_updated_after_bank_transfer,,,,,,intent,11,40
transformer,banking77mt-ml-Mlym-37575-q0,എനിക്ക് എന്റെ കാർഡ് കിട്ടുന്നില്ല.,ml-Mlym,banking77_nllb200_translation,lost_or_stolen_card,card_arrival,,,,,,intent,8,34
transformer,banking77mt-bn-Beng-37604-q0,কবে আমি ভার্চুয়াল কার্ড পাবো?,bn-Beng,banking77_nllb200_translation,getting_virtual_card,activate_my_card,,,,,,intent,9,30
transformer,banking77mt-te-Telu-37610-q0,నేను ఒక అంశం వాపసు పొందవచ్చు ఉంటే అది ఇష్టం,te-Telu,banking77_nllb200_translation,request_refund,transaction_charged_twice,,,,,,intent,13,43
transformer,banking77mt-kn-Knda-37614-q0,ವಿನಿಮಯ ಮತ್ತು ಹಿಡುವಳಿ ಎರಡಕ್ಕೂ ಬೆಂಬಲಿಸುವ ಎಲ್ಲಾ ಫಿಯೆಟ್ ಕರೆನ್ಸಿಗಳು ಯಾವುವು?,kn-Knda,banking77_nllb200_translation,fiat_currency_support,exchange_rate,,,,,,intent,20,70
transformer,banking77-en-Latn-37645-q0,Hoe do i use my credit card to transfer money?,en-Latn,banking77_english,topping_up_by_card,getting_spare_card,,,,,,intent,14,46
transformer,banking77mt-te-Telu-37745-q0,ఎందుకు నా పాస్కోడ్ పనిచేయదు?,te-Telu,banking77_nllb200_translation,passcode_forgotten,get_physical_card,,,,,,intent,12,28
transformer,banking77mt-bn-Beng-37770-q0,আমি অন্য অ্যাকাউন্টে কেন ট্রান্সফার করতে পারছি না?,bn-Beng,banking77_nllb200_translation,beneficiary_not_allowed,balance_not_updated_after_bank_transfer,,,,,,intent,12,50
transformer,banking77mt-kn-Knda-37816-q0,ನಾನು ಸ್ಥಾಪಿಸದ ಡೈರೆಕ್ಟ್ ಡೆಬಿಟ್ ಬಗ್ಗೆ ನಾನು ಏನು ಮಾಡಬೇಕು?,kn-Knda,banking77_nllb200_translation,direct_debit_payment_not_recognised,transaction_charged_twice,,,,,,intent,16,53
transformer,banking77-en-Latn-37906-q0,My beneficiary didn't receive my transfer,en-Latn,banking77_english,beneficiary_not_allowed,balance_not_updated_after_bank_transfer,,,,,,intent,13,41
transformer,banking77-en-Latn-37946-q0,Why was my atm withdrawl declined,en-Latn,banking77_english,declined_cash_withdrawal,balance_not_updated_after_cheque_or_cash_deposit,,,,,,intent,9,33
transformer,banking77mt-ta-Taml-38053-q0,ஒற்றை பயன்பாட்டு அட்டைகளுக்கு என்ன மாதிரியான கட்டுப்பாடுகள் உள்ளன?,ta-Taml,banking77_nllb200_translation,disposable_card_limits,activate_my_card,,,,,,intent,11,66
transformer,banking77mt-ml-Mlym-38120-q0,എന്നെ കുറിച്ചുള്ള വിവരങ്ങള് കൂടുതല് ചോദിക്കുന്നു എന്ന് തോന്നുന്നുണ്ടോ?,ml-Mlym,banking77_nllb200_translation,why_verify_identity,edit_personal_details,,,,,,intent,13,70
transformer,banking77mt-te-Telu-38160-q0,నేను అన్ని ATMs వద్ద నా మార్చవచ్చు?,te-Telu,banking77_nllb200_translation,change_pin,automatic_top_up,,,,,,intent,12,35
transformer,banking77mt-ml-Mlym-38253-q0,എങ്ങനെ എന്റെ സുഹൃത്ത് എനിക്ക് പണം അയക്കും?,ml-Mlym,banking77_nllb200_translation,receiving_money,verify_source_of_funds,,,,,,intent,11,42
transformer,banking77mt-bn-Beng-38304-q0,আমার পেমেন্ট আটকে আছে।,bn-Beng,banking77_nllb200_translation,pending_card_payment,card_payment_not_recognised,,,,,,intent,7,22
transformer,banking77mt-hi-Deva-38321-q0,"नमस्ते. मैंने अभी एक एटीएम से नकदी निकाली और गलत राशि प्राप्त की. हालांकि, मेरा ऐप सही राशि दिखाता है जिसे मैंने निकाला है. मैं शेष नकदी कैसे प्राप्त करूं?",hi-Deva,banking77_nllb200_translation,wrong_amount_of_cash_received,balance_not_updated_after_cheque_or_cash_deposit,,,,,,intent,37,155
transformer,banking77mt-ml-Mlym-38342-q0,"എന്റെ പി. ഐ. എൻ എങ്ങനെ റീസെറ്റ് ചെയ്യാം, എനിക്ക് എന്റെ കാർഡ് ഉപയോഗിക്കാന് പറ്റുന്നില്ലല്ലോ?",ml-Mlym,banking77_nllb200_translation,pin_blocked,get_physical_card,,,,,,intent,23,91
transformer,banking77mt-ml-Mlym-38365-q0,എനിക്ക് ഈ കാർഡ് ഉപയോഗിക്കാവുന്ന ചില എടിഎമ്മുകളുണ്ടോ?,ml-Mlym,banking77_nllb200_translation,atm_support,getting_spare_card,,,,,,intent,15,52
transformer,banking77mt-kn-Knda-38493-q0,"ನಾನು ನನ್ನ ಗುರುತನ್ನು ಪರಿಶೀಲಿಸಲು ಬಯಸಿದರೆ, ನನಗೆ ಏನು ಬೇಕು?",kn-Knda,banking77_nllb200_translation,verify_my_identity,why_verify_identity,,,,,,intent,17,54
transformer,banking77mt-hi-Deva-38539-q0,मैं अपना कार्ड चोरी होने की सूचना कैसे दे सकता हूँ? मैंने पहले पुलिस को सूचना दी।,hi-Deva,banking77_nllb200_translation,lost_or_stolen_card,card_not_working,,,,,,intent,21,81
transformer,banking77-en-Latn-38578-q0,"I have lost my card, but need to place an online order! How do I get a virtual card instantly?",en-Latn,banking77_english,getting_virtual_card,activate_my_card,,,,,,intent,25,94
transformer,banking77mt-hi-Deva-38597-q0,क्या आप मुझे मेरा कार्ड दे सकते हैं?,hi-Deva,banking77_nllb200_translation,card_delivery_estimate,getting_spare_card,,,,,,intent,11,36
transformer,banking77-en-Latn-38600-q0,Can i get a throw away card,en-Latn,banking77_english,get_disposable_virtual_card,card_about_to_expire,,,,,,intent,9,27
transformer,banking77mt-hi-Deva-38626-q0,"मैं पहले संपर्क रहित का उपयोग करने की कोशिश कर रहा था, लेकिन यह काम नहीं किया.",hi-Deva,banking77_nllb200_translation,contactless_not_working,apple_pay_or_google_pay,,,,,,intent,21,78
transformer,banking77mt-ml-Mlym-38684-q0,എന്തിന് ഒരു പണ കൈമാറ്റം ലഭ്യമാണ് എന്ന് എനിക്ക് അറിയണം.,ml-Mlym,banking77_nllb200_translation,pending_transfer,card_payment_wrong_exchange_rate,,,,,,intent,15,54
transformer,banking77mt-te-Telu-38708-q0,ఎందుకు నా రీ-అప్ ఇప్పటికీ పెండింగ్లో ఉంది?,te-Telu,banking77_nllb200_translation,pending_top_up,top_up_failed,,,,,,intent,15,42
transformer,banking77mt-bn-Beng-38808-q0,মুদ্রা বিনিময় কি অতিরিক্ত খরচ করে?,bn-Beng,banking77_nllb200_translation,exchange_charge,card_payment_wrong_exchange_rate,,,,,,intent,9,35
transformer,banking77mt-hi-Deva-38888-q0,मैं एक बार के लेनदेन के लिए वर्चुअल कार्ड कैसे प्राप्त कर सकता हूँ?,hi-Deva,banking77_nllb200_translation,get_disposable_virtual_card,activate_my_card,,,,,,intent,17,67
transformer,banking77mt-hi-Deva-38934-q0,मेरे स्टेटमेंट पर यह नकदी निकासी क्या है?,hi-Deva,banking77_nllb200_translation,cash_withdrawal_not_recognised,balance_not_updated_after_cheque_or_cash_deposit,,,,,,intent,12,41
transformer,banking77mt-ta-Taml-38937-q0,நான் இன்னும் உடல் அட்டைகள் விரும்புகிறேன்,ta-Taml,banking77_nllb200_translation,getting_spare_card,card_arrival,,,,,,intent,7,41
transformer,banking77mt-ta-Taml-38988-q0,ஆப்பிள் பே மேலதிக ஊதியத்திற்கு தகுதியுடையதா?,ta-Taml,banking77_nllb200_translation,apple_pay_or_google_pay,receiving_money,,,,,,intent,11,44
transformer,banking77mt-hi-Deva-38999-q0,मुझे धनवापसी दे दो,hi-Deva,banking77_nllb200_translation,request_refund,transaction_charged_twice,,,,,,intent,9,18
transformer,banking77mt-ta-Taml-39098-q0,எனது அறிக்கையில் ஏன் 1 யூரோ கூடுதல் கட்டணம் உள்ளது என்பதை தயவுசெய்து எனக்கு விளக்க முடியுமா?,ta-Taml,banking77_nllb200_translation,extra_charge_on_statement,card_payment_fee_charged,,,,,,intent,18,92
transformer,banking77mt-te-Telu-39161-q0,నేను అనువర్తనానికి ఒక కార్డును ఎలా జోడిస్తాను?,te-Telu,banking77_nllb200_translation,card_linking,activate_my_card,,,,,,intent,14,46
transformer,banking77mt-te-Telu-39233-q0,నేను ఈ అంశం వాపసు అవసరం,te-Telu,banking77_nllb200_translation,request_refund,card_payment_fee_charged,,,,,,intent,10,23
transformer,banking77mt-ml-Mlym-39238-q0,"വേഗം പണം തിരികെ തരൂ, ഞാൻ കാത്തിരിക്കുകയാണ്.",ml-Mlym,banking77_nllb200_translation,Refund_not_showing_up,request_refund,,,,,,intent,13,43
transformer,banking77-en-Latn-39287-q0,"Visa and MasterCard, can I get them both?",en-Latn,banking77_english,visa_or_mastercard,getting_spare_card,,,,,,intent,14,41
transformer,banking77mt-kn-Knda-39308-q0,ನನ್ನ ಕಾರ್ಡಿನಲ್ಲಿ ನಾನು ಅನುಮೋದಿಸದ ಪಾವತಿ ಇದೆ ಎಂದು ನಾನು ಭಾವಿಸುತ್ತೇನೆ. ನಾನು ವಹಿವಾಟಿಗೆ ಲಗತ್ತಿಸಲಾದ ಹೆಸರನ್ನು ಗುರುತಿಸುವುದಿಲ್ಲ.,kn-Knda,banking77_nllb200_translation,card_payment_not_recognised,transaction_charged_twice,,,,,,intent,31,117
transformer,banking77mt-te-Telu-39333-q0,నేను మోసం ద్వారా నా డెబిట్ స్టేట్మెంట్ ఆరోపించారు ఉండవచ్చు.,te-Telu,banking77_nllb200_translation,direct_debit_payment_not_recognised,balance_not_updated_after_cheque_or_cash_deposit,,,,,,intent,15,59
transformer,banking77mt-ml-Mlym-39367-q0,"ഹായ്, ഞാൻ എന്റെ കാർഡ് ഉപയോഗിക്കാൻ ശ്രമിച്ചു പക്ഷെ അത് എടിഎം വഴി നിരസിക്കപ്പെട്ടു. ഞാൻ രണ്ട് വ്യത്യസ്ത എടിഎമ്മുകളുമായി ക്രോസ് ചെക്ക് ചെയ്തു പക്ഷെ ഞാൻ ഒരേ പ്രശ്നത്തെ അഭിമുഖീകരിച്ചു. ദയവായി എന്റെ അക്കൌണ്ട് പരിശോധിക്കാമോ?",ml-Mlym,banking77_nllb200_translation,declined_cash_withdrawal,balance_not_updated_after_cheque_or_cash_deposit,,,,,,intent,57,217
transformer,banking77mt-te-Telu-39445-q0,అప్లికేషన్ నేను ఒక లబ్ధిదారునికి డబ్బు బదిలీ అనుమతించదు,te-Telu,banking77_nllb200_translation,beneficiary_not_allowed,balance_not_updated_after_bank_transfer,,,,,,intent,16,55
transformer,banking77mt-te-Telu-39554-q0,ఈ అదనపు 1 యూరో ఫీజు ఏమిటి?,te-Telu,banking77_nllb200_translation,extra_charge_on_statement,card_payment_fee_charged,,,,,,intent,12,26
transformer,banking77mt-ta-Taml-39569-q0,ஏன் என் அட்டை தொடர்ந்து நிராகரிக்கப்படுகிறது? நான் அங்கு போதுமான பணம் இருந்தது நினைத்தேன் ஆனால் நான் பல முறை இப்போது முயற்சி மற்றும் அது இன்னும் வேலை செய்யவில்லை.,ta-Taml,banking77_nllb200_translation,declined_transfer,card_payment_not_recognised,,,,,,intent,30,162
transformer,banking77-en-Latn-39671-q0,There is a cash withdrawal transaction that I am unsure of.,en-Latn,banking77_english,cash_withdrawal_not_recognised,balance_not_updated_after_cheque_or_cash_deposit,,,,,,intent,15,59
transformer,banking77mt-bn-Beng-39745-q0,আমার একটা ট্রান্সফার বাতিল করতে হবে।,bn-Beng,banking77_nllb200_translation,cancel_transfer,balance_not_updated_after_bank_transfer,,,,,,intent,9,36
transformer,banking77mt-bn-Beng-39753-q0,কবে ডেলিভারি হবে?,bn-Beng,banking77_nllb200_translation,card_delivery_estimate,transfer_timing,,,,,,intent,6,17
transformer,banking77mt-ta-Taml-39821-q0,செயலியில் USD மற்றும் GBP ஐ எவ்வாறு மாற்றுவது?,ta-Taml,banking77_nllb200_translation,exchange_via_app,exchange_rate,,,,,,intent,13,46
transformer,banking77mt-te-Telu-39822-q0,"నేను ఒక వీసా కార్డు పొందాలనుకుంటున్నాను, దయచేసి.",te-Telu,banking77_nllb200_translation,visa_or_mastercard,getting_spare_card,,,,,,intent,19,48
transformer,banking77mt-te-Telu-39837-q0,మార్పిడి రేటు ఎలా నిర్ణయించబడుతుందో దయచేసి నాకు చెప్పండి. లావాదేవీ కోసం నేను ఎక్కువ డబ్బు ఆశించాను.,te-Telu,banking77_nllb200_translation,wrong_exchange_rate_for_cash_withdrawal,card_payment_wrong_exchange_rate,,,,,,intent,33,99
transformer,banking77mt-hi-Deva-39879-q0,मुझे लगता है कि किसी ने मेरे कार्ड या कुछ क्लोन किया हो सकता है. मेरा कार्ड खो नहीं है लेकिन मैं सिर्फ $ 500 नकद निकासी का एक शुल्क देखा. क्या आप मेरी मदद कर सकते हैं?,hi-Deva,banking77_nllb200_translation,cash_withdrawal_not_recognised,transaction_charged_twice,,,,,,intent,44,167
transformer,banking77mt-ml-Mlym-39892-q0,എനിക്ക് ഒരു ഗുണഭോക്താവിന് പണം കൈമാറാൻ അനുവാദമുണ്ടോ?,ml-Mlym,banking77_nllb200_translation,beneficiary_not_allowed,transfer_timing,,,,,,intent,17,51
transformer,banking77mt-ta-Taml-39920-q0,நீங்கள் விநியோகத்தில் அட்டை பற்றி தகவல் இருக்கிறதா?,ta-Taml,banking77_nllb200_translation,card_arrival,getting_spare_card,,,,,,intent,10,51
transformer,banking77mt-bn-Beng-40029-q0,আমার কার্ডে টাকা যোগ করতে কত খরচ হয়,bn-Beng,banking77_nllb200_translation,top_up_by_card_charge,getting_spare_card,,,,,,intent,11,36
transformer,banking77mt-hi-Deva-40098-q0,मैं पैसे क्यों नहीं निकाल सकता?,hi-Deva,banking77_nllb200_translation,declined_cash_withdrawal,balance_not_updated_after_cheque_or_cash_deposit,,,,,,intent,9,31
transformer,banking77-en-Latn-40114-q0,If there isn't much money left can it automatically top-up?,en-Latn,banking77_english,automatic_top_up,apple_pay_or_google_pay,,,,,,intent,17,59
transformer,banking77mt-bn-Beng-40121-q0,অ্যাপ্লিকেশনে আমি যে কার্ড পেয়েছি তা কিভাবে দেখব?,bn-Beng,banking77_nllb200_translation,card_linking,activate_my_card,,,,,,intent,14,50
transformer,banking77mt-ml-Mlym-40147-q0,ഒരു പിൻവലിക്കൽ കാത്തിരിക്കുന്നു.,ml-Mlym,banking77_nllb200_translation,pending_cash_withdrawal,pending_card_payment,,,,,,intent,10,32
transformer,synthetic-hi-Latn-4358,"Transaction failed hui par service charge kat li, kaise wapas milegi? Jaldi batao.",hi-Latn,synthetic_llm_generated,,,high,critical,1,1,0.9709,urgency|urgency_overpredicted,23,82
transformer,synthetic-hi-Latn-4730,"ma'am mere se 5000 rupaye double debit hua hai, ek baar merchant ke paas gaya hi nahi",hi-Latn,synthetic_llm_generated,,,critical,high,1,1,0.9596,urgency,22,85
transformer,synthetic-hi-Deva-9773,UPI पिन को लेकर भूल गया। कैसे रीसेट करूं? कृपया मार्गदर्शन करें।,hi-Deva,synthetic_llm_generated,,,medium,high,0,1,0.8553,urgency|escalation|false_escalation|urgency_overpredicted,19,64
transformer,synthetic-hi-Latn-12554,ye COD order cancel kaise karo? delivery agent ne mana kiya last time!,hi-Latn,synthetic_llm_generated,,,medium,high,,,,urgency|urgency_overpredicted,18,70
transformer,synthetic-hi-Latn-20787,refund kab tak aayega? 10 din ho gaye cancel kiya tha,hi-Latn,synthetic_llm_generated,,,medium,high,,,,urgency|urgency_overpredicted,14,53
transformer,synthetic-hi-Latn-22942,"App ke notification nahi aate, kya setting me problem hai?",hi-Latn,synthetic_llm_generated,,,very_low,medium,,,,urgency|urgency_overpredicted,14,58
transformer,synthetic-hi-Deva-25334,दो बार 200 रुपये का डेबिट हुआ है। मैंने एक बार भुगतान किया था। कृपया जांचें।,hi-Deva,synthetic_llm_generated,,,high,critical,1,1,0.9528,urgency|urgency_overpredicted,22,76
transformer,synthetic-hi-Latn-25838,"merchant ne double charge kiya, refund chahiye",hi-Latn,synthetic_llm_generated,,,high,critical,1,1,0.9672,urgency|urgency_overpredicted,10,46
transformer,synthetic-hi-Deva-28025,"पैकेट खराब था, लेकिन मैंने वापसी की तारीख निकलने से पहले ऐप पर रिपोर्ट कर दिया था।",hi-Deva,synthetic_llm_generated,,,medium,high,0,1,0.8336,urgency|escalation|false_escalation|urgency_overpredicted,21,82
transformer,synthetic-hi-Deva-33793,"मुझे प्रोमो कोड लागू करने में समस्या आ रही है, कृपया समाधान दें।",hi-Deva,synthetic_llm_generated,,,low,medium,0,0,0.073,urgency|urgency_overpredicted,18,64
transformer,synthetic-hi-Latn-34404,"refund ke liye 3 week ho gaye, abhi bhi paise nahi aaye",hi-Latn,synthetic_llm_generated,,,critical,high,,,,urgency,15,55
transformer,synthetic-hi-Deva-34656,"मुझे अपने UPI पिन भूल गया हूं, कैसे बहाल करें?",hi-Deva,synthetic_llm_generated,,,high,medium,1,0,0.4069,urgency|escalation|missed_escalation,15,46
transformer,synthetic-hi-Deva-37139,पेमेंट किया था लेकिन ऑर्डर कैंसिल हो गया। पैसा वापस मिलेगा?,hi-Deva,synthetic_llm_generated,,,high,critical,1,1,0.9687,urgency|urgency_overpredicted,16,59
transformer,synthetic-hi-Latn-38133,Mujhe credit card se 1000 extra charge kiya gaya hai. Iska kya?,hi-Latn,synthetic_llm_generated,,,,,0,1,0.96,escalation|false_escalation,18,63
transformer,synthetic-hi-Latn-39758,"Refund pending hai 2 din ho gaye, kya situation hai?",hi-Latn,synthetic_llm_generated,,,,,0,1,0.6307,escalation|false_escalation,15,52
transformer,synthetic-hi-Latn-39891,"mera account se 2000 rs kat gaye lekin order nahi kiya, kya hua?",hi-Latn,synthetic_llm_generated,,,critical,high,,,,urgency,19,64
